gender,no_of_dependents,education,self_employed,income_annum,loan_amount,loan_term,cibil_score,total_assets,loan_status,loan_to_income_ratio,asset_to_loan_ratio
Male,0.4,Graduate,No,0.9690721649484536,0.7551020408163265,0.5555555555555556,0.7966666666666669,0.5570321151716501,Approved,0.6460000000000001,0.19239373601789708
Female,0.0,Not Graduate,Yes,0.4020618556701031,0.3035714285714286,0.3333333333333333,0.19500000000000006,0.18383167220376526,Rejected,0.5904,0.13077079520032545
Male,0.6000000000000001,Graduate,No,0.9175257731958762,0.75,1.0,0.3433333333333334,0.6345514950166113,Approved,0.7056,0.24262761846654465
Male,0.6000000000000001,Graduate,No,0.8247422680412371,0.7755102040816326,0.3333333333333333,0.27833333333333343,0.5791805094130676,Approved,0.8976000000000002,0.19666463290624367
Male,1.0,Not Graduate,Yes,0.9896907216494845,0.6096938775510203,1.0,0.13666666666666671,0.6046511627906977,Rejected,0.38759999999999994,0.30974171242627624
Female,0.0,Graduate,Yes,0.4742268041237114,0.33673469387755106,0.4444444444444445,0.03166666666666673,0.3709856035437431,Approved,0.5247999999999999,0.3581452104942038
Male,1.0,Graduate,No,0.8762886597938144,0.8341836734693877,0.1111111111111111,0.6300000000000001,0.7796234772978959,Approved,0.9172,0.28370957901159244
Male,0.4,Graduate,Yes,0.5670103092783505,0.375,1.0,0.13666666666666671,0.4019933554817276,Approved,0.4528000000000001,0.345129143786862
Male,0.0,Graduate,Yes,0.061855670103092786,0.04846938775510204,1.0,0.8033333333333335,0.05647840531561463,Approved,0.5,0.35590807402887936
Female,1.0,Not Graduate,No,0.09278350515463918,0.10204081632653061,0.4444444444444445,0.14666666666666672,0.10077519379844961,Rejected,0.9636,0.29672564571893434
Male,0.8,Graduate,Yes,0.27835051546391754,0.2780612244897959,0.0,0.41166666666666674,0.27685492801771877,Rejected,0.9448000000000001,0.3087248322147651
Male,0.4,Not Graduate,Yes,0.6701030927835051,0.5714285714285714,0.8888888888888888,0.3966666666666667,0.5260243632336656,Approved,0.7551999999999999,0.2765914175310148
Male,0.6000000000000001,Not Graduate,Yes,0.49484536082474223,0.288265306122449,0.7777777777777777,0.018333333333333313,0.3820598006644519,Rejected,0.32799999999999985,0.4594264795607077
Male,0.4,Graduate,Yes,0.9175257731958762,0.7959183673469388,0.6666666666666665,0.6316666666666668,0.5858250276854928,Approved,0.7848000000000002,0.19158023184868825
Female,0.2,Not Graduate,No,0.17525773195876287,0.18112244897959182,0.2222222222222222,0.28166666666666673,0.11627906976744187,Rejected,0.958,0.1470408785845028
Male,1.0,Not Graduate,No,0.4639175257731959,0.2653061224489796,0.4444444444444445,0.8233333333333335,0.3322259136212625,Rejected,0.31079999999999997,0.42525930445393534
Female,0.4,Graduate,Yes,0.03092783505154639,0.033163265306122444,0.1111111111111111,0.605,0.03322259136212625,Rejected,0.6800000000000002,0.2796420581655481
Female,0.8,Not Graduate,Yes,0.27835051546391754,0.23214285714285712,0.6666666666666665,0.8,0.18050941306755264,Rejected,0.6964000000000001,0.20886719544437668
Female,0.4,Graduate,No,0.2577319587628866,0.25510204081632654,0.4444444444444445,0.7266666666666668,0.11184939091915837,Rejected,0.9259999999999999,0.0547081553792963
Male,1.0,Graduate,No,0.6288659793814433,0.364795918367347,0.5555555555555556,0.5866666666666667,0.4739756367663345,Rejected,0.3268,0.44925767744559697
Female,0.4,Graduate,No,0.49484536082474223,0.4872448979591837,0.5555555555555556,0.025000000000000022,0.3853820598006645,Rejected,0.952,0.21639210900955871
Male,0.8,Graduate,No,0.5773195876288659,0.3494897959183674,0.7777777777777777,0.3833333333333334,0.46843853820598014,Rejected,0.36560000000000004,0.4677648972950986
Female,0.8,Graduate,Yes,0.6494845360824741,0.6479591836734694,0.8888888888888888,0.018333333333333313,0.469545957918051,Rejected,0.9816,0.18608907870652838
Female,0.0,Not Graduate,Yes,0.03092783505154639,0.028061224489795915,0.0,0.41833333333333345,0.027685492801771877,Rejected,0.5199999999999998,0.2686597518812285
Female,0.0,Not Graduate,No,0.4845360824742268,0.2423469387755102,0.7777777777777777,0.040000000000000036,0.28128460686600226,Rejected,0.19999999999999996,0.3829570876550742
Female,1.0,Not Graduate,No,0.29896907216494845,0.2346938775510204,1.0,0.3566666666666667,0.21926910299003324,Rejected,0.6259999999999999,0.27984543420785035
Female,0.8,Graduate,No,0.8247422680412371,0.7091836734693877,0.5555555555555556,0.6600000000000001,0.6002214839424143,Approved,0.7707999999999999,0.24262761846654465
Female,0.8,Not Graduate,Yes,0.2268041237113402,0.13520408163265304,0.1111111111111111,0.6033333333333335,0.17940199335548176,Rejected,0.33320000000000005,0.450274557657108
Female,1.0,Not Graduate,Yes,0.7010309278350515,0.6045918367346939,0.2222222222222222,0.06000000000000005,0.5647840531561462,Rejected,0.7715999999999998,0.2830994508846858
Female,0.6000000000000001,Not Graduate,Yes,0.9072164948453608,0.7959183673469388,0.4444444444444445,0.9166666666666667,0.8361018826135106,Approved,0.8,0.33760423022167996
Male,0.4,Not Graduate,No,0.9896907216494845,0.6377551020408163,0.5555555555555556,0.021666666666666723,0.6622369878183832,Rejected,0.43279999999999985,0.3312995729103112
Male,0.4,Graduate,No,0.5670103092783505,0.29846938775510207,0.2222222222222222,0.1050000000000001,0.40531561461794025,Approved,0.242,0.4744763066910719
Female,0.2,Not Graduate,Yes,0.061855670103092786,0.033163265306122444,0.4444444444444445,0.22666666666666668,0.04097452934662237,Rejected,0.19999999999999996,0.36851738865161676
Female,1.0,Not Graduate,Yes,0.845360824742268,0.5535714285714285,0.0,0.8833333333333335,0.3610188261351052,Approved,0.4476,0.1525320317266626
Female,0.6000000000000001,Graduate,No,0.4845360824742268,0.29591836734693877,0.3333333333333333,0.52,0.39091915836101887,Approved,0.37159999999999993,0.4575960951799878
Male,0.4,Graduate,Yes,0.15463917525773194,0.07908163265306123,0.3333333333333333,0.6516666666666668,0.132890365448505,Approved,0.19999999999999996,0.5891803945495221
Female,0.6000000000000001,Not Graduate,No,0.14432989690721648,0.15051020408163265,0.8888888888888888,0.56,0.11517165005537099,Rejected,0.95,0.2017490339637991
Male,1.0,Graduate,Yes,0.8041237113402061,0.6862244897959183,0.2222222222222222,0.08000000000000007,0.33333333333333337,Rejected,0.76,0.07545251169412245
Male,1.0,Graduate,No,0.3505154639175258,0.18877551020408162,0.7777777777777777,0.8833333333333335,0.230343300110742,Rejected,0.2555999999999998,0.4073622127313403
Male,0.6000000000000001,Not Graduate,Yes,0.13402061855670103,0.12244897959183675,0.2222222222222222,0.08666666666666667,0.07087486157253599,Rejected,0.76,0.11856823266219238
Male,0.2,Graduate,No,0.7835051546391752,0.45408163265306123,0.0,0.6866666666666668,0.5548172757475084,Approved,0.3284,0.41488712629652225
Male,0.4,Not Graduate,No,0.9175257731958762,0.6275510204081632,0.7777777777777777,0.8700000000000001,0.7774086378737542,Approved,0.49439999999999995,0.42403904820012206
Female,0.6000000000000001,Graduate,No,0.12371134020618556,0.07908163265306123,0.2222222222222222,0.4,0.0664451827242525,Rejected,0.37159999999999993,0.2302216798861094
Female,0.4,Graduate,Yes,0.061855670103092786,0.05102040816326531,0.5555555555555556,0.07000000000000006,0.06312292358803986,Rejected,0.55,0.3868212324588164
Female,1.0,Graduate,No,0.6494845360824741,0.33418367346938777,0.8888888888888888,0.8116666666666668,0.4396456256921374,Approved,0.2247999999999999,0.45617246288387225
Female,0.8,Graduate,No,0.8041237113402061,0.7015306122448979,0.7777777777777777,0.05166666666666675,0.566998892580288,Rejected,0.79,0.22493390278625183
Female,0.6000000000000001,Not Graduate,Yes,0.4123711340206186,0.364795918367347,0.2222222222222222,0.6316666666666668,0.24916943521594687,Rejected,0.7904,0.1663616026032134
Male,0.2,Graduate,Yes,0.4845360824742268,0.4795918367346939,0.6666666666666665,0.6283333333333334,0.4241417497231451,Approved,0.9592,0.25950782997762867
Female,0.6000000000000001,Not Graduate,No,0.5463917525773195,0.5153061224489796,0.5555555555555556,0.5566666666666666,0.39534883720930236,Rejected,0.8908,0.20561317876754118
Female,0.2,Not Graduate,Yes,0.9587628865979381,0.4795918367346939,0.7777777777777777,0.6033333333333335,0.6600221483942414,Approved,0.20440000000000003,0.4862721171446004
Male,0.8,Graduate,No,0.7319587628865979,0.6403061224489796,0.7777777777777777,0.33666666666666667,0.36434108527131787,Rejected,0.7916000000000001,0.11409395973154365
Female,0.4,Graduate,No,0.8762886597938144,0.6224489795918366,0.4444444444444445,0.2250000000000001,0.4761904761904762,Approved,0.5355999999999999,0.20479967459833234
Male,1.0,Not Graduate,No,0.3711340206185567,0.18622448979591835,0.1111111111111111,0.6483333333333334,0.23366555924695462,Rejected,0.19999999999999996,0.4228187919463088
Female,0.2,Not Graduate,Yes,0.845360824742268,0.5790816326530612,0.5555555555555556,0.595,0.7740863787375416,Approved,0.49519999999999986,0.46918852959121415
Male,0.4,Graduate,Yes,0.5051546391752577,0.49489795918367346,1.0,0.4833333333333334,0.4330011074197121,Approved,0.9452,0.2552369330892821
Female,1.0,Not Graduate,No,0.6701030927835051,0.6173469387755102,0.5555555555555556,0.8633333333333335,0.3200442967884829,Rejected,0.8628,0.09070571486678869
Female,0.4,Not Graduate,No,0.422680412371134,0.26275510204081637,0.8888888888888888,0.21833333333333338,0.19601328903654489,Rejected,0.3859999999999999,0.1948342485255237
Male,1.0,Graduate,Yes,0.9381443298969072,0.770408163265306,0.8888888888888888,0.9016666666666668,0.8028792912513844,Approved,0.712,0.3335367093756356
Male,0.2,Graduate,No,0.7422680412371133,0.46173469387755106,1.0,0.20166666666666666,0.540420819490587,Approved,0.3944000000000001,0.3912955053894651
Male,0.8,Not Graduate,Yes,0.5463917525773195,0.4566326530612245,0.7777777777777777,0.8283333333333334,0.30786267995570327,Approved,0.7236,0.16249745779947125
Male,0.4,Not Graduate,No,0.8556701030927835,0.4744897959183674,0.8888888888888888,0.29666666666666675,0.8527131782945737,Approved,0.2896000000000001,0.6802928615009152
Male,0.6000000000000001,Not Graduate,Yes,0.9690721649484536,0.770408163265306,0.8888888888888888,0.615,0.4651162790697675,Approved,0.6708000000000001,0.13016066707341875
Male,1.0,Not Graduate,Yes,0.8865979381443299,0.7295918367346939,0.2222222222222222,0.10833333333333339,0.7165005537098561,Rejected,0.7136,0.3056741915802319
Male,0.6000000000000001,Not Graduate,Yes,0.3195876288659794,0.18367346938775508,1.0,0.4766666666666667,0.22369878183831676,Rejected,0.30920000000000003,0.40614195647752693
Male,0.8,Graduate,Yes,0.3814432989690722,0.30612244897959184,0.8888888888888888,0.8066666666666666,0.3322259136212625,Approved,0.6616,0.35021354484441736
Female,0.2,Graduate,No,0.4020618556701031,0.25510204081632654,0.5555555555555556,0.10666666666666669,0.36434108527131787,Rejected,0.40480000000000005,0.5049827130364043
Female,0.6000000000000001,Not Graduate,No,0.8350515463917525,0.7346938775510203,0.4444444444444445,0.6916666666666667,0.593576965669989,Approved,0.8024,0.22493390278625183
Male,0.0,Not Graduate,Yes,0.2577319587628866,0.24999999999999997,1.0,0.655,0.09745293466223699,Approved,0.8964000000000001,0.03274354281065692
Female,0.8,Graduate,No,0.556701030927835,0.30867346938775514,0.1111111111111111,0.7950000000000002,0.2823920265780731,Approved,0.28559999999999997,0.2723205206426683
Female,0.0,Graduate,No,0.17525773195876287,0.11989795918367348,0.5555555555555556,0.020000000000000018,0.1517165005537099,Rejected,0.4528000000000001,0.42098840756558875
Female,0.8,Not Graduate,Yes,0.03092783505154639,0.030612244897959183,1.0,0.06666666666666665,0.026578073089700997,Rejected,0.6000000000000001,0.2271710392515762
Female,1.0,Graduate,Yes,0.5257731958762886,0.4668367346938776,0.1111111111111111,0.14333333333333342,0.31118493909191586,Rejected,0.8035999999999999,0.15904006508033355
Male,1.0,Not Graduate,No,0.7010309278350515,0.45918367346938777,0.1111111111111111,0.19666666666666666,0.6511627906976745,Rejected,0.4456,0.5053894651210087
Female,0.6000000000000001,Not Graduate,Yes,0.5773195876288659,0.41836734693877553,0.7777777777777777,0.7250000000000001,0.3444075304540421,Approved,0.5515999999999999,0.23103518405531828
Male,0.4,Not Graduate,No,0.24742268041237112,0.20663265306122447,0.2222222222222222,0.32333333333333336,0.19379844961240314,Rejected,0.6923999999999999,0.2808623144193614
Female,0.4,Not Graduate,No,0.17525773195876287,0.15816326530612243,0.8888888888888888,0.6183333333333334,0.09523809523809525,Rejected,0.7684,0.12914378686190767
Female,0.8,Graduate,No,0.5670103092783505,0.36989795918367346,0.7777777777777777,0.6616666666666668,0.45293466223698786,Approved,0.4383999999999999,0.4150905023388245
Female,0.0,Graduate,No,0.9072164948453608,0.846938775510204,0.3333333333333333,0.8350000000000002,0.7375415282392027,Approved,0.8888,0.25422005287777105
Male,0.4,Not Graduate,No,0.8556701030927835,0.7423469387755102,0.5555555555555556,0.4600000000000001,0.6312292358803987,Approved,0.7836000000000001,0.24445800284726463
Female,0.0,Not Graduate,No,0.05154639175257732,0.028061224489795915,0.6666666666666665,0.5650000000000002,0.060908084163898125,Rejected,0.19999999999999996,0.7044946105348792
Male,0.8,Graduate,No,0.3402061855670103,0.2193877551020408,0.1111111111111111,0.28333333333333344,0.19269102990033224,Rejected,0.4172,0.25422005287777105
Female,0.0,Not Graduate,No,0.8865979381443299,0.7882653061224489,0.1111111111111111,0.8766666666666667,0.4972314507198229,Approved,0.8180000000000001,0.1427699816961562
Male,0.4,Not Graduate,Yes,0.9999999999999999,0.5331632653061225,0.7777777777777777,0.1050000000000001,0.7740863787375416,Approved,0.25639999999999996,0.5218629245474883
Female,0.6000000000000001,Graduate,No,0.3505154639175258,0.211734693877551,1.0,0.5216666666666667,0.25359911406423036,Rejected,0.3555999999999999,0.39841366687004276
Male,0.6000000000000001,Not Graduate,Yes,0.288659793814433,0.20153061224489796,0.7777777777777777,0.6883333333333335,0.2779623477297896,Rejected,0.4932000000000001,0.47996745983323164
Male,0.4,Graduate,No,0.6804123711340205,0.5331632653061225,0.7777777777777777,0.2316666666666667,0.5348837209302326,Approved,0.6472,0.31462273744152947
Female,1.0,Not Graduate,Yes,0.09278350515463918,0.08928571428571429,0.8888888888888888,0.14500000000000002,0.08305647840531562,Rejected,0.782,0.27028676021964615
Male,0.2,Not Graduate,Yes,0.8762886597938144,0.7142857142857143,0.3333333333333333,0.17000000000000004,0.7940199335548174,Approved,0.7012,0.3656701240593858
Female,0.8,Graduate,Yes,0.18556701030927833,0.19642857142857142,0.2222222222222222,0.895,0.15614617940199338,Rejected,1.0,0.21598535692495427
Female,0.4,Not Graduate,No,0.9896907216494845,0.9515306122448979,0.4444444444444445,0.5683333333333334,0.6057585825027686,Approved,0.9348000000000001,0.14541387024608507
Female,0.8,Graduate,No,0.5670103092783505,0.5306122448979591,0.8888888888888888,0.31500000000000006,0.25359911406423036,Rejected,0.8808,0.07199511897498478
Female,0.8,Graduate,No,0.8865979381443299,0.520408163265306,0.8888888888888888,0.4,0.6323366555924697,Approved,0.3407999999999999,0.4124466137888957
Female,0.8,Graduate,No,0.3711340206185567,0.2193877551020408,0.1111111111111111,0.9066666666666667,0.3322259136212625,Approved,0.3368,0.54220052877771
Female,0.2,Graduate,No,0.15463917525773194,0.15561224489795916,0.4444444444444445,0.2533333333333334,0.10299003322259137,Rejected,0.9060000000000001,0.1557860484034981
Female,0.4,Graduate,No,0.08247422680412371,0.04336734693877551,0.4444444444444445,0.10999999999999999,0.06312292358803986,Rejected,0.19999999999999996,0.4677648972950986
Female,1.0,Graduate,No,0.010309278350515465,0.020408163265306124,0.0,0.0,0.014396456256921373,Rejected,0.8668,0.16168395363026236
Female,0.4,Graduate,Yes,0.6597938144329897,0.375,0.8888888888888888,0.28333333333333344,0.3410852713178295,Approved,0.30920000000000003,0.2704901362619484
Female,0.4,Not Graduate,No,0.8762886597938144,0.6301020408163265,1.0,0.935,0.5902547065337763,Approved,0.5496000000000001,0.2843197071384992
Female,0.8,Graduate,No,0.9484536082474226,0.7423469387755102,0.5555555555555556,0.43666666666666676,0.9324473975636768,Approved,0.6512,0.4327842180191174
Male,0.0,Graduate,No,0.4329896907216495,0.2678571428571429,0.6666666666666665,0.2716666666666667,0.28017718715393136,Approved,0.382,0.33150294895261334
Male,0.8,Not Graduate,No,0.020618556701030927,0.015306122448979593,0.5555555555555556,0.29666666666666675,0.018826135105204873,Rejected,0.29999999999999993,0.32194427496440925
Female,0.4,Not Graduate,Yes,0.010309278350515465,0.020408163265306124,0.0,0.6700000000000002,0.008859357696567,Rejected,0.8668,0.06935123042505592
Female,0.4,Not Graduate,Yes,0.422680412371134,0.32142857142857145,1.0,0.53,0.3145071982281285,Rejected,0.6000000000000001,0.30160667073418757
Female,0.8,Graduate,No,0.14432989690721648,0.10714285714285715,0.5555555555555556,0.5550000000000002,0.08859357696567,Rejected,0.5247999999999999,0.2271710392515762
Female,1.0,Not Graduate,Yes,0.6185567010309277,0.5943877551020408,0.4444444444444445,0.05166666666666675,0.6744186046511629,Rejected,0.9224000000000001,0.3756355501321944
Female,0.6000000000000001,Not Graduate,Yes,0.4123711340206186,0.23979591836734693,0.7777777777777777,0.9016666666666668,0.32668881506090813,Approved,0.32399999999999995,0.4742729306487695
Female,0.8,Not Graduate,Yes,0.9072164948453608,0.45408163265306123,0.5555555555555556,0.7733333333333334,0.5437430786267996,Approved,0.20440000000000003,0.4037014439699004
Female,0.0,Graduate,No,0.2577319587628866,0.26275510204081637,0.2222222222222222,0.4850000000000001,0.16943521594684388,Approved,0.9704000000000002,0.14866788692292052
Female,0.2,Graduate,Yes,0.979381443298969,0.9081632653061225,0.0,0.6983333333333335,0.6434108527131783,Approved,0.8804000000000001,0.1789709172259508
Male,0.4,Graduate,No,0.3195876288659794,0.16581632653061223,0.6666666666666665,0.02833333333333332,0.20598006644518274,Rejected,0.22439999999999993,0.41570063046573114
Female,0.0,Not Graduate,No,0.010309278350515465,0.020408163265306124,0.3333333333333333,0.7966666666666669,0.017718715393134,Rejected,0.8668,0.2172056131787676
Male,0.6000000000000001,Graduate,Yes,0.7422680412371133,0.4566326530612245,0.6666666666666665,0.0033333333333334103,0.345514950166113,Rejected,0.38359999999999994,0.20052877770998576
Female,1.0,Not Graduate,No,0.7113402061855669,0.49489795918367346,0.3333333333333333,0.33666666666666667,0.5271317829457365,Rejected,0.51,0.3430953833638397
Female,1.0,Not Graduate,Yes,0.7319587628865979,0.5561224489795918,0.8888888888888888,0.9650000000000001,0.6511627906976745,Approved,0.6108,0.39231238560097614
Male,0.2,Not Graduate,No,0.845360824742268,0.5892857142857143,0.6666666666666665,0.2283333333333334,0.6899224806201552,Approved,0.5144,0.39231238560097614
Female,0.0,Not Graduate,Yes,0.3195876288659794,0.2678571428571429,0.5555555555555556,0.8283333333333334,0.1904761904761905,Approved,0.7092,0.1789709172259508
Male,0.8,Not Graduate,Yes,0.5773195876288659,0.5841836734693877,0.8888888888888888,0.26,0.5537098560354375,Rejected,1.0,0.2892007321537523
Female,0.0,Not Graduate,No,0.04123711340206186,0.033163265306122444,0.2222222222222222,0.5783333333333334,0.043189368770764125,Rejected,0.4667999999999999,0.3941427699816962
Female,0.0,Not Graduate,No,0.7216494845360825,0.39540816326530615,0.5555555555555556,0.1316666666666667,0.5492801771871539,Approved,0.27759999999999996,0.4911531421598536
Male,0.2,Not Graduate,Yes,0.9175257731958762,0.8316326530612245,0.0,0.6950000000000001,0.36877076411960136,Approved,0.8460000000000001,0.05572503559080741
Female,1.0,Graduate,No,0.07216494845360825,0.05102040816326531,0.7777777777777777,0.40833333333333344,0.037652270210409754,Rejected,0.4223999999999999,0.18344519015659957
Male,0.4,Graduate,No,0.061855670103092786,0.07397959183673469,0.3333333333333333,0.02833333333333332,0.04208194905869325,Rejected,1.0,0.11429733577384585
Female,0.2,Not Graduate,No,0.8556701030927835,0.8316326530612245,0.4444444444444445,0.45000000000000007,0.4086378737541529,Approved,0.9483999999999999,0.07809640024405123
Male,0.0,Not Graduate,Yes,0.9072164948453608,0.46938775510204084,0.8888888888888888,0.9416666666666667,0.6489479512735328,Approved,0.23119999999999985,0.48911938173683134
Male,0.6000000000000001,Graduate,No,0.7010309278350515,0.489795918367347,0.6666666666666665,0.6983333333333335,0.5592469545957919,Approved,0.5144,0.3782794386821232
Female,0.6000000000000001,Graduate,No,0.0,0.007653061224489796,0.7777777777777777,0.8683333333333334,0.007751937984496124,Rejected,0.6000000000000001,0.2202562538133008
Female,0.8,Not Graduate,Yes,0.020618556701030927,0.012755102040816325,0.4444444444444445,0.9316666666666669,0.0221483942414175,Rejected,0.19999999999999996,0.4575960951799878
Male,0.6000000000000001,Not Graduate,No,0.5051546391752577,0.4566326530612245,0.4444444444444445,0.15833333333333333,0.32668881506090813,Rejected,0.8275999999999999,0.1816148057758796
Female,0.4,Not Graduate,Yes,0.05154639175257732,0.058673469387755105,0.5555555555555556,0.21500000000000008,0.0664451827242525,Rejected,0.8855999999999999,0.3481797844213952
Female,0.6000000000000001,Graduate,No,0.020618556701030927,0.022959183673469385,0.5555555555555556,0.935,0.018826135105204873,Rejected,0.6000000000000001,0.20337604230221681
Female,0.0,Not Graduate,Yes,0.9587628865979381,0.5229591836734694,0.6666666666666665,0.44166666666666676,0.8183831672203766,Approved,0.27559999999999996,0.5739271913768559
Male,1.0,Graduate,No,0.8865979381443299,0.5688775510204082,0.4444444444444445,0.09500000000000008,0.434108527131783,Rejected,0.4272,0.20378279438682126
Male,0.6000000000000001,Not Graduate,Yes,0.16494845360824742,0.08418367346938777,0.8888888888888888,0.275,0.09634551495016612,Rejected,0.19999999999999996,0.3616026032133415
Male,0.8,Not Graduate,Yes,0.6804123711340205,0.3469387755102041,0.3333333333333333,0.29833333333333334,0.6168327796234774,Approved,0.21760000000000002,0.6682936750050843
Male,0.6000000000000001,Not Graduate,No,0.13402061855670103,0.13265306122448978,0.7777777777777777,0.6950000000000001,0.09080841638981174,Rejected,0.8668,0.1655480984340045
Male,0.6000000000000001,Graduate,No,0.14432989690721648,0.13265306122448978,0.5555555555555556,0.20833333333333337,0.08084163898117387,Rejected,0.7752000000000001,0.13219442749644092
Male,0.4,Not Graduate,No,0.4536082474226804,0.41836734693877553,0.0,0.81,0.28460686600221485,Rejected,0.8519999999999999,0.16534472239170225
Male,1.0,Not Graduate,Yes,0.20618556701030927,0.16326530612244897,0.2222222222222222,0.13666666666666671,0.16611295681063126,Rejected,0.6179999999999999,0.31502948952613385
Male,0.6000000000000001,Not Graduate,Yes,0.27835051546391754,0.20918367346938774,0.5555555555555556,0.44000000000000006,0.14396456256921375,Rejected,0.5724,0.16798861094163112
Male,0.0,Graduate,No,0.0,0.01020408163265306,0.3333333333333333,0.3350000000000001,0.012181616832779624,Rejected,0.8,0.28330282692698794
Female,0.4,Not Graduate,Yes,0.23711340206185563,0.23214285714285712,0.4444444444444445,0.7116666666666667,0.2558139534883721,Approved,0.9039999999999999,0.35590807402887936
Male,0.8,Not Graduate,No,0.3505154639175258,0.18367346938775508,0.2222222222222222,0.99,0.19269102990033224,Rejected,0.23320000000000007,0.3300793166564979
Female,0.0,Graduate,Yes,0.5463917525773195,0.41836734693877553,0.8888888888888888,0.8816666666666668,0.2779623477297896,Approved,0.6144000000000001,0.15802318486882247
Female,0.8,Not Graduate,No,0.6597938144329897,0.4362244897959184,1.0,0.3433333333333334,0.5016611295681064,Rejected,0.4543999999999999,0.38153345535895866
Female,0.4,Graduate,Yes,0.8659793814432989,0.8112244897959183,0.2222222222222222,0.8366666666666667,0.6644518272425249,Approved,0.8932,0.2302216798861094
Male,1.0,Not Graduate,No,0.04123711340206186,0.030612244897959183,0.6666666666666665,0.405,0.035437430786268,Rejected,0.3999999999999999,0.3355704697986577
Male,0.6000000000000001,Graduate,Yes,0.12371134020618556,0.07397959183673469,1.0,0.7866666666666668,0.10631229235880399,Rejected,0.3144,0.48301810046776494
Male,0.6000000000000001,Graduate,No,0.3917525773195876,0.2755102040816327,0.5555555555555556,0.45333333333333337,0.26910299003322263,Rejected,0.51,0.2999796623957698
Male,0.0,Not Graduate,Yes,0.4845360824742268,0.29591836734693877,0.7777777777777777,0.6816666666666666,0.41417497231450723,Approved,0.37159999999999993,0.49339027862517804
Female,1.0,Graduate,No,0.18556701030927833,0.15051020408163265,0.8888888888888888,0.17000000000000004,0.1550387596899225,Rejected,0.6400000000000001,0.3199105145413871
Male,0.2,Not Graduate,Yes,0.5154639175257731,0.48469387755102045,0.3333333333333333,0.30166666666666675,0.513842746400886,Approved,0.8848,0.34065487085621315
Male,1.0,Graduate,Yes,0.8969072164948453,0.7270408163265306,0.2222222222222222,0.7866666666666668,0.5260243632336656,Approved,0.6944000000000001,0.18568232662192394
Male,0.2,Graduate,Yes,0.6494845360824741,0.5178571428571428,0.0,0.010000000000000009,0.4285714285714286,Approved,0.6676,0.2334756965629449
Male,0.4,Not Graduate,No,0.1134020618556701,0.10714285714285715,0.2222222222222222,0.19166666666666676,0.05094130675526025,Rejected,0.7848000000000002,0.07341875127110029
Male,0.6000000000000001,Not Graduate,No,0.9484536082474226,0.8852040816326531,0.7777777777777777,0.41333333333333344,0.6987818383167221,Approved,0.8892,0.21639210900955871
Female,1.0,Not Graduate,No,0.49484536082474223,0.2780612244897959,0.3333333333333333,0.6683333333333334,0.30786267995570327,Rejected,0.29600000000000004,0.3595688427903193
Male,0.4,Graduate,No,0.288659793814433,0.18877551020408162,0.5555555555555556,0.9833333333333334,0.21151716500553713,Approved,0.42680000000000007,0.36241610738255037
Female,1.0,Not Graduate,Yes,0.9999999999999999,0.8418367346938775,0.2222222222222222,0.10666666666666669,0.6611295681063124,Rejected,0.7456,0.21456172462883874
Male,1.0,Graduate,Yes,0.05154639175257732,0.025510204081632654,1.0,0.6733333333333333,0.044296788482835,Rejected,0.14279999999999993,0.5358958714663412
Female,0.6000000000000001,Graduate,Yes,0.3917525773195876,0.26275510204081637,0.4444444444444445,0.030000000000000027,0.21151716500553713,Rejected,0.45999999999999996,0.22167988610941633
Male,1.0,Not Graduate,No,0.29896907216494845,0.23724489795918366,0.0,0.7683333333333333,0.24141749723145076,Rejected,0.6388,0.31767337807606266
Male,0.8,Not Graduate,No,0.443298969072165,0.3775510204081633,0.2222222222222222,0.655,0.31672203765227025,Rejected,0.7424,0.23815334553589593
Female,0.6000000000000001,Not Graduate,No,0.979381443298969,0.5178571428571428,0.7777777777777777,0.3733333333333334,0.7574750830564785,Approved,0.24960000000000004,0.5267439495627415
Female,0.4,Not Graduate,Yes,0.18556701030927833,0.12755102040816327,0.4444444444444445,0.635,0.14507198228128462,Rejected,0.45999999999999996,0.3654667480170837
Female,0.4,Graduate,Yes,0.8144329896907216,0.5612244897959183,0.8888888888888888,0.7283333333333335,0.761904761904762,Approved,0.5012000000000001,0.4785438275371162
Male,0.0,Not Graduate,No,0.5670103092783505,0.3979591836734694,0.7777777777777777,0.5633333333333335,0.3322259136212625,Approved,0.5156000000000001,0.23632296115517595
Female,0.8,Not Graduate,No,0.5773195876288659,0.31887755102040816,0.0,0.5933333333333335,0.26467331118493914,Rejected,0.28279999999999994,0.2334756965629449
Male,0.2,Graduate,No,0.16494845360824742,0.15816326530612243,0.2222222222222222,0.4,0.12624584717607976,Rejected,0.8444,0.2165954850518609
Male,0.8,Not Graduate,Yes,0.9175257731958762,0.8903061224489796,0.2222222222222222,0.06833333333333336,0.35658914728682173,Rejected,0.9472,0.03579418344519017
Female,0.0,Not Graduate,Yes,0.4742268041237114,0.4387755102040817,0.0,0.1183333333333334,0.4462901439645626,Rejected,0.8584,0.3205206426682937
Female,0.6000000000000001,Not Graduate,Yes,0.3711340206185567,0.2602040816326531,0.5555555555555556,0.9766666666666668,0.23588039867109636,Approved,0.5051999999999999,0.2678462477120196
Male,0.0,Not Graduate,No,0.17525773195876287,0.09693877551020409,0.8888888888888888,0.8350000000000002,0.0753045404208195,Rejected,0.2631999999999999,0.20459629855603015
Male,0.6000000000000001,Not Graduate,Yes,0.3505154639175258,0.2346938775510204,0.7777777777777777,0.7466666666666668,0.2436323366555925,Approved,0.4555999999999998,0.3270286760219646
Female,0.4,Not Graduate,Yes,0.7422680412371133,0.711734693877551,0.3333333333333333,0.1266666666666667,0.5437430786267996,Rejected,0.9243999999999999,0.2043929225137279
Female,0.8,Not Graduate,Yes,0.6597938144329897,0.35714285714285715,0.3333333333333333,0.1183333333333334,0.5071982281284607,Rejected,0.2667999999999999,0.5045759609517999
Female,0.4,Graduate,No,0.16494845360824742,0.12755102040816327,0.2222222222222222,0.8766666666666667,0.13953488372093026,Approved,0.5775999999999999,0.34634940004067516
Male,0.8,Not Graduate,No,0.9278350515463917,0.6862244897959183,0.5555555555555556,0.9550000000000001,0.5658914728682172,Approved,0.5828,0.2324588163514338
Male,1.0,Not Graduate,Yes,0.2268041237113402,0.211734693877551,0.3333333333333333,0.015000000000000013,0.1018826135105205,Rejected,0.8332000000000002,0.07443563148261137
Male,0.8,Not Graduate,No,0.556701030927835,0.3316326530612245,1.0,0.9483333333333335,0.4086378737541529,Approved,0.35,0.41793776693105555
Male,1.0,Graduate,No,0.3711340206185567,0.3469387755102041,0.5555555555555556,0.39,0.20155038759689925,Rejected,0.8632,0.11958511287370352
Male,0.6000000000000001,Not Graduate,Yes,0.443298969072165,0.4489795918367347,0.2222222222222222,0.8116666666666668,0.34883720930232565,Approved,0.9912000000000001,0.20988407565588776
Male,0.0,Graduate,Yes,0.07216494845360825,0.04846938775510204,0.7777777777777777,0.44333333333333336,0.03322259136212625,Rejected,0.37759999999999994,0.16168395363026236
Female,0.0,Not Graduate,No,0.26804123711340205,0.24489795918367344,0.3333333333333333,0.7366666666666668,0.15725359911406425,Rejected,0.8144,0.14744763066910724
Male,0.4,Not Graduate,No,0.7525773195876289,0.5816326530612245,0.1111111111111111,0.8733333333333335,0.646733111849391,Approved,0.6320000000000001,0.3650599959324792
Male,0.8,Graduate,No,0.12371134020618556,0.07142857142857144,0.6666666666666665,0.45833333333333337,0.12181616832779625,Rejected,0.28559999999999997,0.5952816758185886
Male,0.4,Graduate,Yes,0.3711340206185567,0.27040816326530615,0.4444444444444445,0.7766666666666668,0.18826135105204875,Approved,0.5471999999999999,0.17205613178767545
Female,0.2,Not Graduate,Yes,0.15463917525773194,0.11989795918367348,0.4444444444444445,0.9800000000000002,0.10741971207087486,Approved,0.5763999999999998,0.2582875737238154
Male,0.6000000000000001,Graduate,Yes,0.9072164948453608,0.7678571428571428,0.2222222222222222,0.5633333333333335,0.7032115171650056,Approved,0.7512000000000001,0.2749644091925971
Male,1.0,Not Graduate,Yes,0.7319587628865979,0.586734693877551,0.2222222222222222,0.5366666666666666,0.611295681063123,Rejected,0.6768000000000001,0.33272320520642673
Female,0.2,Not Graduate,No,0.7422680412371133,0.4974489795918367,0.8888888888888888,0.2633333333333334,0.5548172757475084,Rejected,0.47039999999999993,0.36628025218629245
Male,0.2,Not Graduate,No,0.9072164948453608,0.711734693877551,0.7777777777777777,0.04500000000000004,0.4296788482834995,Rejected,0.6532,0.13016066707341875
Male,0.0,Not Graduate,No,0.288659793814433,0.15816326530612243,0.0,0.52,0.22369878183831676,Approved,0.2667999999999999,0.4919666463290625
Male,0.2,Graduate,No,0.061855670103092786,0.0663265306122449,0.3333333333333333,0.6366666666666667,0.07198228128460686,Rejected,0.8500000000000001,0.3312995729103112
Male,0.4,Graduate,No,0.4742268041237114,0.32908163265306123,0.0,0.4716666666666667,0.37430786267995575,Rejected,0.5,0.37441529387838113
Male,1.0,Not Graduate,No,0.6391752577319587,0.45918367346938777,0.3333333333333333,0.6616666666666668,0.4352159468438539,Rejected,0.5435999999999999,0.28859060402684567
Female,0.6000000000000001,Graduate,No,0.9278350515463917,0.6836734693877551,0.5555555555555556,0.010000000000000009,0.6035437430786269,Rejected,0.5784,0.25950782997762867
Female,0.8,Not Graduate,Yes,0.020618556701030927,0.030612244897959183,0.0,0.615,0.016611295681063128,Rejected,0.8999999999999999,0.10514541387024609
Female,0.4,Not Graduate,No,0.26804123711340205,0.14540816326530612,0.8888888888888888,0.8600000000000001,0.23809523809523814,Approved,0.2571999999999999,0.5897905226764287
Male,0.8,Not Graduate,Yes,0.8556701030927835,0.7295918367346939,1.0,0.2583333333333334,0.5813953488372093,Rejected,0.76,0.21964612568639416
Male,0.6000000000000001,Graduate,Yes,0.4639175257731959,0.41071428571428575,0.4444444444444445,0.030000000000000027,0.4385382059800665,Rejected,0.7955999999999999,0.3435021354484442
Male,0.8,Not Graduate,Yes,0.9896907216494845,0.5331632653061225,1.0,0.09166666666666667,0.8493909191583611,Approved,0.2651999999999999,0.5871466341264999
Female,0.4,Not Graduate,Yes,0.3711340206185567,0.2193877551020408,0.7777777777777777,0.14833333333333343,0.21926910299003324,Rejected,0.3368,0.3091315842993696
Male,0.4,Graduate,No,0.03092783505154639,0.030612244897959183,0.0,0.9800000000000002,0.03875968992248063,Approved,0.6000000000000001,0.37624567825910116
Male,0.4,Graduate,Yes,0.6907216494845361,0.3903061224489796,0.2222222222222222,0.08666666666666667,0.5592469545957919,Approved,0.3044,0.5110839943054708
Female,0.8,Not Graduate,Yes,0.9690721649484536,0.7602040816326531,0.5555555555555556,0.9500000000000002,0.558139534883721,Approved,0.6539999999999999,0.19076672767947936
Male,0.6000000000000001,Not Graduate,No,0.27835051546391754,0.15816326530612243,0.8888888888888888,0.8783333333333334,0.24473975636766337,Rejected,0.2964,0.551555826723612
Female,0.4,Graduate,No,0.9896907216494845,0.5255102040816326,0.5555555555555556,0.78,0.7220376522702104,Approved,0.2532,0.4858653650599959
Female,0.0,Graduate,No,0.7113402061855669,0.3852040816326531,0.8888888888888888,0.6783333333333335,0.5105204872646734,Approved,0.26759999999999995,0.46146023998373
Female,0.2,Not Graduate,Yes,0.7731958762886597,0.4795918367346939,0.4444444444444445,0.09166666666666667,0.4905869324473976,Approved,0.39239999999999986,0.32336790726052467
Male,0.6000000000000001,Graduate,No,0.12371134020618556,0.07653061224489796,0.0,0.5866666666666667,0.079734219269103,Rejected,0.3428,0.31584299369534274
Male,0.6000000000000001,Graduate,No,0.7835051546391752,0.3979591836734694,0.0,0.6083333333333334,0.5260243632336656,Approved,0.21519999999999984,0.4602399837299166
Male,1.0,Not Graduate,Yes,0.15463917525773194,0.14540816326530612,0.8888888888888888,0.20000000000000007,0.08527131782945736,Rejected,0.8115999999999999,0.12202562538133013
Male,0.4,Not Graduate,No,0.8556701030927835,0.8265306122448979,0.8888888888888888,0.28500000000000003,0.753045404208195,Approved,0.9388000000000001,0.27293064876957496
Male,1.0,Not Graduate,No,0.17525773195876287,0.18367346938775508,1.0,0.6916666666666667,0.186046511627907,Rejected,0.9788000000000001,0.3138092332723206
Male,0.4,Not Graduate,Yes,0.6701030927835051,0.38010204081632654,0.4444444444444445,0.6483333333333334,0.327796234772979,Approved,0.3076,0.2489322757779134
Male,0.6000000000000001,Graduate,Yes,0.6907216494845361,0.41071428571428575,0.1111111111111111,0.8116666666666668,0.5204872646733112,Approved,0.3507999999999999,0.43522473052674404
Female,0.4,Graduate,No,0.24742268041237112,0.1913265306122449,0.1111111111111111,0.865,0.15725359911406425,Approved,0.6000000000000001,0.22818791946308728
Male,0.8,Graduate,Yes,0.9690721649484536,0.5306122448979591,0.2222222222222222,0.8483333333333334,0.7596899224806203,Approved,0.2791999999999999,0.5125076266015863
Female,0.2,Not Graduate,Yes,0.6804123711340205,0.4260204081632653,0.0,0.74,0.5116279069767442,Approved,0.3999999999999999,0.40492170022371365
Male,0.0,Not Graduate,No,0.30927835051546393,0.2806122448979592,0.2222222222222222,0.30666666666666675,0.212624584717608,Rejected,0.8124,0.20032540166768356
Male,0.8,Not Graduate,No,0.27835051546391754,0.25765306122448983,0.2222222222222222,0.6216666666666668,0.20708748615725361,Rejected,0.8344,0.2210697579825097
Male,0.6000000000000001,Graduate,Yes,0.7938144329896907,0.5331632653061225,0.8888888888888888,0.6583333333333334,0.5614617940199336,Approved,0.4736,0.33760423022167996
Female,0.8,Not Graduate,Yes,0.3814432989690722,0.30867346938775514,0.5555555555555556,0.28833333333333333,0.3056478405315615,Rejected,0.6716,0.30669107179174293
Female,0.8,Graduate,Yes,0.4536082474226804,0.2729591836734694,0.0,0.31833333333333336,0.35658914728682173,Rejected,0.35639999999999994,0.450274557657108
Female,0.6000000000000001,Not Graduate,Yes,0.05154639175257732,0.03571428571428571,0.3333333333333333,0.7216666666666667,0.049833887043189376,Rejected,0.37159999999999993,0.43359772218832626
Female,0.0,Not Graduate,No,0.5154639175257731,0.3903061224489796,1.0,0.22333333333333338,0.4772978959025471,Approved,0.6000000000000001,0.41448037421191786
Male,0.6000000000000001,Not Graduate,Yes,0.5876288659793814,0.5178571428571428,0.4444444444444445,0.7950000000000002,0.37320044296788485,Approved,0.7968,0.18405531828350621
Female,0.8,Graduate,No,0.7216494845360825,0.4795918367346939,0.1111111111111111,0.79,0.41528239202657813,Approved,0.46120000000000005,0.2509660362009356
Male,0.2,Not Graduate,Yes,0.8762886597938144,0.6811224489795918,0.4444444444444445,0.6950000000000001,0.6677740863787376,Approved,0.6412,0.3046573113687209
Male,0.6000000000000001,Not Graduate,Yes,0.09278350515463918,0.0816326530612245,0.5555555555555556,0.3383333333333334,0.07087486157253599,Rejected,0.6728000000000001,0.24262761846654465
Female,0.2,Graduate,Yes,0.3917525773195876,0.27040816326530615,0.6666666666666665,0.4966666666666667,0.30786267995570327,Approved,0.49,0.37360178970917235
Female,0.4,Graduate,No,0.9896907216494845,0.8188775510204082,0.0,0.405,0.8272425249169436,Approved,0.7223999999999999,0.31889363432987594
Female,0.0,Not Graduate,Yes,0.2577319587628866,0.16581632653061223,1.0,0.8266666666666667,0.14839424141749724,Approved,0.40759999999999996,0.2601179581045353
Female,0.6000000000000001,Not Graduate,Yes,0.8865979381443299,0.875,0.3333333333333333,0.14333333333333342,0.6124031007751939,Rejected,0.9727999999999999,0.1749033963799065
Female,1.0,Not Graduate,Yes,0.3195876288659794,0.1913265306122449,0.7777777777777777,0.5533333333333335,0.22812846068660025,Rejected,0.3455999999999999,0.39495627415090506
Female,0.2,Graduate,Yes,0.6907216494845361,0.5892857142857143,0.1111111111111111,0.30166666666666675,0.5869324473975638,Approved,0.7564,0.31157209680699616
Female,0.6000000000000001,Graduate,Yes,0.07216494845360825,0.0816326530612245,0.1111111111111111,0.7833333333333334,0.032115171650055375,Rejected,0.9556,0.03925157616432784
Female,0.6000000000000001,Graduate,Yes,0.4020618556701031,0.38775510204081637,0.2222222222222222,0.6116666666666668,0.2513842746400886,Approved,0.9119999999999999,0.15049827130364044
Male,0.6000000000000001,Not Graduate,Yes,0.4639175257731959,0.4387755102040817,0.3333333333333333,0.4750000000000001,0.203765227021041,Rejected,0.8892,0.06589383770591828
Female,1.0,Graduate,Yes,0.32989690721649484,0.288265306122449,0.7777777777777777,0.29833333333333334,0.31118493909191586,Rejected,0.7647999999999999,0.34716290420988405
Female,0.4,Graduate,No,0.9690721649484536,0.5663265306122449,0.8888888888888888,0.9183333333333334,0.6666666666666667,Approved,0.3375999999999999,0.3951596501932073
Male,0.6000000000000001,Not Graduate,Yes,0.7010309278350515,0.4056122448979592,0.2222222222222222,0.13,0.6423034330011075,Approved,0.3256,0.580638600772829
Female,1.0,Graduate,No,0.5670103092783505,0.32142857142857145,0.8888888888888888,0.8450000000000002,0.31782945736434115,Approved,0.3051999999999999,0.30628431970713843
Male,0.2,Not Graduate,Yes,0.8247422680412371,0.8188775510204082,0.8888888888888888,0.885,0.6666666666666667,Approved,0.9803999999999999,0.22778116737848284
Male,0.4,Not Graduate,No,0.1958762886597938,0.12244897959183675,0.5555555555555556,0.6233333333333333,0.15282392026578076,Rejected,0.37159999999999993,0.41366687004270897
Female,0.2,Not Graduate,Yes,0.8041237113402061,0.7091836734693877,0.8888888888888888,0.7083333333333335,0.49612403100775204,Approved,0.8048,0.17470002033760426
Male,0.4,Not Graduate,No,0.8041237113402061,0.7397959183673469,0.1111111111111111,0.5,0.7220376522702104,Approved,0.8648,0.30282692698800084
Male,0.0,Not Graduate,Yes,0.9484536082474226,0.6811224489795918,0.4444444444444445,0.3933333333333334,0.4905869324473976,Approved,0.5488,0.1842586943258084
Male,0.0,Graduate,No,0.845360824742268,0.5178571428571428,0.4444444444444445,0.29500000000000004,0.43743078626799564,Approved,0.3807999999999999,0.24140736221273137
Male,0.2,Not Graduate,Yes,0.17525773195876287,0.11989795918367348,0.2222222222222222,0.43333333333333335,0.11295681063122924,Rejected,0.4528000000000001,0.2786251779540371
Female,0.0,Not Graduate,Yes,0.4123711340206186,0.41071428571428575,1.0,0.39833333333333343,0.28460686600221485,Rejected,0.962,0.17103925157616431
Male,1.0,Graduate,No,0.24742268041237112,0.22448979591836735,0.3333333333333333,0.9200000000000002,0.194905869324474,Rejected,0.8,0.24974577994712224
Female,0.6000000000000001,Not Graduate,No,0.36082474226804123,0.20918367346938774,1.0,0.9216666666666669,0.2879291251384275,Approved,0.3188,0.47915395566402275
Male,0.0,Graduate,No,0.8865979381443299,0.7806122448979591,0.5555555555555556,0.7150000000000001,0.4330011074197121,Approved,0.8044,0.10738255033557051
Male,0.4,Not Graduate,No,0.1958762886597938,0.11224489795918367,0.0,0.41000000000000003,0.17718715393134,Rejected,0.2951999999999999,0.5570469798657718
Male,0.6000000000000001,Graduate,Yes,0.07216494845360825,0.05357142857142857,0.4444444444444445,0.31500000000000006,0.04097452934662237,Rejected,0.4667999999999999,0.1948342485255237
Male,0.6000000000000001,Graduate,Yes,0.9896907216494845,0.8954081632653061,0.2222222222222222,0.9483333333333335,0.7032115171650056,Approved,0.8448,0.21456172462883874
Female,0.4,Not Graduate,No,0.8041237113402061,0.5025510204081632,0.0,0.33666666666666667,0.5249169435215948,Rejected,0.3999999999999999,0.3335367093756356
Female,0.0,Graduate,No,0.9896907216494845,0.9821428571428571,0.3333333333333333,0.5866666666666667,0.8516057585825029,Approved,0.9836,0.2525930445393533
Male,0.0,Not Graduate,Yes,0.010309278350515465,0.020408163265306124,0.3333333333333333,0.8150000000000002,0.014396456256921373,Approved,0.8668,0.16168395363026236
Male,0.8,Not Graduate,No,0.2577319587628866,0.1989795918367347,0.1111111111111111,0.04166666666666674,0.20708748615725361,Rejected,0.6000000000000001,0.3270286760219646
Female,0.6000000000000001,Graduate,Yes,0.7422680412371133,0.4923469387755102,0.0,0.6933333333333334,0.5083056478405317,Approved,0.4596,0.3278421801911735
Male,0.6000000000000001,Graduate,No,0.9278350515463917,0.8673469387755102,0.8888888888888888,0.3716666666666667,0.7430786267995572,Rejected,0.8912,0.24771201952410007
Male,1.0,Not Graduate,No,0.9587628865979381,0.5586734693877551,1.0,0.08666666666666667,0.6854928017718717,Rejected,0.3348,0.4181411429733578
Male,1.0,Graduate,Yes,0.3711340206185567,0.35969387755102045,0.0,0.07500000000000007,0.23698781838316726,Rejected,0.9156,0.15537929631889366
Female,0.0,Graduate,No,0.8350515463917525,0.4872448979591837,0.8888888888888888,0.5816666666666668,0.5957918050941308,Approved,0.3348,0.41570063046573114
Female,0.4,Graduate,Yes,0.26804123711340205,0.18112244897959182,0.8888888888888888,0.6100000000000001,0.12956810631229237,Approved,0.45719999999999983,0.17998779743746188
Female,0.0,Graduate,No,0.8659793814432989,0.5255102040816326,0.4444444444444445,0.855,0.593576965669989,Approved,0.372,0.3729916615822656
Male,0.0,Not Graduate,No,0.5360824742268041,0.42091836734693877,0.4444444444444445,0.4983333333333334,0.380952380952381,Approved,0.6444000000000001,0.2686597518812285
Male,1.0,Graduate,Yes,0.4123711340206186,0.23214285714285712,0.2222222222222222,0.6300000000000001,0.28128460686600226,Rejected,0.2951999999999999,0.40573520439292254
Female,1.0,Not Graduate,No,0.5154639175257731,0.3035714285714286,1.0,0.3550000000000001,0.4119601328903655,Rejected,0.33840000000000003,0.4742729306487695
Female,1.0,Graduate,No,0.9484536082474226,0.7040816326530612,0.1111111111111111,0.9500000000000002,0.451827242524917,Approved,0.5871999999999999,0.14785438275371163
Female,0.6000000000000001,Graduate,No,0.8865979381443299,0.5127551020408163,0.3333333333333333,0.30500000000000005,0.6002214839424143,Approved,0.32719999999999994,0.3917022574740696
Female,0.2,Graduate,Yes,0.5876288659793814,0.41836734693877553,0.7777777777777777,0.01333333333333342,0.42746400885935776,Approved,0.5324,0.32235102704901364
Male,0.6000000000000001,Graduate,Yes,0.15463917525773194,0.11734693877551021,0.7777777777777777,0.4850000000000001,0.12181616832779625,Rejected,0.5528,0.32072401871059586
Female,0.2,Not Graduate,No,0.7010309278350515,0.5790816326530612,0.4444444444444445,0.9766666666666668,0.5271317829457365,Approved,0.7143999999999999,0.27191376855806393
Male,0.8,Not Graduate,No,0.15463917525773194,0.09438775510204082,0.2222222222222222,0.8816666666666668,0.08970099667774087,Rejected,0.34120000000000006,0.2796420581655481
Female,0.0,Not Graduate,No,0.13402061855670103,0.11734693877551021,0.5555555555555556,0.585,0.10409745293466224,Rejected,0.7067999999999999,0.25422005287777105
Male,0.8,Not Graduate,No,0.18556701030927833,0.11224489795918367,0.8888888888888888,0.7216666666666667,0.186046511627907,Rejected,0.33999999999999997,0.5918242830994509
Female,1.0,Graduate,Yes,0.3814432989690722,0.38775510204081637,0.5555555555555556,0.22166666666666668,0.29900332225913623,Rejected,0.9896,0.2070368110636567
Female,0.2,Graduate,Yes,0.07216494845360825,0.08418367346938777,0.6666666666666665,0.6883333333333335,0.054263565891472874,Approved,1.0,0.14683750254220054
Female,0.2,Graduate,No,0.6907216494845361,0.5663265306122449,0.8888888888888888,0.17166666666666675,0.35437430786268,Approved,0.7044000000000001,0.1403294691885296
Female,0.0,Graduate,Yes,0.26804123711340205,0.1913265306122449,0.4444444444444445,0.17500000000000004,0.2259136212624585,Approved,0.5144,0.3898718730933496
Male,0.6000000000000001,Graduate,Yes,0.6804123711340205,0.5,0.4444444444444445,0.3600000000000001,0.6212624584717609,Approved,0.5704,0.42485255236933095
Female,0.8,Not Graduate,Yes,0.04123711340206186,0.03826530612244898,0.3333333333333333,0.19500000000000006,0.05094130675526025,Rejected,0.6000000000000001,0.4124466137888957
Male,0.2,Not Graduate,No,0.4639175257731959,0.3494897959183674,0.2222222222222222,0.28,0.3089700996677741,Rejected,0.5915999999999999,0.25849094976611753
Male,1.0,Graduate,Yes,0.288659793814433,0.29336734693877553,0.4444444444444445,0.6200000000000001,0.28571428571428575,Rejected,0.9731999999999998,0.29896278218425876
Male,1.0,Not Graduate,No,0.3917525773195876,0.3469387755102041,0.2222222222222222,0.3833333333333334,0.3289036544850499,Rejected,0.79,0.2877770998576368
Male,0.2,Not Graduate,Yes,0.29896907216494845,0.2806122448979592,0.6666666666666665,0.8733333333333335,0.2735326688815061,Approved,0.8580000000000001,0.299166158226561
Female,0.2,Not Graduate,Yes,0.7731958762886597,0.6428571428571428,0.5555555555555556,0.41500000000000004,0.6179401993355482,Approved,0.7247999999999999,0.2957087655074233
Male,1.0,Not Graduate,Yes,0.422680412371134,0.22959183673469388,0.4444444444444445,0.25,0.24916943521594687,Rejected,0.2651999999999999,0.3481797844213952
Male,0.2,Graduate,Yes,0.5773195876288659,0.489795918367347,1.0,0.21833333333333338,0.4130675526024364,Approved,0.7448000000000001,0.24059385804352248
Male,0.6000000000000001,Graduate,Yes,0.3505154639175258,0.2653061224489796,0.7777777777777777,0.020000000000000018,0.24141749723145076,Rejected,0.5888,0.26947325605043737
Female,0.0,Not Graduate,Yes,0.27835051546391754,0.18622448979591835,0.3333333333333333,0.033333333333333326,0.2868217054263566,Rejected,0.4483999999999999,0.5513524506813098
Female,0.0,Graduate,No,0.8865979381443299,0.5076530612244897,0.1111111111111111,0.22166666666666668,0.6943521594684386,Approved,0.31799999999999995,0.4828147244254627
Female,0.2,Not Graduate,Yes,0.010309278350515465,0.017857142857142856,0.4444444444444445,0.21833333333333338,0.016611295681063128,Rejected,0.7332000000000001,0.23388244864754934
Female,1.0,Not Graduate,Yes,0.8659793814432989,0.7295918367346939,0.3333333333333333,0.3600000000000001,0.5348837209302326,Rejected,0.744,0.19015659955257272
Male,0.4,Not Graduate,Yes,0.3402061855670103,0.29846938775510207,0.6666666666666665,0.29333333333333333,0.2524916943521595,Rejected,0.7715999999999998,0.24059385804352248
Male,1.0,Graduate,No,0.061855670103092786,0.058673469387755105,0.2222222222222222,0.43333333333333335,0.043189368770764125,Rejected,0.7,0.18385194224120396
Female,0.4,Graduate,No,0.8041237113402061,0.6836734693877551,0.5555555555555556,0.6233333333333333,0.5105204872646734,Approved,0.7551999999999999,0.19646125686394142
Male,0.0,Not Graduate,Yes,0.9999999999999999,0.9668367346938775,0.2222222222222222,0.45500000000000007,0.584717607973422,Approved,0.9436,0.13077079520032545
Male,0.4,Not Graduate,No,0.3195876288659794,0.1607142857142857,0.2222222222222222,0.05166666666666675,0.21594684385382062,Rejected,0.19999999999999996,0.4606467358145211
Male,0.8,Graduate,Yes,0.18556701030927833,0.16326530612244897,0.5555555555555556,0.5550000000000002,0.08084163898117387,Rejected,0.74,0.08114704087858451
Female,0.6000000000000001,Not Graduate,No,0.4845360824742268,0.32142857142857145,0.8888888888888888,0.9616666666666667,0.327796234772979,Approved,0.45320000000000005,0.3205206426682937
Female,1.0,Not Graduate,Yes,0.9278350515463917,0.5943877551020408,0.5555555555555556,0.5933333333333335,0.5924695459579181,Approved,0.42599999999999993,0.31197884889160055
Male,0.0,Not Graduate,No,0.7525773195876289,0.4566326530612245,0.2222222222222222,0.8033333333333335,0.4750830564784054,Approved,0.3708,0.3312995729103112
Female,1.0,Not Graduate,No,0.9072164948453608,0.7397959183673469,0.1111111111111111,0.385,0.673311184939092,Rejected,0.7023999999999999,0.2723205206426683
Female,0.6000000000000001,Not Graduate,No,0.12371134020618556,0.09693877551020409,0.3333333333333333,0.2583333333333334,0.09966777408637874,Rejected,0.5715999999999999,0.3138092332723206
Female,0.6000000000000001,Graduate,No,0.9690721649484536,0.5,0.6666666666666665,0.2533333333333334,0.6101882613510521,Approved,0.22919999999999996,0.4146837502542201
Female,0.4,Graduate,No,0.845360824742268,0.8392857142857143,0.6666666666666665,0.29000000000000004,0.7873754152823921,Approved,0.9807999999999999,0.28553996339231236
Female,0.6000000000000001,Not Graduate,No,0.6391752577319587,0.6147959183673469,0.1111111111111111,0.30500000000000005,0.36987818383167226,Rejected,0.9247999999999998,0.12914378686190767
Male,0.8,Graduate,No,0.5876288659793814,0.42091836734693877,0.3333333333333333,0.30166666666666675,0.4507198228128461,Rejected,0.5388,0.34492576774455974
Female,0.4,Graduate,Yes,0.20618556701030927,0.12244897959183675,1.0,0.9316666666666669,0.15614617940199338,Approved,0.32719999999999994,0.4256660565385397
Male,0.8,Graduate,Yes,0.556701030927835,0.3520408163265306,0.6666666666666665,0.6600000000000001,0.4551495016611296,Approved,0.4071999999999998,0.4460036607687614
Male,0.8,Not Graduate,No,0.9896907216494845,0.7244897959183673,0.2222222222222222,0.7966666666666669,0.7131782945736435,Approved,0.5715999999999999,0.30669107179174293
Female,0.8,Graduate,No,0.4329896907216495,0.364795918367347,0.1111111111111111,0.33166666666666667,0.3233665559246955,Rejected,0.7272000000000001,0.2597112060199309
Male,0.4,Not Graduate,Yes,0.2268041237113402,0.11734693877551021,0.1111111111111111,0.9800000000000002,0.20819490586932451,Approved,0.21679999999999988,0.6442953020134229
Male,0.2,Graduate,No,0.4329896907216495,0.2678571428571429,0.5555555555555556,0.6233333333333333,0.380952380952381,Approved,0.382,0.50274557657108
Male,0.8,Graduate,No,0.36082474226804123,0.32908163265306123,0.1111111111111111,0.8366666666666667,0.31672203765227025,Approved,0.8271999999999999,0.2942851332113078
Female,0.8,Not Graduate,Yes,0.21649484536082472,0.1913265306122449,0.3333333333333333,0.4,0.132890365448505,Rejected,0.7564,0.17083587553386212
Female,0.8,Graduate,Yes,0.5876288659793814,0.4923469387755102,0.3333333333333333,0.7100000000000002,0.5747508305647842,Approved,0.7288000000000001,0.39007524913565184
Male,0.8,Not Graduate,Yes,0.6391752577319587,0.5918367346938775,0.0,0.30833333333333335,0.41085271317829464,Rejected,0.8688,0.17205613178767545
Female,0.8,Graduate,Yes,0.4845360824742268,0.4285714285714286,0.2222222222222222,0.52,0.3588039867109635,Rejected,0.796,0.23754321740898923
Female,0.6000000000000001,Not Graduate,Yes,0.9587628865979381,0.6096938775510203,0.3333333333333333,0.9650000000000001,0.6533776301218163,Approved,0.41880000000000006,0.34675615212527966
Female,0.4,Not Graduate,No,0.5670103092783505,0.41071428571428575,0.5555555555555556,0.6800000000000002,0.26024363233665565,Rejected,0.5508,0.1437868619076673
Female,0.4,Not Graduate,Yes,0.2577319587628866,0.1377551020408163,0.3333333333333333,0.9166666666666667,0.24916943521594687,Approved,0.24440000000000006,0.6646329062436445
Male,0.4,Not Graduate,Yes,0.3814432989690722,0.2806122448979592,0.5555555555555556,0.3600000000000001,0.19601328903654489,Rejected,0.5588,0.17327638804148873
Male,0.0,Not Graduate,No,0.7835051546391752,0.7270408163265306,0.5555555555555556,0.275,0.53156146179402,Approved,0.8768,0.18934309538336389
Female,0.0,Graduate,No,0.09278350515463918,0.07397959183673469,1.0,0.6933333333333334,0.08748615725359912,Approved,0.5635999999999999,0.37502542200528777
Female,0.8,Not Graduate,No,0.0,0.007653061224489796,0.4444444444444445,0.17333333333333334,0.0011074197120708746,Rejected,0.6000000000000001,0.016880211511083987
Male,0.0,Not Graduate,Yes,0.4639175257731959,0.26275510204081637,1.0,0.3533333333333334,0.3466223698781839,Approved,0.30199999999999994,0.45576571079926786
Male,0.6000000000000001,Not Graduate,Yes,0.8247422680412371,0.5178571428571428,0.4444444444444445,0.2350000000000001,0.6899224806201552,Approved,0.40480000000000005,0.46654464104128535
Female,0.4,Not Graduate,Yes,0.4536082474226804,0.46173469387755106,0.0,0.42500000000000004,0.31118493909191586,Rejected,1.0,0.16249745779947125
Male,1.0,Not Graduate,No,0.16494845360824742,0.17091836734693877,0.8888888888888888,0.2766666666666667,0.13510520487264677,Rejected,0.9556,0.21354484441732766
Female,0.6000000000000001,Graduate,Yes,0.30927835051546393,0.211734693877551,0.0,0.21166666666666667,0.18936877076411962,Rejected,0.47520000000000007,0.2613382143583487
Female,0.8,Not Graduate,Yes,0.5463917525773195,0.5025510204081632,0.6666666666666665,0.4883333333333334,0.46733111849390924,Rejected,0.8544,0.28065893837705924
Male,0.6000000000000001,Graduate,No,0.7938144329896907,0.45918367346938777,0.4444444444444445,0.7183333333333335,0.4186046511627907,Approved,0.3263999999999999,0.27191376855806393
Male,0.2,Graduate,Yes,0.3917525773195876,0.24999999999999997,0.7777777777777777,0.2516666666666667,0.31782945736434115,Approved,0.4099999999999999,0.433394346146024
Female,0.6000000000000001,Not Graduate,Yes,0.6804123711340205,0.42346938775510207,0.8888888888888888,0.5466666666666666,0.2724252491694352,Approved,0.3939999999999999,0.14826113483831607
Female,0.2,Not Graduate,No,0.2577319587628866,0.23214285714285712,0.8888888888888888,0.6733333333333333,0.17718715393134,Rejected,0.7924,0.20235916209070579
Male,0.4,Not Graduate,No,0.6804123711340205,0.5918367346938775,0.5555555555555556,0.06833333333333336,0.5924695459579181,Rejected,0.7824,0.3140126093146228
Female,1.0,Graduate,No,0.8659793814432989,0.5280612244897959,0.3333333333333333,0.275,0.6157253599114065,Rejected,0.3768,0.3898718730933496
Male,0.8,Graduate,No,0.8041237113402061,0.7602040816326531,0.1111111111111111,0.21833333333333338,0.6157253599114065,Rejected,0.9048,0.22574740695546067
Female,0.2,Graduate,Yes,0.36082474226804123,0.3137755102040817,0.4444444444444445,0.20666666666666667,0.2735326688815061,Rejected,0.762,0.2525930445393533
Male,0.0,Graduate,No,0.24742268041237112,0.12244897959183675,0.6666666666666665,0.6300000000000001,0.11517165005537099,Approved,0.18479999999999996,0.2782184258694326
Male,0.8,Graduate,No,0.4123711340206186,0.42091836734693877,0.2222222222222222,0.135,0.37320044296788485,Rejected,1.0,0.26032133414683745
Male,1.0,Graduate,Yes,0.8041237113402061,0.7066326530612245,0.4444444444444445,0.2483333333333334,0.45293466223698786,Rejected,0.8,0.14744763066910724
Female,0.2,Not Graduate,No,0.7113402061855669,0.5918367346938775,0.5555555555555556,0.78,0.5293466223698783,Approved,0.724,0.26459223103518414
Female,0.0,Not Graduate,No,0.18556701030927833,0.17091836734693877,0.2222222222222222,0.6100000000000001,0.07198228128460686,Rejected,0.8,0.04799674598332318
Male,0.8,Not Graduate,Yes,0.5773195876288659,0.3316326530612245,0.6666666666666665,0.7366666666666668,0.5348837209302326,Approved,0.31720000000000004,0.5922310351840553
Female,0.6000000000000001,Not Graduate,Yes,0.6701030927835051,0.39540816326530615,0.1111111111111111,0.2416666666666667,0.45293466223698786,Rejected,0.34319999999999995,0.3790929428513321
Male,0.4,Graduate,No,0.7319587628865979,0.7244897959183673,0.6666666666666665,0.5566666666666666,0.45736434108527135,Approved,0.9727999999999999,0.14297335773845846
Male,0.8,Not Graduate,No,0.3195876288659794,0.23979591836734693,0.6666666666666665,0.8033333333333335,0.16279069767441862,Rejected,0.5755999999999999,0.16412446613788897
Female,0.0,Graduate,No,0.288659793814433,0.17091836734693877,0.4444444444444445,0.8016666666666667,0.24141749723145076,Approved,0.33320000000000005,0.4923733984136669
Female,0.8,Not Graduate,No,0.7938144329896907,0.43112244897959184,0.6666666666666665,0.030000000000000027,0.6146179401993356,Rejected,0.27079999999999993,0.508440105755542
Male,1.0,Not Graduate,No,0.7628865979381443,0.6071428571428571,0.8888888888888888,0.7016666666666667,0.6987818383167221,Rejected,0.6683999999999999,0.3833638397396786
Female,1.0,Not Graduate,No,0.36082474226804123,0.2423469387755102,0.1111111111111111,0.43833333333333335,0.3145071982281285,Rejected,0.4596,0.44519015659955263
Female,0.4,Not Graduate,No,0.845360824742268,0.6632653061224489,0.1111111111111111,0.19833333333333336,0.7286821705426357,Approved,0.6523999999999999,0.35936546674801706
Male,0.0,Graduate,Yes,0.8247422680412371,0.5229591836734694,0.6666666666666665,0.12,0.3853820598006645,Approved,0.41479999999999984,0.19158023184868825
Male,0.0,Not Graduate,No,0.27835051546391754,0.2346938775510204,0.8888888888888888,0.9750000000000001,0.17940199335548176,Approved,0.7103999999999999,0.20276591417531017
Female,0.2,Not Graduate,Yes,0.9999999999999999,0.971938775510204,0.5555555555555556,0.4933333333333334,0.6888150609080842,Approved,0.9516,0.1789709172259508
Male,0.0,Graduate,No,0.4329896907216495,0.3520408163265306,0.0,0.08166666666666667,0.212624584717608,Rejected,0.6819999999999999,0.13016066707341875
Male,0.2,Not Graduate,Yes,0.9072164948453608,0.8137755102040816,0.7777777777777777,0.28,0.6644518272425249,Approved,0.8311999999999999,0.2290014236322961
Female,0.6000000000000001,Not Graduate,Yes,0.6804123711340205,0.6785714285714285,0.7777777777777777,0.8633333333333335,0.6456256921373201,Approved,0.9823999999999999,0.2912344925767745
Male,0.4,Not Graduate,No,0.8762886597938144,0.7066326530612245,0.5555555555555556,0.405,0.5769656699889258,Approved,0.6872,0.22879804758999392
Male,0.6000000000000001,Graduate,No,0.9484536082474226,0.5510204081632653,0.7777777777777777,0.6416666666666668,0.584717607973422,Approved,0.33199999999999996,0.34146837502542204
Female,0.6000000000000001,Not Graduate,Yes,0.5979381443298969,0.3112244897959184,0.8888888888888888,0.9183333333333334,0.45404208194905876,Approved,0.23320000000000007,0.5210494203782794
Female,0.2,Not Graduate,Yes,0.9484536082474226,0.7525510204081632,0.4444444444444445,0.1283333333333334,0.939091915836102,Approved,0.6679999999999999,0.4289200732153753
Male,0.0,Not Graduate,Yes,0.08247422680412371,0.09438775510204082,0.4444444444444445,0.5333333333333334,0.08970099667774087,Rejected,1.0,0.2796420581655481
Male,0.6000000000000001,Graduate,Yes,0.07216494845360825,0.05102040816326531,1.0,0.5183333333333333,0.04540420819490588,Rejected,0.4223999999999999,0.2454748830587757
Female,0.8,Not Graduate,No,0.1958762886597938,0.18877551020408162,0.1111111111111111,0.7783333333333333,0.11849390919158362,Rejected,0.8668,0.14073622127313404
Female,1.0,Graduate,Yes,0.09278350515463918,0.07397959183673469,1.0,0.4866666666666667,0.08305647840531562,Rejected,0.5635999999999999,0.3496034167175106
Female,0.0,Graduate,Yes,0.04123711340206186,0.05102040816326531,0.1111111111111111,0.03166666666666673,0.05537098560354375,Rejected,0.9332,0.32499491559894245
Female,0.8,Not Graduate,Yes,0.9278350515463917,0.6428571428571428,0.4444444444444445,1.0,0.6611295681063124,Approved,0.5087999999999999,0.3268252999796625
Male,0.4,Not Graduate,Yes,0.3505154639175258,0.31887755102040816,0.8888888888888888,0.8566666666666667,0.29568106312292364,Approved,0.8224,0.27801504982713043
Female,1.0,Not Graduate,Yes,0.1134020618556701,0.11989795918367348,0.4444444444444445,0.7583333333333333,0.11738648947951275,Rejected,0.9384000000000001,0.2948952613382144
Female,1.0,Graduate,Yes,0.7731958762886597,0.42091836734693877,1.0,0.4733333333333334,0.4916943521594685,Approved,0.27279999999999993,0.3898718730933496
Male,0.8,Graduate,Yes,0.9587628865979381,0.5918367346938775,0.6666666666666665,0.13333333333333341,0.682170542635659,Approved,0.38960000000000006,0.38397396786658533
Female,0.4,Not Graduate,Yes,0.49484536082474223,0.4413265306122449,1.0,0.275,0.3621262458471761,Approved,0.808,0.2300183038438072
Male,0.0,Not Graduate,No,0.03092783505154639,0.03826530612244898,0.0,0.385,0.044296788482835,Rejected,0.8400000000000001,0.34451901565995524
Female,0.2,Graduate,Yes,0.8350515463917525,0.8112244897959183,0.7777777777777777,0.8566666666666667,0.6334440753045405,Approved,0.9468000000000001,0.21232458816351438
Female,0.0,Graduate,No,0.5257731958762886,0.4489795918367347,0.2222222222222222,0.6300000000000001,0.29014396456256925,Approved,0.7507999999999999,0.1496847671344316
Female,0.4,Not Graduate,Yes,0.9381443298969072,0.7321428571428571,0.5555555555555556,0.5916666666666668,0.5437430786267996,Approved,0.6472,0.1946308724832215
Male,0.6000000000000001,Not Graduate,No,0.21649484536082472,0.18112244897959182,0.0,0.6366666666666667,0.20155038759689925,Rejected,0.6868000000000001,0.3587553386211104
Male,0.2,Not Graduate,No,0.020618556701030927,0.025510204081632654,0.2222222222222222,0.6583333333333334,0.0132890365448505,Rejected,0.7,0.0978238763473663
Female,0.6000000000000001,Not Graduate,No,0.30927835051546393,0.2678571428571429,0.1111111111111111,0.8883333333333334,0.16057585825027687,Rejected,0.75,0.12812690665039658
Male,1.0,Not Graduate,Yes,0.9484536082474226,0.8928571428571428,0.7777777777777777,0.0033333333333334103,0.7320044296788484,Rejected,0.9019999999999999,0.23062843197071384
Male,0.2,Graduate,No,0.21649484536082472,0.1607142857142857,0.0,0.09500000000000008,0.15393133997785163,Rejected,0.548,0.28818385194224116
Male,1.0,Not Graduate,No,0.422680412371134,0.3622448979591837,0.5555555555555556,0.0033333333333334103,0.3765227021040975,Rejected,0.7487999999999999,0.3298759406141957
Male,0.0,Graduate,Yes,0.6185567010309277,0.5637755102040816,0.8888888888888888,0.9550000000000001,0.5083056478405317,Approved,0.8452,0.2678462477120196
Male,0.0,Not Graduate,Yes,0.7216494845360825,0.4974489795918367,0.5555555555555556,0.5966666666666667,0.5836101882613511,Approved,0.5,0.3929225137278829
Male,1.0,Graduate,Yes,0.2268041237113402,0.21428571428571427,0.8888888888888888,0.9616666666666667,0.14950166112956814,Approved,0.8500000000000001,0.1724628838722799
Female,0.6000000000000001,Not Graduate,No,0.27835051546391754,0.15306122448979592,0.3333333333333333,0.5800000000000001,0.17054263565891475,Rejected,0.26880000000000004,0.35753508236729714
Female,0.2,Graduate,No,0.12371134020618556,0.125,0.5555555555555556,0.7166666666666668,0.07641196013289037,Approved,0.8855999999999999,0.1330079316656498
Male,0.8,Not Graduate,Yes,0.20618556701030927,0.20153061224489796,0.6666666666666665,0.7283333333333335,0.19712070874861576,Rejected,0.8908,0.29896278218425876
Female,0.4,Graduate,Yes,0.061855670103092786,0.07397959183673469,0.4444444444444445,0.4733333333333334,0.02879291251384275,Rejected,1.0,0.038234695952816755
Female,0.0,Graduate,No,0.04123711340206186,0.03571428571428571,0.0,0.5350000000000001,0.02879291251384275,Rejected,0.5332000000000001,0.20642668293675007
Female,0.8,Graduate,Yes,0.05154639175257732,0.06122448979591837,0.7777777777777777,0.4716666666666667,0.0398671096345515,Rejected,0.9428000000000001,0.14866788692292052
Female,0.4,Not Graduate,No,0.845360824742268,0.6530612244897959,0.7777777777777777,0.5350000000000001,0.6566998892580289,Approved,0.6332,0.31624974577994713
Male,0.4,Not Graduate,No,0.7113402061855669,0.5408163265306122,0.7777777777777777,0.5166666666666668,0.45404208194905876,Approved,0.6112,0.23917022574740696
Female,0.8,Graduate,No,0.5360824742268041,0.3928571428571429,0.8888888888888888,0.2533333333333334,0.43189368770764125,Rejected,0.5628,0.35794183445190153
Female,1.0,Graduate,No,0.36082474226804123,0.17857142857142858,0.8888888888888888,0.06500000000000006,0.31229235880398676,Rejected,0.18920000000000003,0.6442953020134229
Male,0.6000000000000001,Graduate,Yes,0.5154639175257731,0.38010204081632654,0.7777777777777777,0.5833333333333335,0.26799557032115173,Approved,0.5691999999999999,0.17653040471832424
Male,0.8,Not Graduate,Yes,0.0,0.01020408163265306,0.4444444444444445,0.6200000000000001,0.006644518272425249,Rejected,0.8,0.13809233272320523
Female,0.6000000000000001,Graduate,No,0.03092783505154639,0.017857142857142856,1.0,0.3350000000000001,0.025470653377630124,Rejected,0.19999999999999996,0.39658328248932284
Female,0.4,Not Graduate,Yes,0.16494845360824742,0.1377551020408163,0.1111111111111111,0.8483333333333334,0.12624584717607976,Approved,0.6667999999999998,0.2684563758389261
Female,1.0,Graduate,Yes,0.9278350515463917,0.7423469387755102,0.3333333333333333,0.030000000000000027,0.6943521594684386,Rejected,0.6784000000000001,0.2839129550538947
Female,0.8,Not Graduate,No,0.07216494845360825,0.07653061224489796,0.4444444444444445,0.5816666666666668,0.03322259136212625,Rejected,0.8668,0.056945291844620716
Female,0.6000000000000001,Not Graduate,No,0.7525773195876289,0.7142857142857143,0.5555555555555556,0.11166666666666669,0.5514950166112957,Rejected,0.9092,0.20825706731747004
Female,1.0,Not Graduate,No,0.288659793814433,0.29336734693877553,0.2222222222222222,0.9116666666666668,0.21483942414174975,Rejected,0.9731999999999998,0.1887329672564572
Male,1.0,Graduate,No,0.7113402061855669,0.4744897959183674,0.5555555555555556,0.10000000000000009,0.4396456256921374,Rejected,0.4647999999999999,0.27903193003864146
Female,0.2,Graduate,Yes,0.3402061855670103,0.1760204081632653,0.0,0.9416666666666667,0.25470653377630126,Approved,0.2227999999999999,0.508440105755542
Female,0.8,Not Graduate,No,0.4845360824742268,0.4719387755102041,0.7777777777777777,0.9666666666666668,0.26910299003322263,Rejected,0.9348000000000001,0.1147040878584503
Male,0.2,Graduate,No,0.4020618556701031,0.20663265306122447,1.0,0.5133333333333334,0.25913621262458475,Approved,0.2195999999999999,0.42363229611551767
Male,0.0,Graduate,Yes,0.061855670103092786,0.04591836734693877,0.2222222222222222,0.7666666666666668,0.02436323366555925,Approved,0.44999999999999996,0.09924750864348184
Male,0.6000000000000001,Graduate,Yes,0.15463917525773194,0.10969387755102042,0.5555555555555556,0.14166666666666672,0.10299003322259137,Rejected,0.48239999999999994,0.27638804148871265
Male,0.0,Graduate,Yes,0.6082474226804123,0.586734693877551,0.5555555555555556,0.29666666666666675,0.3133997785160576,Approved,0.9279999999999999,0.0980272523896685
Female,0.2,Graduate,Yes,0.1958762886597938,0.18877551020408162,0.7777777777777777,0.04500000000000004,0.13399778516057587,Rejected,0.8668,0.17754728492983526
Female,0.0,Graduate,No,0.29896907216494845,0.22959183673469388,0.2222222222222222,0.605,0.15725359911406425,Approved,0.6000000000000001,0.16676835468781778
Female,0.4,Not Graduate,Yes,0.15463917525773194,0.0816326530612245,1.0,0.655,0.10741971207087486,Rejected,0.22360000000000002,0.43441122635753515
Female,0.6000000000000001,Graduate,No,0.15463917525773194,0.13010204081632654,0.2222222222222222,0.6833333333333333,0.13953488372093026,Rejected,0.6704000000000001,0.3369941020947733
Female,0.8,Not Graduate,Yes,0.3917525773195876,0.3622448979591837,0.2222222222222222,0.685,0.2513842746400886,Rejected,0.8500000000000001,0.17144600366076876
Female,1.0,Graduate,No,0.556701030927835,0.46173469387755106,0.3333333333333333,0.14333333333333342,0.3820598006644519,Rejected,0.7143999999999999,0.2332723205206427
Male,0.8,Graduate,Yes,0.3814432989690722,0.29591836734693877,0.4444444444444445,0.925,0.2967884828349945,Approved,0.6204000000000001,0.31238560097620505
Female,0.8,Graduate,Yes,0.6082474226804123,0.38265306122448983,0.6666666666666665,0.45500000000000007,0.35769656699889263,Approved,0.4032,0.28208257067317477
Male,0.0,Graduate,Yes,0.09278350515463918,0.06377551020408163,0.8888888888888888,0.21833333333333338,0.06755260243632337,Approved,0.4179999999999999,0.3195037624567827
Male,0.4,Graduate,No,0.5463917525773195,0.36989795918367346,0.3333333333333333,0.10666666666666669,0.37873754152823924,Rejected,0.47639999999999993,0.3229611551759203
Female,0.8,Graduate,Yes,0.09278350515463918,0.08418367346938777,0.6666666666666665,0.685,0.0753045404208195,Rejected,0.7092,0.25422005287777105
Male,0.8,Not Graduate,Yes,0.020618556701030927,0.015306122448979593,1.0,0.7850000000000001,0.035437430786268,Rejected,0.29999999999999993,0.6609721374822046
Female,0.6000000000000001,Graduate,No,0.9278350515463917,0.9209183673469388,0.8888888888888888,0.615,0.6489479512735328,Approved,0.9827999999999999,0.17714053284523087
Male,0.8,Not Graduate,Yes,0.9381443298969072,0.6938775510204082,0.8888888888888888,0.06333333333333335,0.6987818383167221,Rejected,0.5828,0.317063249949156
Female,0.2,Graduate,No,0.09278350515463918,0.0816326530612245,0.3333333333333333,0.43666666666666676,0.0753045404208195,Rejected,0.6728000000000001,0.2658124872889974
Male,0.6000000000000001,Not Graduate,No,0.556701030927835,0.46938775510204084,0.0,0.7816666666666667,0.4197120708748616,Rejected,0.7356,0.2639821029082774
Female,0.0,Graduate,Yes,0.6288659793814433,0.5408163265306122,0.3333333333333333,0.5483333333333333,0.3410852713178295,Approved,0.7651999999999999,0.142566605653854
Female,0.6000000000000001,Graduate,No,0.8865979381443299,0.45408163265306123,0.2222222222222222,0.665,0.398671096345515,Approved,0.2227999999999999,0.25645718934309547
Female,0.0,Not Graduate,No,0.845360824742268,0.5229591836734694,1.0,0.4833333333333334,0.6256921373200444,Approved,0.39039999999999997,0.4039048200122026
Female,0.6000000000000001,Graduate,Yes,0.14432989690721648,0.1377551020408163,0.1111111111111111,0.6783333333333335,0.15614617940199338,Approved,0.8248,0.3648566198901769
Female,0.6000000000000001,Not Graduate,Yes,0.443298969072165,0.28316326530612246,0.3333333333333333,0.15166666666666673,0.3244739756367664,Rejected,0.4132,0.3772625584706122
Male,1.0,Not Graduate,No,0.6494845360824741,0.4642857142857143,0.1111111111111111,0.9850000000000001,0.522702104097453,Rejected,0.5384,0.3707545251169412
Male,0.6000000000000001,Graduate,Yes,0.9587628865979381,0.5178571428571428,0.0,0.7183333333333335,0.5171650055370987,Approved,0.2672,0.31238560097620505
Male,0.6000000000000001,Not Graduate,No,0.4639175257731959,0.41836734693877553,0.5555555555555556,0.7916666666666667,0.2890365448504984,Rejected,0.8211999999999999,0.17022574740695548
Female,1.0,Graduate,Yes,0.9690721649484536,0.8188775510204082,0.0,0.9950000000000001,0.5703211517165007,Approved,0.75,0.17327638804148873
Male,1.0,Graduate,No,0.8041237113402061,0.673469387755102,1.0,0.8233333333333335,0.6644518272425249,Approved,0.7352000000000001,0.3075045759609518
Female,0.4,Graduate,No,0.7731958762886597,0.41836734693877553,0.2222222222222222,0.42500000000000004,0.4651162790697675,Approved,0.26759999999999995,0.3638397396786659
Female,0.2,Not Graduate,Yes,0.3505154639175258,0.25510204081632654,0.5555555555555556,0.3933333333333334,0.24141749723145076,Rejected,0.5444,0.2857433394346146
Male,0.4,Not Graduate,No,0.05154639175257732,0.03571428571428571,0.4444444444444445,0.8983333333333334,0.036544850498338874,Rejected,0.37159999999999993,0.2900142363229612
Male,0.0,Graduate,Yes,0.12371134020618556,0.12244897959183675,0.2222222222222222,0.9833333333333334,0.14064230343300113,Approved,0.8572,0.3699410209477324
Female,0.2,Graduate,Yes,0.8659793814432989,0.7040816326530612,1.0,0.19166666666666676,0.682170542635659,Approved,0.6976,0.29936953426886315
Male,0.8,Graduate,No,0.4639175257731959,0.3928571428571429,0.1111111111111111,0.9466666666666668,0.26578073089701,Approved,0.736,0.16351433801098234
Female,0.6000000000000001,Graduate,Yes,0.27835051546391754,0.14030612244897958,0.5555555555555556,0.08833333333333337,0.26356589147286824,Rejected,0.19999999999999996,0.6959528167581859
Female,0.8,Not Graduate,No,0.9072164948453608,0.7321428571428571,0.7777777777777777,0.4833333333333334,0.6788482834994464,Rejected,0.6888000000000001,0.28025218629245485
Female,1.0,Graduate,Yes,0.03092783505154639,0.015306122448979593,0.8888888888888888,0.53,0.035437430786268,Rejected,0.12,0.6609721374822046
Female,0.4,Not Graduate,Yes,0.05154639175257732,0.03571428571428571,0.4444444444444445,0.39833333333333343,0.053156146179402,Rejected,0.37159999999999993,0.46959528167581865
Female,0.0,Graduate,No,0.6804123711340205,0.6811224489795918,0.1111111111111111,0.21500000000000008,0.6101882613510521,Approved,0.9884,0.2656091112466952
Male,0.4,Graduate,No,0.16494845360824742,0.11224489795918367,0.3333333333333333,0.8200000000000001,0.1284606866002215,Rejected,0.44440000000000013,0.36668700427089684
Male,0.0,Not Graduate,No,0.5979381443298969,0.30867346938775514,0.0,0.5133333333333334,0.32558139534883723,Approved,0.2268,0.33618059792556443
Female,0.8,Graduate,Yes,0.5360824742268041,0.5408163265306122,0.6666666666666665,0.42500000000000004,0.301218161683278,Rejected,0.9924,0.10860280658938379
Female,1.0,Graduate,Yes,0.845360824742268,0.4387755102040817,0.5555555555555556,0.5333333333333334,0.6677740863787376,Approved,0.23320000000000007,0.5529794590197274
Male,0.0,Graduate,No,0.7422680412371133,0.5255102040816326,0.2222222222222222,0.5583333333333333,0.6356589147286822,Approved,0.5295999999999998,0.41000610128126913
Male,0.4,Graduate,No,0.30927835051546393,0.3112244897959184,0.4444444444444445,0.2616666666666667,0.22369878183831676,Rejected,0.9624000000000001,0.18263168598739069
Female,0.2,Graduate,Yes,0.5360824742268041,0.5382653061224489,0.3333333333333333,0.08333333333333337,0.3289036544850499,Approved,0.9852000000000001,0.13361805979255645
Male,1.0,Graduate,Yes,0.08247422680412371,0.05612244897959184,0.6666666666666665,0.9750000000000001,0.05869324473975638,Rejected,0.3999999999999999,0.31116534472239166
Female,0.0,Graduate,No,0.4329896907216495,0.3673469387755102,0.7777777777777777,0.5633333333333335,0.25913621262458475,Approved,0.7364000000000002,0.17673378076062643
Male,0.2,Graduate,Yes,0.3711340206185567,0.2602040816326531,0.5555555555555556,0.6833333333333333,0.25027685492801777,Approved,0.5051999999999999,0.29286150091519225
Female,0.6000000000000001,Not Graduate,Yes,0.6082474226804123,0.5255102040816326,0.8888888888888888,0.28333333333333344,0.3776301218161684,Rejected,0.7704,0.18324181411429738
Male,1.0,Not Graduate,Yes,0.5463917525773195,0.43367346938775514,0.7777777777777777,0.9566666666666668,0.2779623477297896,Rejected,0.6579999999999999,0.147244254626805
Female,1.0,Not Graduate,Yes,0.03092783505154639,0.03826530612244898,0.8888888888888888,0.18500000000000005,0.02879291251384275,Rejected,0.8400000000000001,0.18649583079113283
Male,0.0,Not Graduate,Yes,0.010309278350515465,0.020408163265306124,0.0,0.30333333333333334,0.01550387596899225,Rejected,0.8668,0.18019117347976407
Male,0.2,Graduate,Yes,0.6185567010309277,0.42346938775510207,0.0,0.16000000000000003,0.5426356589147288,Approved,0.49039999999999995,0.4419361399227171
Female,0.0,Not Graduate,No,0.010309278350515465,0.015306122448979593,1.0,0.22666666666666668,0.008859357696567,Rejected,0.6000000000000001,0.11856823266219238
Male,0.0,Not Graduate,Yes,0.6907216494845361,0.5561224489795918,1.0,0.0050000000000000044,0.5171650055370987,Approved,0.6812,0.2808623144193614
Female,0.8,Graduate,No,0.36082474226804123,0.28316326530612246,0.5555555555555556,0.7133333333333334,0.212624584717608,Rejected,0.6324000000000001,0.19707138499084811
Male,0.6000000000000001,Not Graduate,Yes,0.8865979381443299,0.721938775510204,0.4444444444444445,0.7916666666666667,0.5692137320044297,Approved,0.7,0.21578198088265202
Female,1.0,Graduate,Yes,0.8247422680412371,0.5918367346938775,0.5555555555555556,0.17000000000000004,0.5127353266888152,Approved,0.5464,0.25157616432784224
Male,0.2,Not Graduate,Yes,0.9278350515463917,0.7959183673469388,0.8888888888888888,0.6633333333333333,0.4396456256921374,Approved,0.7696000000000001,0.10636567012405937
Female,0.0,Not Graduate,No,0.2268041237113402,0.1913265306122449,0.6666666666666665,0.6083333333333334,0.186046511627907,Rejected,0.7,0.29591214154972545
Male,0.8,Not Graduate,No,0.4020618556701031,0.33673469387755106,0.8888888888888888,0.31666666666666676,0.292358803986711,Rejected,0.7172000000000001,0.25116941224323774
Female,0.2,Graduate,No,0.8041237113402061,0.8061224489795918,0.5555555555555556,0.3400000000000001,0.5869324473975638,Approved,0.9952000000000001,0.18791946308724836
Male,0.6000000000000001,Not Graduate,Yes,0.3505154639175258,0.211734693877551,0.3333333333333333,0.8166666666666667,0.2868217054263566,Approved,0.3555999999999999,0.4693919056335164
Female,0.2,Not Graduate,Yes,0.05154639175257732,0.06122448979591837,1.0,0.615,0.04208194905869325,Rejected,0.9428000000000001,0.16392109009558678
Female,0.8,Not Graduate,No,0.8350515463917525,0.7755102040816326,0.2222222222222222,0.135,0.6079734219269104,Rejected,0.8795999999999999,0.21374822045962985
Female,0.0,Graduate,Yes,0.5257731958762886,0.375,0.0,1.0,0.33444075304540427,Approved,0.532,0.2623550945698597
Male,0.8,Graduate,No,0.8350515463917525,0.6275510204081632,0.7777777777777777,0.3433333333333334,0.6013289036544851,Rejected,0.6000000000000001,0.2942851332113078
Female,0.6000000000000001,Not Graduate,Yes,0.23711340206185563,0.21683673469387754,0.5555555555555556,0.3966666666666667,0.20708748615725361,Rejected,0.808,0.2887939800691479
Male,0.6000000000000001,Graduate,Yes,0.5360824742268041,0.35969387755102045,0.3333333333333333,0.6283333333333334,0.469545957918051,Approved,0.4667999999999999,0.4519015659955258
Female,0.8,Graduate,No,0.14432989690721648,0.11734693877551021,0.3333333333333333,0.6416666666666668,0.11184939091915837,Rejected,0.6248,0.28330282692698794
Male,0.4,Not Graduate,No,0.2268041237113402,0.15051020408163265,0.5555555555555556,0.9333333333333333,0.20819490586932451,Rejected,0.43320000000000003,0.4773235712833028
Female,1.0,Not Graduate,No,0.6288659793814433,0.36989795918367346,0.2222222222222222,0.5133333333333334,0.5913621262458473,Rejected,0.3396,0.5867398820418954
Male,0.8,Graduate,Yes,0.23711340206185563,0.12755102040816327,0.4444444444444445,0.4,0.14950166112956814,Rejected,0.248,0.38092332723205213
Male,0.0,Graduate,Yes,0.7525773195876289,0.42091836734693877,0.7777777777777777,0.32000000000000006,0.691029900332226,Approved,0.29600000000000004,0.6076876143990239
Female,0.6000000000000001,Not Graduate,No,0.27835051546391754,0.20918367346938774,0.6666666666666665,0.8900000000000001,0.17607973421926912,Rejected,0.5724,0.23754321740898923
Male,0.6000000000000001,Graduate,Yes,0.08247422680412371,0.0816326530612245,0.7777777777777777,0.8900000000000001,0.06423034330011074,Approved,0.8,0.20764693919056335
Male,0.4,Graduate,Yes,0.8659793814432989,0.7270408163265306,0.3333333333333333,0.9833333333333334,0.6334440753045405,Approved,0.7396,0.25422005287777105
Female,0.2,Not Graduate,No,0.010309278350515465,0.020408163265306124,0.5555555555555556,0.2383333333333334,0.0221483942414175,Rejected,0.8668,0.2912344925767745
Male,1.0,Not Graduate,No,0.21649484536082472,0.1377551020408163,0.8888888888888888,0.04833333333333334,0.17829457364341086,Rejected,0.3912,0.43624161073825507
Male,0.4,Not Graduate,Yes,0.2268041237113402,0.13010204081632654,0.5555555555555556,0.7316666666666667,0.11517165005537099,Approved,0.29999999999999993,0.25422005287777105
Male,1.0,Graduate,Yes,0.9896907216494845,0.7653061224489796,0.2222222222222222,0.9450000000000001,0.8217054263565893,Approved,0.6368,0.3481797844213952
Female,0.4,Not Graduate,No,0.8144329896907216,0.625,0.2222222222222222,0.011666666666666714,0.5027685492801772,Rejected,0.6248,0.22310351840553186
Male,0.6000000000000001,Graduate,No,0.6701030927835051,0.38775510204081637,0.8888888888888888,0.32000000000000006,0.43632336655592474,Rejected,0.32520000000000004,0.36973764490543015
Female,0.2,Not Graduate,Yes,0.845360824742268,0.6224489795918366,0.8888888888888888,0.6633333333333333,0.8936877076411961,Approved,0.5759999999999998,0.5151515151515151
Male,0.4,Graduate,No,0.0,0.01020408163265306,0.3333333333333333,0.9183333333333334,0.0132890365448505,Approved,0.8,0.31238560097620505
Male,0.4,Graduate,No,0.4639175257731959,0.3112244897959184,0.6666666666666665,0.125,0.2513842746400886,Rejected,0.46399999999999997,0.2233068944478341
Male,0.0,Graduate,Yes,0.422680412371134,0.35714285714285715,0.6666666666666665,0.5016666666666667,0.29568106312292364,Approved,0.7303999999999999,0.23286556843603826
Female,0.8,Not Graduate,No,0.20618556701030927,0.17091836734693877,1.0,0.76,0.1550387596899225,Rejected,0.6728000000000001,0.2658124872889974
Male,0.8,Graduate,Yes,0.8659793814432989,0.48214285714285715,0.1111111111111111,0.9466666666666668,0.7043189368770765,Approved,0.2932,0.5253203172666261
Male,0.8,Graduate,Yes,0.18556701030927833,0.1760204081632653,0.4444444444444445,0.8966666666666667,0.12181616832779625,Rejected,0.8400000000000001,0.1694122432377466
Female,0.8,Not Graduate,Yes,0.4123711340206186,0.3979591836734694,0.6666666666666665,0.125,0.3754152823920266,Rejected,0.9144000000000001,0.2861500915192191
Male,0.0,Not Graduate,Yes,0.5051546391752577,0.3112244897959184,0.8888888888888888,0.7966666666666669,0.24252491694352163,Approved,0.38039999999999996,0.2102908277404922
Female,0.4,Graduate,Yes,0.4020618556701031,0.2780612244897959,0.2222222222222222,0.2366666666666667,0.336655592469546,Approved,0.4928000000000001,0.4067520846044336
Female,0.2,Graduate,Yes,0.9999999999999999,1.0,0.5555555555555556,0.8466666666666667,0.6511627906976745,Approved,0.996,0.1523286556843604
Male,0.2,Not Graduate,Yes,0.30927835051546393,0.22193877551020408,1.0,0.12,0.17829457364341086,Rejected,0.5247999999999999,0.2202562538133008
Female,0.4,Graduate,No,0.5463917525773195,0.4770408163265306,0.1111111111111111,0.4950000000000001,0.31782945736434115,Approved,0.782,0.15904006508033355
Male,0.0,Graduate,Yes,0.7835051546391752,0.7346938775510203,1.0,0.2250000000000001,0.6722037652270211,Approved,0.8923999999999999,0.27455765710799274
Female,0.6000000000000001,Graduate,Yes,0.32989690721649484,0.23979591836734693,1.0,0.7133333333333334,0.13621262458471764,Approved,0.5412000000000001,0.11368720764693921
Female,0.8,Graduate,Yes,0.7938144329896907,0.6530612244897959,0.6666666666666665,0.1216666666666667,0.6655592469545959,Rejected,0.7112,0.3225544030913159
Male,0.6000000000000001,Graduate,Yes,0.8969072164948453,0.4642857142857143,0.4444444444444445,0.11166666666666669,0.53156146179402,Approved,0.23160000000000003,0.3794996949359366
Female,0.4,Graduate,No,0.7319587628865979,0.4795918367346939,0.6666666666666665,0.42000000000000004,0.39645625692137326,Approved,0.4463999999999999,0.23286556843603826
Female,0.8,Not Graduate,Yes,0.3195876288659794,0.26275510204081637,0.3333333333333333,0.275,0.16168327796234774,Rejected,0.6848000000000001,0.13524506813097417
Female,0.8,Graduate,Yes,0.27835051546391754,0.2602040816326531,0.3333333333333333,0.5116666666666667,0.23145071982281287,Rejected,0.8484,0.2601179581045353
Female,0.4,Graduate,Yes,0.03092783505154639,0.025510204081632654,0.1111111111111111,0.21166666666666667,0.043189368770764125,Rejected,0.43999999999999995,0.5202359162090705
Female,0.6000000000000001,Not Graduate,No,0.7216494845360825,0.5331632653061225,0.1111111111111111,0.685,0.5005537098560355,Rejected,0.5775999999999999,0.2849298352654057
Male,0.6000000000000001,Not Graduate,No,0.8350515463917525,0.6071428571428571,0.6666666666666665,0.8716666666666668,0.4197120708748616,Approved,0.5615999999999999,0.17063249949155992
Female,0.2,Not Graduate,Yes,0.8762886597938144,0.5153061224489796,0.2222222222222222,0.3716666666666667,0.5968992248062016,Approved,0.3423999999999999,0.38621110433190975
Male,0.8,Not Graduate,Yes,0.7113402061855669,0.7040816326530612,0.4444444444444445,0.046666666666666745,0.6223698781838317,Rejected,0.972,0.2601179581045353
Female,0.6000000000000001,Graduate,Yes,0.9896907216494845,0.711734693877551,0.5555555555555556,0.7016666666666667,0.5913621262458473,Approved,0.5511999999999999,0.23550945698596706
Male,0.0,Graduate,Yes,0.6907216494845361,0.4260204081632653,1.0,0.4983333333333334,0.6423034330011075,Approved,0.38559999999999994,0.5460646735814522
Male,0.0,Not Graduate,No,0.2268041237113402,0.11989795918367348,0.6666666666666665,0.4666666666666667,0.20598006644518274,Rejected,0.23320000000000007,0.6202969290217613
Female,0.2,Not Graduate,Yes,0.1958762886597938,0.11734693877551021,0.4444444444444445,0.74,0.09080841638981174,Approved,0.33320000000000005,0.2043929225137279
Female,0.4,Graduate,Yes,0.7216494845360825,0.6020408163265306,0.1111111111111111,0.43166666666666675,0.49390919158361024,Approved,0.7276,0.23042505592841164
Female,0.4,Graduate,No,0.4536082474226804,0.33673469387755106,0.7777777777777777,0.4783333333333334,0.318936877076412,Rejected,0.5740000000000001,0.2873703477730323
Male,1.0,Graduate,Yes,0.9999999999999999,0.8035714285714285,0.8888888888888888,0.8616666666666668,0.7508305647840532,Approved,0.6848000000000001,0.28370957901159244
Female,0.8,Not Graduate,Yes,0.010309278350515465,0.017857142857142856,1.0,0.5916666666666668,0.0132890365448505,Rejected,0.7332000000000001,0.17286963595688434
Male,1.0,Graduate,Yes,0.6907216494845361,0.6020408163265306,0.2222222222222222,0.13666666666666671,0.5980066445182725,Rejected,0.7856000000000001,0.3103518405531829
Male,0.4,Graduate,Yes,0.15463917525773194,0.10204081632653061,0.2222222222222222,0.7750000000000001,0.11517165005537099,Approved,0.41159999999999997,0.35834858653650603
Male,0.4,Graduate,Yes,0.4329896907216495,0.24744897959183673,1.0,0.3600000000000001,0.35326688815060914,Approved,0.30920000000000003,0.5043725849094977
Female,0.8,Not Graduate,Yes,0.422680412371134,0.375,0.3333333333333333,0.13833333333333342,0.20265780730897012,Rejected,0.7951999999999999,0.10107789302420181
Female,0.4,Not Graduate,No,0.36082474226804123,0.3520408163265306,0.2222222222222222,0.5550000000000002,0.16943521594684388,Rejected,0.9243999999999999,0.0738255033557047
Male,0.2,Graduate,No,0.5876288659793814,0.38010204081632654,0.0,0.41166666666666674,0.40974529346622374,Approved,0.4303999999999999,0.34797640837909294
Male,1.0,Not Graduate,Yes,0.8659793814432989,0.6632653061224489,0.4444444444444445,0.905,0.6877076411960134,Approved,0.6232,0.33068944478340456
Female,0.6000000000000001,Not Graduate,Yes,0.32989690721649484,0.32908163265306123,0.3333333333333333,0.8050000000000002,0.26910299003322263,Rejected,0.9528000000000001,0.22798454342078503
Male,0.6000000000000001,Not Graduate,Yes,0.08247422680412371,0.07397959183673469,0.6666666666666665,0.8166666666666667,0.06976744186046512,Rejected,0.6800000000000002,0.27333740085417935
Female,0.2,Not Graduate,Yes,0.4329896907216495,0.3545918367346939,0.7777777777777777,0.18166666666666675,0.3399778516057586,Rejected,0.6907999999999999,0.29286150091519225
Male,0.0,Not Graduate,No,0.3505154639175258,0.1913265306122449,0.6666666666666665,0.1266666666666667,0.345514950166113,Rejected,0.2667999999999999,0.6713443156396177
Female,0.6000000000000001,Not Graduate,No,0.12371134020618556,0.06122448979591837,0.3333333333333333,0.5416666666666667,0.09856035437430787,Rejected,0.17159999999999997,0.5478950579621721
Male,0.0,Not Graduate,No,0.5257731958762886,0.27040816326530615,0.8888888888888888,0.6783333333333335,0.39202657807308977,Approved,0.2227999999999999,0.5153548911938174
Female,0.6000000000000001,Graduate,Yes,0.9484536082474226,0.5153061224489796,0.2222222222222222,0.5750000000000002,0.7165005537098561,Approved,0.2724,0.49339027862517804
Male,0.8,Not Graduate,Yes,0.6597938144329897,0.5561224489795918,0.2222222222222222,0.9783333333333335,0.345514950166113,Approved,0.7391999999999999,0.13829570876550742
Female,1.0,Graduate,No,0.9896907216494845,0.9515306122448979,0.8888888888888888,0.03166666666666673,0.5415282392026579,Rejected,0.9348000000000001,0.11409395973154365
Female,0.2,Not Graduate,No,0.17525773195876287,0.11734693877551021,1.0,0.5783333333333334,0.15836101882613512,Rejected,0.4316,0.4575960951799878
Male,0.4,Not Graduate,Yes,0.5773195876288659,0.5663265306122449,0.2222222222222222,0.9800000000000002,0.398671096345515,Approved,0.9516,0.17653040471832424
Male,0.4,Not Graduate,No,0.29896907216494845,0.25765306122448983,0.4444444444444445,0.20000000000000007,0.2868217054263566,Rejected,0.742,0.36180597925564373
Female,0.0,Graduate,No,0.6804123711340205,0.46173469387755106,0.0,0.8183333333333334,0.38316722037652273,Approved,0.48239999999999994,0.23428920073215379
Male,1.0,Not Graduate,No,0.4536082474226804,0.4056122448979592,0.5555555555555556,0.9850000000000001,0.2347729789590255,Rejected,0.8088,0.11856823266219238
Female,0.4,Not Graduate,Yes,0.0,0.01020408163265306,0.7777777777777777,0.5683333333333334,0.012181616832779624,Rejected,0.8,0.28330282692698794
Male,0.6000000000000001,Not Graduate,Yes,0.9587628865979381,0.5739795918367346,0.2222222222222222,0.03166666666666673,0.6877076411960134,Approved,0.3599999999999999,0.40492170022371365
Female,1.0,Not Graduate,Yes,0.6185567010309277,0.5586734693877551,1.0,0.865,0.5548172757475084,Approved,0.8324,0.31014846451088063
Female,0.8,Not Graduate,Yes,0.979381443298969,0.8163265306122449,0.8888888888888888,0.14500000000000002,0.5636766334440754,Rejected,0.732,0.17042912344925773
Female,1.0,Graduate,Yes,0.4123711340206186,0.30612244897959184,0.0,0.6433333333333333,0.33333333333333337,Rejected,0.5715999999999999,0.351840553182835
Female,0.2,Graduate,Yes,0.5670103092783505,0.29846938775510207,0.1111111111111111,0.19166666666666676,0.45293466223698786,Approved,0.242,0.5474883058775677
Female,0.4,Graduate,Yes,0.0,0.005102040816326531,0.2222222222222222,0.9750000000000001,0.0,Approved,0.3999999999999999,0.01016880211511087
Female,0.8,Graduate,No,0.8041237113402061,0.6428571428571428,0.1111111111111111,0.7033333333333334,0.6843853820598007,Approved,0.6752,0.3435021354484442
Male,0.8,Graduate,No,0.5154639175257731,0.5127551020408163,1.0,0.7683333333333333,0.292358803986711,Approved,0.9692000000000001,0.1147040878584503
Male,0.2,Graduate,Yes,0.7113402061855669,0.38010204081632654,0.3333333333333333,0.14833333333333343,0.40531561461794025,Approved,0.25639999999999996,0.3424852552369332
Male,0.2,Graduate,Yes,0.9381443298969072,0.7040816326530612,0.5555555555555556,0.5,0.4595791805094131,Approved,0.6000000000000001,0.15293878381126705
Female,1.0,Graduate,No,0.18556701030927833,0.14795918367346939,0.0,0.17833333333333334,0.1107419712070875,Rejected,0.6199999999999999,0.19422412039861706
Female,0.6000000000000001,Graduate,Yes,0.3814432989690722,0.3494897959183674,0.8888888888888888,0.8816666666666668,0.2558139534883721,Approved,0.8359999999999999,0.18893634329875944
Female,0.4,Not Graduate,No,0.26804123711340205,0.14285714285714285,0.2222222222222222,0.9916666666666667,0.18715393133997787,Rejected,0.24280000000000002,0.4437665243034371
Female,1.0,Graduate,Yes,0.288659793814433,0.2755102040816327,0.5555555555555556,0.2350000000000001,0.22037652270210412,Rejected,0.8800000000000001,0.21944274964409197
Male,0.8,Not Graduate,No,0.443298969072165,0.2423469387755102,0.7777777777777777,0.9916666666666667,0.40974529346622374,Rejected,0.2711999999999999,0.6235509456985967
Male,0.8,Graduate,No,0.17525773195876287,0.10204081632653061,0.1111111111111111,0.8766666666666667,0.10963455149501662,Rejected,0.3051999999999999,0.33455358958714665
Female,0.2,Graduate,No,0.21649484536082472,0.1760204081632653,0.3333333333333333,0.255,0.17940199335548176,Rejected,0.6519999999999999,0.3164531218222494
Male,0.0,Graduate,No,0.4639175257731959,0.4387755102040817,0.0,0.6683333333333334,0.2879291251384275,Approved,0.8892,0.15436241610738252
Male,0.4,Not Graduate,Yes,0.1134020618556701,0.06122448979591837,0.3333333333333333,0.5450000000000002,0.043189368770764125,Rejected,0.2307999999999999,0.17144600366076876
Female,0.6000000000000001,Graduate,No,0.29896907216494845,0.2729591836734694,0.0,0.405,0.21151716500553713,Rejected,0.8191999999999999,0.2080536912751678
Male,0.0,Graduate,No,0.845360824742268,0.4387755102040817,0.8888888888888888,0.18500000000000005,0.6622369878183832,Approved,0.23320000000000007,0.5470815537929632
Female,1.0,Graduate,Yes,0.15463917525773194,0.14030612244897958,0.1111111111111111,0.4716666666666667,0.12956810631229237,Rejected,0.7647999999999999,0.2717103925157617
Male,0.4,Not Graduate,No,0.17525773195876287,0.18367346938775508,0.0,0.9816666666666667,0.12181616832779625,Rejected,0.9788000000000001,0.15659955257270694
Female,0.6000000000000001,Not Graduate,No,0.2268041237113402,0.211734693877551,0.3333333333333333,0.6400000000000001,0.1461794019933555,Rejected,0.8332000000000002,0.16900549115314215
Female,1.0,Graduate,No,0.6804123711340205,0.5153061224489796,0.4444444444444445,0.4633333333333334,0.4706533776301219,Rejected,0.6060000000000001,0.2731340248118772
Female,0.2,Graduate,No,0.27835051546391754,0.27040816326530615,1.0,0.2416666666666667,0.23145071982281287,Rejected,0.9036,0.24486475493186902
Female,0.8,Graduate,Yes,0.8969072164948453,0.6632653061224489,0.4444444444444445,0.11499999999999999,0.7751937984496124,Approved,0.5820000000000001,0.39190563351637175
Male,0.2,Not Graduate,No,0.8865979381443299,0.5586734693877551,0.8888888888888888,0.8233333333333335,0.5692137320044297,Approved,0.4092,0.32194427496440925
Female,0.0,Graduate,Yes,0.8247422680412371,0.48214285714285715,0.7777777777777777,0.32000000000000006,0.5813953488372093,Approved,0.33640000000000003,0.4077689648159447
Female,0.6000000000000001,Not Graduate,Yes,0.3505154639175258,0.32908163265306123,0.7777777777777777,0.42833333333333334,0.28128460686600226,Rejected,0.8668,0.24506813097417127
Female,0.8,Graduate,Yes,0.9587628865979381,0.8035714285714285,0.2222222222222222,0.3650000000000001,0.5249169435215948,Approved,0.7387999999999999,0.15314215985356924
Male,0.0,Not Graduate,Yes,0.17525773195876287,0.1377551020408163,0.8888888888888888,0.665,0.15282392026578076,Approved,0.6000000000000001,0.35407768964815944
Female,0.6000000000000001,Not Graduate,Yes,0.9175257731958762,0.6198979591836734,0.0,0.7350000000000001,0.6722037652270211,Approved,0.48119999999999985,0.3526540573520439
Male,1.0,Graduate,No,0.09278350515463918,0.08928571428571429,0.8888888888888888,0.3466666666666667,0.053156146179402,Rejected,0.782,0.12568639414277002
Female,1.0,Not Graduate,Yes,0.09278350515463918,0.06377551020408163,0.4444444444444445,0.5783333333333334,0.1107419712070875,Rejected,0.4179999999999999,0.6028065893837706
Male,0.2,Graduate,No,0.9381443298969072,0.721938775510204,0.6666666666666665,0.5933333333333335,0.7297895902547066,Approved,0.6300000000000001,0.31889363432987594
Male,0.8,Graduate,Yes,0.3814432989690722,0.26275510204081637,0.0,0.2316666666666667,0.274640088593577,Rejected,0.48719999999999986,0.3308928208257067
Female,1.0,Not Graduate,Yes,0.13402061855670103,0.09438775510204082,0.5555555555555556,0.08333333333333337,0.1107419712070875,Rejected,0.4667999999999999,0.37624567825910116
Male,1.0,Graduate,No,0.061855670103092786,0.04846938775510204,0.2222222222222222,0.32166666666666677,0.053156146179402,Rejected,0.5,0.3282489322757779
Female,0.8,Graduate,No,0.04123711340206186,0.03826530612244898,0.2222222222222222,0.9183333333333334,0.04097452934662237,Rejected,0.6000000000000001,0.31075859263778727
Female,0.4,Graduate,No,0.4329896907216495,0.3112244897959184,0.8888888888888888,0.32000000000000006,0.23809523809523814,Rejected,0.5364,0.20378279438682126
Female,0.8,Graduate,Yes,0.2577319587628866,0.13010204081632654,0.2222222222222222,0.935,0.19601328903654489,Approved,0.19999999999999996,0.5291844620703681
Male,0.6000000000000001,Not Graduate,Yes,0.6185567010309277,0.364795918367347,0.0,0.6066666666666667,0.5503875968992249,Approved,0.34199999999999997,0.5454545454545454
Male,1.0,Graduate,Yes,0.05154639175257732,0.025510204081632654,0.7777777777777777,0.10333333333333339,0.0664451827242525,Rejected,0.14279999999999993,0.8486882245271506
Female,0.0,Graduate,No,0.32989690721649484,0.23214285714285712,0.2222222222222222,0.6716666666666666,0.19269102990033224,Approved,0.506,0.232662192393736
Female,0.2,Not Graduate,Yes,0.4845360824742268,0.42091836734693877,0.5555555555555556,0.7633333333333334,0.23255813953488375,Approved,0.7715999999999998,0.10656904616636162
Male,0.6000000000000001,Not Graduate,Yes,0.4123711340206186,0.23979591836734693,0.0,0.16000000000000003,0.23698781838316726,Rejected,0.32399999999999995,0.3044539353264185
Female,0.0,Graduate,Yes,0.5257731958762886,0.26275510204081637,0.0,0.8800000000000001,0.416389811738649,Approved,0.19999999999999996,0.5765710799267847
Female,1.0,Graduate,Yes,0.36082474226804123,0.24744897959183673,1.0,0.6816666666666666,0.25027685492801777,Rejected,0.48119999999999985,0.315232865568436
Female,0.8,Not Graduate,Yes,0.556701030927835,0.4387755102040817,0.4444444444444445,0.38,0.39202657807308977,Rejected,0.6499999999999999,0.263575350823673
Male,0.4,Graduate,Yes,0.422680412371134,0.4005102040816327,0.6666666666666665,0.5383333333333333,0.416389811738649,Approved,0.8884000000000001,0.3304860687411023
Male,0.8,Not Graduate,Yes,0.7113402061855669,0.6173469387755102,0.6666666666666665,0.4983333333333334,0.4750830564784054,Approved,0.7804,0.2068334350213545
Male,0.8,Graduate,Yes,0.5360824742268041,0.3163265306122449,0.1111111111111111,0.5366666666666666,0.3931339977851606,Approved,0.3407999999999999,0.4224120398617043
Female,0.0,Not Graduate,No,0.5979381443298969,0.326530612244898,0.2222222222222222,0.14166666666666672,0.5891472868217055,Approved,0.2731999999999999,0.6796827333740085
Female,0.8,Graduate,Yes,0.4020618556701031,0.3112244897959184,0.0,0.4650000000000001,0.35326688815060914,Rejected,0.6195999999999999,0.3729916615822656
Female,0.8,Not Graduate,No,0.8350515463917525,0.4489795918367347,1.0,0.9100000000000001,0.5825027685492803,Approved,0.2627999999999999,0.44966442953020136
Male,0.6000000000000001,Graduate,No,0.8144329896907216,0.6020408163265306,0.4444444444444445,0.2483333333333334,0.5537098560354375,Approved,0.5804,0.27638804148871265
Female,0.2,Not Graduate,No,0.7216494845360825,0.6275510204081632,0.6666666666666665,0.6100000000000001,0.4119601328903655,Approved,0.7832000000000001,0.15456579214968477
Female,1.0,Graduate,No,0.7216494845360825,0.4387755102040817,0.1111111111111111,0.13333333333333341,0.2879291251384275,Rejected,0.37239999999999995,0.15436241610738252
Female,0.4,Graduate,Yes,0.3402061855670103,0.1989795918367347,0.1111111111111111,0.4816666666666667,0.28017718715393136,Approved,0.3256,0.4927801504982713
Female,0.2,Graduate,No,0.6185567010309277,0.489795918367347,0.5555555555555556,0.9083333333333334,0.34219269102990035,Approved,0.6579999999999999,0.17388651616839537
Male,0.6000000000000001,Not Graduate,No,0.5154639175257731,0.43367346938775514,0.4444444444444445,0.16833333333333333,0.2513842746400886,Rejected,0.7307999999999999,0.11897498474679682
Male,0.0,Not Graduate,No,0.443298969072165,0.3622448979591837,0.0,0.7766666666666668,0.4197120708748616,Approved,0.6888000000000001,0.38458409599349197
Female,1.0,Not Graduate,No,0.5360824742268041,0.3775510204081633,0.5555555555555556,0.3700000000000001,0.32225913621262464,Rejected,0.5184,0.24486475493186902
Male,0.6000000000000001,Not Graduate,Yes,0.18556701030927833,0.1683673469387755,0.2222222222222222,0.8900000000000001,0.1550387596899225,Approved,0.78,0.27191376855806393
Male,0.6000000000000001,Graduate,No,0.8969072164948453,0.6403061224489796,0.3333333333333333,0.4800000000000001,0.602436323366556,Approved,0.5416000000000001,0.2861500915192191
Female,0.4,Graduate,No,0.49484536082474223,0.26275510204081637,0.1111111111111111,0.45000000000000007,0.37984496124031014,Approved,0.248,0.5133211307707952
Female,0.4,Graduate,No,0.4845360824742268,0.4413265306122449,0.2222222222222222,0.9333333333333333,0.43189368770764125,Approved,0.8368,0.30282692698800084
Male,0.8,Graduate,Yes,0.5257731958762886,0.48214285714285715,0.1111111111111111,0.5916666666666668,0.469545957918051,Approved,0.8492000000000002,0.3007931665649787
Female,0.6000000000000001,Not Graduate,Yes,0.8556701030927835,0.6989795918367346,0.1111111111111111,0.2616666666666667,0.30675526024363237,Rejected,0.7036,0.05369127516778524
Male,1.0,Graduate,Yes,0.05154639175257732,0.04591836734693877,0.6666666666666665,0.9383333333333335,0.04651162790697675,Rejected,0.6000000000000001,0.29286150091519225
Female,0.6000000000000001,Not Graduate,Yes,0.5876288659793814,0.4744897959183674,0.1111111111111111,0.7366666666666668,0.5105204872646734,Approved,0.6812,0.3477730323367907
Male,0.6000000000000001,Graduate,No,0.3402061855670103,0.3316326530612245,0.1111111111111111,0.8300000000000001,0.310077519379845,Rejected,0.9199999999999999,0.28167581858857027
Female,1.0,Not Graduate,Yes,0.7731958762886597,0.4744897959183674,0.7777777777777777,0.42000000000000004,0.5736434108527132,Rejected,0.382,0.40919259711206024
Male,0.4,Not Graduate,Yes,0.443298969072165,0.3112244897959184,0.5555555555555556,0.19666666666666666,0.23255813953488375,Rejected,0.5111999999999999,0.19564775269473259
Male,0.0,Graduate,No,0.9175257731958762,0.5586734693877551,0.2222222222222222,0.19833333333333336,0.3942414174972315,Approved,0.3759999999999999,0.17734390888753307
Male,0.2,Not Graduate,Yes,0.9072164948453608,0.7551020408163265,0.0,0.6133333333333335,0.6423034330011075,Approved,0.7288000000000001,0.24466137888956682
Female,0.4,Not Graduate,No,0.8969072164948453,0.7372448979591837,0.3333333333333333,0.5133333333333334,0.673311184939092,Approved,0.7124000000000001,0.27374415293878385
Male,1.0,Not Graduate,No,0.6494845360824741,0.34438775510204084,0.4444444444444445,0.07000000000000006,0.43078626799557035,Rejected,0.2492000000000001,0.42668293675005087
Male,0.8,Not Graduate,Yes,0.8144329896907216,0.451530612244898,0.3333333333333333,0.8616666666666668,0.40420819490586934,Approved,0.28879999999999995,0.2643888549928818
Female,0.2,Not Graduate,No,0.845360824742268,0.7551020408163265,0.7777777777777777,0.29333333333333333,0.6456256921373201,Approved,0.8240000000000001,0.24669513931258905
Female,0.0,Not Graduate,No,0.5257731958762886,0.5025510204081632,0.2222222222222222,0.9683333333333335,0.47286821705426363,Approved,0.9096,0.2857433394346146
Male,0.4,Graduate,No,0.4020618556701031,0.3903061224489796,0.5555555555555556,0.8966666666666667,0.30675526024363237,Approved,0.9220000000000002,0.21374822045962985
Male,0.6000000000000001,Not Graduate,No,0.6907216494845361,0.6913265306122449,0.1111111111111111,0.17666666666666675,0.5038759689922481,Rejected,0.9884,0.18812283912955055
Female,0.2,Graduate,Yes,0.5154639175257731,0.489795918367347,0.5555555555555556,0.7966666666666669,0.3853820598006645,Approved,0.8999999999999999,0.21456172462883874
Female,1.0,Not Graduate,Yes,0.18556701030927833,0.18112244897959182,0.6666666666666665,0.8316666666666668,0.13621262458471764,Rejected,0.8800000000000001,0.19646125686394142
Female,0.6000000000000001,Graduate,No,0.4536082474226804,0.44642857142857145,1.0,0.6933333333333334,0.33333333333333337,Rejected,0.948,0.19585112873703484
Female,0.0,Graduate,Yes,0.7113402061855669,0.5051020408163265,0.7777777777777777,0.76,0.3942414174972315,Approved,0.5324,0.21171446003660768
Female,0.0,Not Graduate,No,0.9381443298969072,0.5051020408163265,0.4444444444444445,0.7383333333333335,0.46179401993355484,Approved,0.26439999999999997,0.2735407768964817
Male,0.6000000000000001,Not Graduate,No,0.5360824742268041,0.4872448979591837,1.0,0.7183333333333335,0.45293466223698786,Rejected,0.8371999999999999,0.280455562334757
Female,0.6000000000000001,Not Graduate,No,0.4020618556701031,0.20918367346938774,0.0,0.8883333333333334,0.345514950166113,Approved,0.22919999999999996,0.6036200935529795
Male,0.8,Not Graduate,No,0.4845360824742268,0.28316326530612246,0.3333333333333333,0.28333333333333344,0.42746400885935776,Rejected,0.3308,0.5432174089892211
Male,1.0,Graduate,Yes,0.5360824742268041,0.5331632653061225,1.0,0.7233333333333334,0.30675526024363237,Rejected,0.9704000000000002,0.11694122432377466
Male,0.0,Graduate,No,0.288659793814433,0.23724489795918366,0.5555555555555556,0.5333333333333334,0.21816168327796237,Approved,0.6800000000000002,0.27333740085417935
Female,0.0,Not Graduate,Yes,0.6804123711340205,0.35969387755102045,0.3333333333333333,0.8533333333333335,0.5182724252491695,Approved,0.24719999999999986,0.5141346349400041
Male,0.8,Graduate,Yes,0.5051546391752577,0.3494897959183674,0.5555555555555556,0.265,0.29457364341085274,Rejected,0.498,0.23978035387431365
Male,0.0,Graduate,Yes,0.9896907216494845,0.8239795918367346,0.4444444444444445,0.6733333333333333,0.593576965669989,Approved,0.7307999999999999,0.1842586943258084
Female,0.2,Graduate,Yes,0.14432989690721648,0.09693877551020409,0.2222222222222222,0.15166666666666673,0.12956810631229237,Rejected,0.42479999999999984,0.4476306691071792
Male,0.8,Graduate,No,0.8041237113402061,0.7346938775510203,0.1111111111111111,0.20166666666666666,0.5592469545957919,Rejected,0.8552,0.20317266625991462
Male,1.0,Graduate,No,0.27835051546391754,0.16326530612244897,0.6666666666666665,0.8266666666666667,0.23255813953488375,Rejected,0.32399999999999995,0.4970510473866179
Female,0.8,Graduate,No,0.9278350515463917,0.7653061224489796,0.4444444444444445,0.5116666666666667,0.8715393133997786,Approved,0.7172000000000001,0.37848281472442546
Male,0.6000000000000001,Not Graduate,No,0.9587628865979381,0.5127551020408163,0.6666666666666665,0.1266666666666667,0.4739756367663345,Rejected,0.2587999999999999,0.2782184258694326
Male,0.0,Graduate,Yes,0.36082474226804123,0.20918367346938774,0.3333333333333333,0.20666666666666667,0.2879291251384275,Approved,0.3188,0.47915395566402275
Male,1.0,Graduate,Yes,0.7113402061855669,0.5229591836734694,0.2222222222222222,0.2366666666666667,0.4972314507198229,Rejected,0.5720000000000001,0.2904209884075656
Female,1.0,Not Graduate,No,0.556701030927835,0.4413265306122449,0.6666666666666665,0.2466666666666667,0.3931339977851606,Rejected,0.6572,0.2623550945698597
Female,0.0,Graduate,Yes,0.10309278350515465,0.06122448979591837,0.0,0.5633333333333335,0.06423034330011074,Approved,0.29999999999999993,0.3144193613992272
Female,0.6000000000000001,Not Graduate,No,0.14432989690721648,0.13520408163265304,0.2222222222222222,0.6833333333333333,0.12292358803986712,Rejected,0.8,0.2652023591620907
Male,0.8,Not Graduate,Yes,0.14432989690721648,0.11479591836734694,1.0,0.5683333333333334,0.11406423034330011,Rejected,0.6000000000000001,0.3007931665649787
Male,0.4,Not Graduate,No,0.5257731958762886,0.5076530612244897,0.4444444444444445,0.08000000000000007,0.46179401993355484,Rejected,0.9243999999999999,0.2713036404311573
Female,1.0,Not Graduate,No,0.9175257731958762,0.5,1.0,0.3650000000000001,0.7165005537098561,Rejected,0.27479999999999993,0.5127110026438886
Male,0.8,Not Graduate,Yes,0.9484536082474226,0.8852040816326531,0.4444444444444445,0.3616666666666667,0.6600221483942414,Rejected,0.8892,0.19605450477933703
Male,0.6000000000000001,Not Graduate,No,0.5876288659793814,0.5637755102040816,0.2222222222222222,0.125,0.43743078626799564,Rejected,0.9188000000000001,0.20968069961358551
Female,0.4,Graduate,Yes,0.09278350515463918,0.07908163265306123,0.4444444444444445,0.21000000000000008,0.0664451827242525,Rejected,0.6364000000000001,0.2302216798861094
Female,0.8,Graduate,Yes,0.29896907216494845,0.28571428571428575,0.6666666666666665,0.8083333333333333,0.212624584717608,Approved,0.8839999999999999,0.19402074435631486
Male,0.8,Not Graduate,No,0.20618556701030927,0.211734693877551,1.0,0.1216666666666667,0.13621262458471764,Rejected,0.9636,0.14785438275371163
Male,0.2,Graduate,No,0.5979381443298969,0.5051020408163265,0.2222222222222222,0.29333333333333333,0.48947951273532675,Approved,0.74,0.2987594061419565
Male,0.2,Graduate,Yes,0.18556701030927833,0.13520408163265304,0.8888888888888888,0.033333333333333326,0.12181616832779625,Rejected,0.5199999999999998,0.26154159040065084
Female,0.8,Graduate,No,0.7216494845360825,0.5765306122448979,0.8888888888888888,0.595,0.451827242524917,Rejected,0.6724000000000001,0.2133414683750254
Female,0.2,Not Graduate,Yes,0.03092783505154639,0.04081632653061224,0.5555555555555556,0.9466666666666668,0.026578073089700997,Approved,0.9199999999999999,0.147244254626805
Female,0.2,Not Graduate,Yes,0.5773195876288659,0.3469387755102041,0.2222222222222222,0.07500000000000007,0.4352159468438539,Rejected,0.3587999999999999,0.42830994508846854
Female,0.0,Not Graduate,No,0.0,0.0,0.2222222222222222,0.28666666666666674,0.008859357696567,Rejected,0.0,0.6609721374822046
Male,0.8,Not Graduate,Yes,0.4536082474226804,0.2346938775510204,1.0,0.5216666666666667,0.3034330011074198,Rejected,0.22599999999999998,0.4425462680496238
Female,1.0,Not Graduate,Yes,0.4536082474226804,0.31887755102040816,0.6666666666666665,0.7816666666666667,0.4086378737541529,Rejected,0.5131999999999999,0.44010575554199716
Female,0.2,Graduate,No,0.6494845360824741,0.5816326530612245,1.0,0.7350000000000001,0.5880398671096346,Approved,0.8215999999999999,0.31848688224527155
Female,0.8,Not Graduate,Yes,0.4329896907216495,0.4158163265306123,0.6666666666666665,0.9816666666666667,0.25027685492801777,Approved,0.9092,0.12934716290420986
Female,0.0,Not Graduate,Yes,0.07216494845360825,0.08418367346938777,0.4444444444444445,0.6383333333333334,0.062015503875969,Approved,1.0,0.18649583079113283
Female,0.0,Not Graduate,Yes,0.30927835051546393,0.18112244897959182,0.8888888888888888,0.8,0.20155038759689925,Approved,0.32479999999999987,0.3587553386211104
Male,0.6000000000000001,Graduate,No,0.04123711340206186,0.020408163265306124,0.3333333333333333,0.3966666666666667,0.02879291251384275,Rejected,0.13319999999999999,0.4020744356314826
Male,0.2,Not Graduate,No,0.5154639175257731,0.3137755102040817,0.4444444444444445,0.7016666666666667,0.2978959025470654,Approved,0.3692,0.28818385194224116
Female,0.6000000000000001,Not Graduate,Yes,0.6391752577319587,0.38010204081632654,0.6666666666666665,0.27833333333333343,0.5071982281284607,Approved,0.35,0.4655277608297743
Male,0.4,Not Graduate,No,0.08247422680412371,0.05612244897959184,0.2222222222222222,0.41833333333333345,0.06755260243632337,Rejected,0.3999999999999999,0.37624567825910116
Female,0.4,Not Graduate,No,0.6804123711340205,0.36989795918367346,0.6666666666666665,0.8383333333333334,0.44739756367663347,Approved,0.2704,0.4081757169005491
Female,0.0,Graduate,No,0.288659793814433,0.20663265306122447,0.4444444444444445,0.10166666666666668,0.18383167220376526,Rejected,0.5199999999999998,0.2591010778930243
Male,0.2,Not Graduate,Yes,0.8762886597938144,0.7755102040816326,0.2222222222222222,0.6800000000000002,0.682170542635659,Approved,0.8115999999999999,0.2582875737238154
Male,0.8,Graduate,Yes,0.8865979381443299,0.5255102040816326,0.8888888888888888,0.7766666666666668,0.8427464008859359,Approved,0.35,0.5918242830994509
Female,0.2,Not Graduate,Yes,0.3814432989690722,0.28571428571428575,0.0,0.27333333333333343,0.3554817275747509,Rejected,0.5795999999999999,0.42220866381940214
Female,1.0,Graduate,No,0.15463917525773194,0.10204081632653061,0.0,0.3616666666666667,0.08527131782945736,Rejected,0.41159999999999997,0.23062843197071384
Female,0.6000000000000001,Not Graduate,Yes,0.07216494845360825,0.05102040816326531,0.2222222222222222,0.7450000000000001,0.049833887043189376,Rejected,0.4223999999999999,0.28065893837705924
Male,0.2,Not Graduate,No,0.7216494845360825,0.6224489795918366,0.2222222222222222,0.4933333333333334,0.4130675526024364,Rejected,0.7724,0.15781980882652027
Female,0.0,Graduate,No,0.9278350515463917,0.6403061224489796,0.0,0.8050000000000002,0.6533776301218163,Approved,0.5044,0.32316453121822253
Female,0.6000000000000001,Not Graduate,No,0.5670103092783505,0.4872448979591837,0.0,0.05833333333333335,0.5016611295681064,Rejected,0.7616,0.3266219239373602
Female,1.0,Not Graduate,Yes,0.09278350515463918,0.06122448979591837,0.1111111111111111,0.9816666666666667,0.0575858250276855,Rejected,0.382,0.269269880008135
Male,0.4,Not Graduate,Yes,0.09278350515463918,0.04846938775510204,0.1111111111111111,0.9566666666666668,0.06423034330011074,Approved,0.19999999999999996,0.42058165548098436
Female,0.0,Graduate,Yes,0.5979381443298969,0.6020408163265306,0.1111111111111111,0.15666666666666673,0.42635658914728686,Approved,0.9932000000000001,0.17856416514134635
Female,0.4,Graduate,Yes,0.8144329896907216,0.7193877551020408,1.0,0.20000000000000007,0.4905869324473976,Approved,0.8076000000000001,0.1663616026032134
Male,0.4,Not Graduate,Yes,0.6494845360824741,0.6326530612244897,1.0,0.9133333333333333,0.4595791805094131,Approved,0.9448000000000001,0.18690258287573727
Female,0.0,Graduate,Yes,0.7628865979381443,0.4489795918367347,0.7777777777777777,0.8133333333333335,0.4662236987818384,Approved,0.34199999999999997,0.3302826926988002
Female,0.2,Graduate,No,0.20618556701030927,0.11734693877551021,0.3333333333333333,0.3483333333333334,0.12956810631229237,Rejected,0.29079999999999995,0.3496034167175106
Male,0.8,Graduate,Yes,0.6288659793814433,0.6020408163265306,0.2222222222222222,0.9983333333333335,0.42303433001107427,Approved,0.9176,0.17592027659141754
Female,0.8,Not Graduate,Yes,0.6701030927835051,0.39540816326530615,0.5555555555555556,0.2766666666666667,0.42303433001107427,Rejected,0.34319999999999995,0.3443156396176531
Male,1.0,Graduate,Yes,0.1134020618556701,0.10204081632653061,0.0,0.4916666666666667,0.06423034330011074,Rejected,0.7231999999999998,0.14073622127313404
Male,0.2,Not Graduate,No,0.26804123711340205,0.16326530612244897,0.5555555555555556,0.036666666666666736,0.15725359911406425,Rejected,0.35719999999999985,0.29062436444986783
Female,0.6000000000000001,Graduate,No,0.7010309278350515,0.4744897959183674,0.0,0.6516666666666668,0.3588039867109635,Approved,0.48,0.20032540166768356
Female,0.6000000000000001,Not Graduate,Yes,0.8865979381443299,0.673469387755102,0.4444444444444445,0.1316666666666667,0.6854928017718717,Approved,0.6135999999999999,0.32194427496440925
Female,0.0,Graduate,No,0.8969072164948453,0.6505102040816326,0.8888888888888888,0.385,0.48394241417497236,Approved,0.5595999999999999,0.19503762456782595
Female,1.0,Not Graduate,No,0.7010309278350515,0.548469387755102,0.1111111111111111,0.5516666666666667,0.43632336655592474,Rejected,0.6456,0.21883262151718533
Male,0.0,Graduate,Yes,0.6907216494845361,0.4668367346938776,0.4444444444444445,0.050000000000000044,0.5481727574750831,Approved,0.47839999999999994,0.39312588977018503
Female,1.0,Graduate,No,0.9278350515463917,0.7372448979591837,0.7777777777777777,0.13833333333333342,0.7386489479512736,Rejected,0.6696,0.3148261134838316
Male,0.0,Graduate,Yes,0.6082474226804123,0.49489795918367346,0.7777777777777777,0.6300000000000001,0.44739756367663347,Approved,0.692,0.2686597518812285
Female,0.2,Graduate,Yes,0.4329896907216495,0.3673469387755102,0.3333333333333333,0.99,0.32225913621262464,Approved,0.7364000000000002,0.2556436851738866
Female,0.8,Not Graduate,No,0.9999999999999999,0.5714285714285714,0.5555555555555556,0.44500000000000006,0.8073089700996678,Approved,0.31720000000000004,0.5041692088671955
Female,1.0,Not Graduate,No,0.3814432989690722,0.3494897959183674,0.1111111111111111,0.6800000000000002,0.25359911406423036,Rejected,0.8359999999999999,0.18588570266422613
Male,0.6000000000000001,Graduate,No,0.6804123711340205,0.5331632653061225,0.0,0.22166666666666668,0.46179401993355484,Rejected,0.6472,0.25137278828554
Female,0.8,Not Graduate,No,0.3505154639175258,0.21428571428571427,0.6666666666666665,0.0033333333333334103,0.239202657807309,Rejected,0.3667999999999999,0.36180597925564373
Female,0.8,Graduate,No,0.05154639175257732,0.058673469387755105,0.6666666666666665,0.7266666666666668,0.05094130675526025,Rejected,0.8855999999999999,0.23856009762050032
Female,0.4,Not Graduate,Yes,0.3917525773195876,0.20918367346938774,0.2222222222222222,0.03833333333333333,0.33444075304540427,Rejected,0.25,0.5796217205613179
Female,0.8,Graduate,No,0.16494845360824742,0.09693877551020409,0.5555555555555556,0.6166666666666667,0.12513842746400888,Rejected,0.3111999999999999,0.42790319300386415
Male,0.6000000000000001,Not Graduate,No,0.556701030927835,0.5280612244897959,0.5555555555555556,0.5150000000000001,0.4440753045404209,Rejected,0.8999999999999999,0.23978035387431365
Female,0.8,Not Graduate,No,0.6804123711340205,0.6096938775510203,0.8888888888888888,0.08166666666666667,0.4828349944629015,Rejected,0.8236000000000001,0.2172056131787676
Male,1.0,Not Graduate,Yes,0.04123711340206186,0.030612244897959183,0.0,0.03166666666666673,0.03875968992248063,Rejected,0.3999999999999999,0.37624567825910116
Male,0.2,Not Graduate,No,0.4123711340206186,0.4056122448979592,0.6666666666666665,0.15166666666666673,0.26799557032115173,Rejected,0.9428000000000001,0.1563961765304047
Male,0.8,Not Graduate,No,0.49484536082474223,0.46938775510204084,0.4444444444444445,0.7583333333333333,0.21483942414174975,Rejected,0.8960000000000001,0.062843197071385
Male,0.2,Not Graduate,No,0.4020618556701031,0.3035714285714286,0.2222222222222222,0.09000000000000008,0.35769656699889263,Rejected,0.5904,0.3925157616432785
Male,0.6000000000000001,Not Graduate,Yes,0.20618556701030927,0.21683673469387754,0.0,0.9616666666666667,0.17054263565891475,Approved,1.0,0.21252796420581657
Male,0.2,Not Graduate,No,0.32989690721649484,0.211734693877551,0.7777777777777777,0.020000000000000018,0.26024363233665565,Rejected,0.41159999999999997,0.4126499898311978
Female,0.0,Graduate,No,0.7113402061855669,0.3979591836734694,0.6666666666666665,0.7433333333333334,0.4928017718715394,Approved,0.29559999999999986,0.42180191173479764
Male,0.6000000000000001,Graduate,No,0.5773195876288659,0.4923469387755102,0.7777777777777777,0.021666666666666723,0.5293466223698783,Rejected,0.7516,0.34756965629448855
Male,0.4,Graduate,No,0.32989690721649484,0.32142857142857145,0.6666666666666665,0.9283333333333335,0.17829457364341086,Approved,0.9176,0.1075859263778727
Male,0.4,Not Graduate,No,0.7731958762886597,0.45918367346938777,1.0,0.3400000000000001,0.416389811738649,Rejected,0.3507999999999999,0.26988000813504176
Female,0.0,Graduate,No,0.03092783505154639,0.022959183673469385,0.6666666666666665,0.42666666666666675,0.031007751937984503,Rejected,0.3599999999999999,0.3898718730933496
Female,0.4,Graduate,Yes,0.5257731958762886,0.2729591836734694,0.6666666666666665,0.15500000000000003,0.3820598006644519,Approved,0.22999999999999998,0.4927801504982713
Male,0.0,Graduate,No,0.4639175257731959,0.35969387755102045,0.6666666666666665,0.9683333333333335,0.40642303433001115,Approved,0.6255999999999999,0.37136465324384793
Female,0.4,Graduate,Yes,0.422680412371134,0.3035714285714286,0.6666666666666665,0.6983333333333335,0.29900332225913623,Approved,0.5347999999999999,0.3042505592841164
Male,0.4,Graduate,Yes,0.07216494845360825,0.05612244897959184,0.7777777777777777,0.2633333333333334,0.043189368770764125,Rejected,0.5111999999999999,0.1972747610331503
Male,0.8,Graduate,No,0.18556701030927833,0.18367346938775508,0.6666666666666665,0.9283333333333335,0.12956810631229237,Rejected,0.8999999999999999,0.1755135245068131
Female,0.4,Graduate,Yes,0.18556701030927833,0.18622448979591835,0.7777777777777777,0.21500000000000008,0.17718715393134,Rejected,0.9199999999999999,0.28635346756152125
Male,0.6000000000000001,Not Graduate,No,0.4020618556701031,0.3979591836734694,0.5555555555555556,0.3966666666666667,0.20819490586932451,Rejected,0.9512,0.0931462273744153
Female,0.2,Not Graduate,No,0.6907216494845361,0.35969387755102045,0.4444444444444445,0.8800000000000001,0.5858250276854928,Approved,0.2348,0.6001627008338418
Female,1.0,Graduate,Yes,0.21649484536082472,0.14795918367346939,0.2222222222222222,0.06500000000000006,0.19822812846068663,Rejected,0.4608000000000001,0.4575960951799878
Male,1.0,Graduate,Yes,0.5773195876288659,0.4158163265306123,0.8888888888888888,0.1266666666666667,0.3709856035437431,Rejected,0.5448,0.2627618466544641
Male,1.0,Not Graduate,No,0.8041237113402061,0.7576530612244897,0.6666666666666665,0.41500000000000004,0.43078626799557035,Rejected,0.8999999999999999,0.11389058368924146
Female,0.6000000000000001,Not Graduate,Yes,0.36082474226804123,0.3163265306122449,0.8888888888888888,0.4783333333333334,0.29457364341085274,Rejected,0.7727999999999999,0.27984543420785035
Male,0.0,Not Graduate,No,0.24742268041237112,0.20663265306122447,0.8888888888888888,0.935,0.14507198228128462,Approved,0.6923999999999999,0.17429326825299982
Male,0.0,Not Graduate,No,0.288659793814433,0.17091836734693877,0.5555555555555556,0.18166666666666675,0.24806201550387602,Rejected,0.33320000000000005,0.5098637380516575
Male,0.8,Graduate,No,0.2577319587628866,0.2525510204081633,0.1111111111111111,0.38,0.2347729789590255,Rejected,0.9112,0.2782184258694326
Female,0.8,Not Graduate,No,0.5670103092783505,0.4923469387755102,0.3333333333333333,0.6516666666666668,0.28460686600221485,Rejected,0.7756000000000001,0.11836485661989019
Female,0.4,Graduate,No,0.13402061855670103,0.08418367346938777,0.1111111111111111,0.4733333333333334,0.12513842746400888,Rejected,0.3599999999999999,0.508440105755542
Male,1.0,Not Graduate,No,0.6804123711340205,0.5025510204081632,0.1111111111111111,0.265,0.5204872646733112,Rejected,0.5763999999999998,0.3294691885295913
Female,0.2,Graduate,Yes,0.8144329896907216,0.8010204081632653,0.4444444444444445,0.7583333333333333,0.5215946843853821,Approved,0.9656,0.15212527964205816
Female,0.6000000000000001,Not Graduate,Yes,0.9278350515463917,0.6989795918367346,1.0,0.6466666666666667,0.6389811738648948,Approved,0.6044,0.2739475289810861
Female,0.2,Not Graduate,Yes,0.7628865979381443,0.6556122448979591,0.2222222222222222,0.14,0.3466223698781839,Rejected,0.7684,0.09538336383973972
Female,0.8,Graduate,No,0.04123711340206186,0.033163265306122444,1.0,0.9483333333333335,0.043189368770764125,Rejected,0.4667999999999999,0.3941427699816962
Female,0.2,Not Graduate,Yes,0.4639175257731959,0.46938775510204084,1.0,0.2416666666666667,0.186046511627907,Rejected,0.9916,0.03457392719137686
Male,0.0,Graduate,No,0.12371134020618556,0.13265306122448978,0.2222222222222222,0.15500000000000003,0.09745293466223699,Rejected,0.9716,0.18771608704494616
Male,0.6000000000000001,Graduate,Yes,0.9484536082474226,0.6198979591836734,0.4444444444444445,0.19000000000000006,0.566998892580288,Approved,0.44679999999999986,0.27415090502338824
Male,0.4,Graduate,No,0.979381443298969,0.5,0.7777777777777777,0.15833333333333333,0.7076411960132891,Approved,0.2208,0.5045759609517999
Female,0.6000000000000001,Not Graduate,Yes,0.8969072164948453,0.5280612244897959,0.6666666666666665,0.8583333333333334,0.42746400885935776,Approved,0.34399999999999986,0.22513727882855403
Female,1.0,Graduate,No,0.4536082474226804,0.2602040816326531,0.3333333333333333,0.7633333333333334,0.2934662236987819,Rejected,0.3131999999999999,0.36851738865161676
Male,1.0,Not Graduate,Yes,0.556701030927835,0.3622448979591837,0.4444444444444445,0.2616666666666667,0.43743078626799564,Rejected,0.4356,0.40715883668903796
Female,0.0,Graduate,Yes,0.08247422680412371,0.07397959183673469,0.4444444444444445,0.9233333333333333,0.07862679955703211,Approved,0.6800000000000002,0.32418141142973356
Male,0.6000000000000001,Graduate,No,0.3402061855670103,0.25510204081632654,0.7777777777777777,0.040000000000000036,0.19822812846068663,Rejected,0.5771999999999999,0.20886719544437668
Male,0.0,Not Graduate,No,0.7938144329896907,0.7959183673469388,0.6666666666666665,0.915,0.7364341085271319,Approved,0.9948000000000001,0.27943868212324596
Male,0.6000000000000001,Graduate,Yes,0.6082474226804123,0.6096938775510203,0.5555555555555556,0.6200000000000001,0.43743078626799564,Approved,0.9868000000000001,0.18283506202969294
Female,0.6000000000000001,Not Graduate,Yes,0.8969072164948453,0.5255102040816326,0.2222222222222222,0.9316666666666669,0.7320044296788484,Approved,0.33919999999999995,0.4946105348789912
Female,0.8,Graduate,No,0.5257731958762886,0.3852040816326531,0.3333333333333333,0.4733333333333334,0.28128460686600226,Rejected,0.5624,0.18812283912955055
Male,1.0,Not Graduate,No,0.1134020618556701,0.11479591836734694,0.1111111111111111,0.07666666666666666,0.10409745293466224,Rejected,0.8768,0.2627618466544641
Male,0.6000000000000001,Graduate,No,0.3917525773195876,0.31887755102040816,0.8888888888888888,0.5583333333333333,0.3289036544850499,Rejected,0.6800000000000002,0.32580841976815134
Male,0.4,Not Graduate,No,0.8762886597938144,0.5714285714285714,0.1111111111111111,0.10833333333333339,0.6644518272425249,Rejected,0.4436,0.3886516168395363
Male,0.2,Not Graduate,No,0.9587628865979381,0.5025510204081632,0.7777777777777777,0.9266666666666667,0.735326688815061,Approved,0.242,0.5267439495627415
Female,1.0,Graduate,Yes,0.9072164948453608,0.5025510204081632,0.0,0.2333333333333334,0.5957918050941308,Approved,0.28879999999999995,0.3986170429123449
Female,0.0,Graduate,Yes,0.7319587628865979,0.586734693877551,0.0,0.5266666666666668,0.5658914728682172,Approved,0.6768000000000001,0.2969290217612366
Male,0.6000000000000001,Graduate,Yes,0.7422680412371133,0.6479591836734694,0.0,0.2683333333333334,0.3145071982281285,Rejected,0.7891999999999999,0.07545251169412245
Male,1.0,Not Graduate,No,0.29896907216494845,0.2678571428571429,0.4444444444444445,0.635,0.16943521594684388,Rejected,0.7936000000000001,0.14317673378076065
Female,0.4,Graduate,No,0.422680412371134,0.23214285714285712,0.0,0.30833333333333335,0.35326688815060914,Rejected,0.2744,0.5462680496237543
Female,0.2,Graduate,Yes,0.2268041237113402,0.20408163265306123,0.2222222222222222,0.6400000000000001,0.17940199335548176,Approved,0.7832000000000001,0.25422005287777105
Male,0.2,Graduate,No,0.5360824742268041,0.4489795918367347,0.6666666666666665,0.7116666666666667,0.3289036544850499,Approved,0.726,0.18954647142566608
Male,0.4,Not Graduate,No,0.14432989690721648,0.12244897959183675,0.2222222222222222,0.8066666666666666,0.10299003322259137,Rejected,0.6752,0.23428920073215379
Male,0.6000000000000001,Not Graduate,Yes,0.9999999999999999,0.5127551020408163,0.1111111111111111,0.9416666666666667,0.8726467331118495,Approved,0.22439999999999993,0.6369737644905431
Female,0.6000000000000001,Not Graduate,No,0.5773195876288659,0.5051020408163265,0.8888888888888888,0.8183333333333334,0.37320044296788485,Approved,0.7864,0.19259711206019933
Female,0.8,Not Graduate,No,0.20618556701030927,0.20918367346938774,0.7777777777777777,0.9433333333333334,0.16722037652270214,Rejected,0.9456,0.21842586943258088
Female,0.0,Graduate,No,0.49484536082474223,0.35969387755102045,0.0,0.7683333333333333,0.26467331118493914,Approved,0.5519999999999998,0.19076672767947936
Male,0.4,Not Graduate,Yes,0.04123711340206186,0.04591836734693877,0.8888888888888888,0.45333333333333337,0.02436323366555925,Rejected,0.8,0.09924750864348184
Male,0.8,Graduate,No,0.20618556701030927,0.211734693877551,0.2222222222222222,0.5016666666666667,0.168327796234773,Rejected,0.9636,0.21639210900955871
Female,0.2,Graduate,Yes,0.24742268041237112,0.13265306122448978,0.6666666666666665,0.8666666666666667,0.17718715393134,Approved,0.246,0.45393532641854795
Female,0.8,Not Graduate,No,0.10309278350515465,0.10204081632653061,0.3333333333333333,0.4966666666666667,0.08305647840531562,Rejected,0.8332000000000002,0.2210697579825097
Male,0.4,Graduate,No,0.29896907216494845,0.21428571428571427,0.8888888888888888,0.40666666666666673,0.21816168327796237,Rejected,0.5224,0.3172666259914583
Female,1.0,Not Graduate,Yes,0.4536082474226804,0.3622448979591837,0.6666666666666665,0.43500000000000005,0.2668881506090809,Rejected,0.6608,0.1911734797640838
Female,0.8,Graduate,Yes,0.9381443298969072,0.8979591836734694,0.2222222222222222,0.41166666666666674,0.6766334440753046,Approved,0.9268000000000001,0.19971527354077692
Male,0.8,Graduate,No,0.6288659793814433,0.33418367346938777,0.0,0.3400000000000001,0.4972314507198229,Rejected,0.2507999999999999,0.5350823672971323
Female,0.4,Not Graduate,No,0.5876288659793814,0.5229591836734694,0.6666666666666665,0.3833333333333334,0.380952380952381,Rejected,0.81,0.18771608704494616
Male,0.4,Graduate,Yes,0.27835051546391754,0.26275510204081637,0.2222222222222222,0.5233333333333334,0.13399778516057587,Rejected,0.8619999999999999,0.08724832214765102
Male,0.8,Not Graduate,No,0.6082474226804123,0.5637755102040816,0.8888888888888888,0.08500000000000008,0.504983388704319,Rejected,0.8688,0.2652023591620907
Male,0.8,Graduate,Yes,0.5876288659793814,0.49489795918367346,0.4444444444444445,0.21833333333333338,0.4440753045404209,Rejected,0.7356,0.2656091112466952
Male,0.2,Not Graduate,Yes,0.4536082474226804,0.46173469387755106,0.4444444444444445,0.17166666666666675,0.318936877076412,Rejected,1.0,0.17022574740695548
Male,0.4,Not Graduate,No,0.7010309278350515,0.5076530612244897,0.3333333333333333,0.6133333333333335,0.6245847176079735,Approved,0.5544,0.419361399227171
Male,0.6000000000000001,Not Graduate,Yes,0.5051546391752577,0.25765306122448983,0.8888888888888888,0.16500000000000004,0.40531561461794025,Rejected,0.2156,0.5710799267846247
Male,0.2,Graduate,No,0.29896907216494845,0.26275510204081637,0.6666666666666665,0.6083333333333334,0.221483942414175,Approved,0.7676000000000001,0.23896684970510476
Female,0.4,Graduate,No,0.4020618556701031,0.31887755102040816,0.7777777777777777,0.07333333333333336,0.407530454042082,Rejected,0.6488,0.4384787472035795
Male,0.0,Graduate,No,0.16494845360824742,0.13010204081632654,0.7777777777777777,0.42500000000000004,0.1461794019933555,Rejected,0.6000000000000001,0.35977221883262156
Male,0.8,Not Graduate,Yes,0.8247422680412371,0.6785714285714285,1.0,0.0016666666666667052,0.8626799557032117,Rejected,0.712,0.4394956274150905
Female,0.4,Not Graduate,Yes,0.061855670103092786,0.04591836734693877,0.2222222222222222,0.7100000000000002,0.053156146179402,Rejected,0.44999999999999996,0.35102704901362625
Female,0.4,Graduate,No,0.845360824742268,0.5816326530612245,0.2222222222222222,0.6483333333333334,0.42746400885935776,Approved,0.5,0.19076672767947936
Female,0.0,Not Graduate,No,0.8556701030927835,0.8571428571428571,0.1111111111111111,0.6083333333333334,0.47951273532668887,Approved,0.9952000000000001,0.10961968680089487
Male,0.6000000000000001,Not Graduate,Yes,0.3195876288659794,0.3163265306122449,0.7777777777777777,0.5133333333333334,0.2934662236987819,Rejected,0.9392,0.2782184258694326
Female,0.6000000000000001,Not Graduate,No,0.5773195876288659,0.31887755102040816,1.0,0.05833333333333335,0.3355481727574751,Rejected,0.28279999999999994,0.3351637177140533
Male,0.6000000000000001,Not Graduate,No,0.4329896907216495,0.2602040816326531,0.8888888888888888,0.6283333333333334,0.20819490586932451,Rejected,0.35440000000000005,0.21944274964409197
Male,0.2,Not Graduate,No,0.24742268041237112,0.20918367346938774,0.0,0.31833333333333336,0.12181616832779625,Rejected,0.7076,0.12019524100061016
Male,0.4,Not Graduate,Yes,0.9690721649484536,0.7091836734693877,1.0,0.7716666666666667,0.7995570321151717,Approved,0.5708,0.3729916615822656
Male,1.0,Not Graduate,Yes,0.5154639175257731,0.45408163265306123,0.3333333333333333,0.8483333333333334,0.3145071982281285,Approved,0.7924,0.17103925157616431
Female,1.0,Not Graduate,Yes,0.979381443298969,0.9209183673469388,0.7777777777777777,0.40666666666666673,0.6046511627906977,Rejected,0.9012,0.15476916819198697
Female,0.2,Graduate,Yes,0.0,0.012755102040816325,0.6666666666666665,0.54,0.008859357696567,Approved,1.0,0.1525320317266626
Male,0.6000000000000001,Graduate,No,0.6494845360824741,0.42091836734693877,0.4444444444444445,0.14666666666666672,0.35437430786268,Rejected,0.43399999999999994,0.23978035387431365
Male,0.8,Graduate,Yes,0.7216494845360825,0.5816326530612245,0.6666666666666665,0.5733333333333335,0.43078626799557035,Approved,0.6832,0.19341061622940822
Male,0.0,Not Graduate,No,0.5154639175257731,0.46173469387755106,0.6666666666666665,0.5,0.40642303433001115,Approved,0.8151999999999999,0.2574740695546065
Female,0.4,Not Graduate,No,0.6494845360824741,0.3520408163265306,0.0,0.6816666666666666,0.42303433001107427,Approved,0.26759999999999995,0.404311572096807
Male,1.0,Graduate,Yes,0.21649484536082472,0.13520408163265304,0.3333333333333333,0.5700000000000001,0.168327796234773,Rejected,0.374,0.41407362212731347
Male,0.0,Not Graduate,Yes,0.3195876288659794,0.25765306122448983,0.1111111111111111,0.20500000000000007,0.2934662236987819,Rejected,0.6608,0.37360178970917235
Female,0.0,Not Graduate,Yes,0.18556701030927833,0.14285714285714285,0.5555555555555556,1.0,0.17607973421926912,Approved,0.5800000000000001,0.4093959731543624
Female,0.4,Graduate,Yes,0.8350515463917525,0.489795918367347,0.1111111111111111,0.19166666666666676,0.460686600221484,Approved,0.3396,0.28553996339231236
Male,0.8,Graduate,Yes,0.3711340206185567,0.35714285714285715,0.1111111111111111,0.5750000000000002,0.19379844961240314,Rejected,0.9052,0.10209477323571284
Female,0.0,Not Graduate,No,0.5670103092783505,0.3903061224489796,0.7777777777777777,0.7366666666666668,0.26910299003322263,Approved,0.4947999999999999,0.1694122432377466
Female,0.8,Not Graduate,No,0.7319587628865979,0.4974489795918367,0.3333333333333333,0.7066666666666668,0.558139534883721,Approved,0.4848000000000001,0.36933089282082565
Male,0.2,Graduate,No,0.14432989690721648,0.13010204081632654,0.5555555555555556,0.6783333333333335,0.09856035437430787,Approved,0.75,0.19768151311775475
Female,1.0,Not Graduate,Yes,0.061855670103092786,0.05612244897959184,0.1111111111111111,0.8,0.03433001107419713,Rejected,0.6499999999999999,0.13219442749644092
Male,0.8,Not Graduate,No,0.6288659793814433,0.5510204081632653,0.4444444444444445,0.3966666666666667,0.46179401993355484,Rejected,0.7904,0.23835672157819812
Female,0.4,Graduate,No,0.8865979381443299,0.4438775510204082,0.6666666666666665,0.6766666666666667,0.7342192691029901,Approved,0.20440000000000003,0.6137888956680903
Male,0.0,Graduate,No,0.7319587628865979,0.3622448979591837,0.7777777777777777,0.8516666666666668,0.4285714285714286,Approved,0.1943999999999999,0.3959731543624161
Male,0.4,Graduate,Yes,0.3711340206185567,0.22448979591836735,0.6666666666666665,0.915,0.22480620155038764,Approved,0.358,0.31014846451088063
Male,0.6000000000000001,Graduate,No,0.6185567010309277,0.41836734693877553,0.4444444444444445,0.9666666666666668,0.584717607973422,Approved,0.4776,0.4954240390482001
Female,1.0,Not Graduate,Yes,0.3402061855670103,0.2346938775510204,0.1111111111111111,0.6066666666666667,0.25027685492801777,Rejected,0.48560000000000003,0.33984136668700426
Male,1.0,Graduate,Yes,0.12371134020618556,0.11989795918367348,0.0,0.275,0.09966777408637874,Rejected,0.8284,0.229814927801505
Female,0.6000000000000001,Not Graduate,Yes,0.3402061855670103,0.29846938775510207,0.0,0.81,0.21040974529346626,Approved,0.7715999999999998,0.17632702867602199
Male,0.2,Graduate,Yes,0.04123711340206186,0.04336734693877551,0.4444444444444445,0.043333333333333335,0.04540420819490588,Rejected,0.7332000000000001,0.30506406345332526
Male,0.0,Not Graduate,No,0.4020618556701031,0.2678571428571429,0.7777777777777777,0.16500000000000004,0.3444075304540421,Rejected,0.4536,0.4407158836689038
Female,0.4,Not Graduate,Yes,0.5360824742268041,0.28571428571428575,0.2222222222222222,0.9016666666666668,0.26799557032115173,Approved,0.2519999999999999,0.28248932275777916
Male,0.4,Not Graduate,Yes,0.18556701030927833,0.16326530612244897,0.6666666666666665,0.5633333333333335,0.13178294573643412,Rejected,0.74,0.2208663819402075
Male,0.8,Graduate,Yes,0.3402061855670103,0.2193877551020408,0.1111111111111111,0.29666666666666675,0.25027685492801777,Rejected,0.4172,0.3729916615822656
Female,0.0,Graduate,Yes,0.8350515463917525,0.7576530612244897,0.1111111111111111,0.5,0.7032115171650056,Approved,0.8455999999999999,0.28065893837705924
Male,0.0,Graduate,Yes,0.6701030927835051,0.3903061224489796,0.7777777777777777,0.78,0.34883720930232565,Approved,0.33119999999999994,0.26337197478137075
Male,0.0,Not Graduate,No,0.17525773195876287,0.15816326530612243,0.4444444444444445,0.3716666666666667,0.11517165005537099,Rejected,0.7684,0.18547895057962174
Male,0.4,Graduate,Yes,0.6494845360824741,0.5255102040816326,0.6666666666666665,0.04500000000000004,0.39202657807308977,Rejected,0.6859999999999999,0.19585112873703484
Male,0.2,Graduate,Yes,0.04123711340206186,0.03826530612244898,0.3333333333333333,0.8316666666666668,0.04761904761904762,Approved,0.6000000000000001,0.37848281472442546
Female,1.0,Graduate,No,0.7010309278350515,0.5790816326530612,0.8888888888888888,0.8383333333333334,0.6256921373200444,Approved,0.7143999999999999,0.35062029692902186
Female,0.4,Graduate,No,0.7731958762886597,0.3852040816326531,0.8888888888888888,0.3733333333333334,0.5005537098560355,Approved,0.19999999999999996,0.44966442953020136
Male,0.2,Graduate,No,0.24742268041237112,0.1607142857142857,0.2222222222222222,0.3433333333333334,0.17165005537098563,Rejected,0.4151999999999998,0.3374008541793777
Female,0.2,Graduate,No,0.9278350515463917,0.4719387755102041,0.0,0.08500000000000008,0.7607973421926911,Approved,0.21720000000000006,0.5950782997762865
Male,0.4,Graduate,Yes,0.16494845360824742,0.09948979591836735,0.3333333333333333,0.5800000000000001,0.12956810631229237,Rejected,0.33320000000000005,0.433394346146024
Female,0.2,Not Graduate,No,0.4845360824742268,0.4642857142857143,0.1111111111111111,0.52,0.34219269102990035,Rejected,0.9103999999999999,0.19158023184868825
Male,0.2,Graduate,No,0.5670103092783505,0.30867346938775514,0.6666666666666665,0.16000000000000003,0.39534883720930236,Rejected,0.2699999999999999,0.4394956274150905
Male,0.6000000000000001,Not Graduate,No,0.010309278350515465,0.012755102040816325,0.0,0.2633333333333334,0.01550387596899225,Rejected,0.4667999999999999,0.30506406345332526
Male,0.6000000000000001,Graduate,Yes,0.15463917525773194,0.07908163265306123,0.2222222222222222,0.31333333333333335,0.06976744186046512,Rejected,0.19999999999999996,0.24832214765100677
Male,0.8,Graduate,No,0.7010309278350515,0.4744897959183674,0.2222222222222222,0.29166666666666674,0.2978959025470654,Rejected,0.48,0.14114297335773848
Male,0.2,Not Graduate,No,0.20618556701030927,0.17091836734693877,0.8888888888888888,0.19500000000000006,0.15393133997785163,Rejected,0.6728000000000001,0.26296522269676637
Male,0.4,Not Graduate,No,0.6804123711340205,0.46938775510204084,0.3333333333333333,0.8016666666666667,0.522702104097453,Approved,0.5,0.3650599959324792
Female,0.2,Not Graduate,Yes,0.2268041237113402,0.15051020408163265,0.5555555555555556,0.06166666666666665,0.186046511627907,Rejected,0.43320000000000003,0.4116331096196868
Male,0.0,Not Graduate,Yes,0.04123711340206186,0.03826530612244898,0.5555555555555556,0.3516666666666667,0.029900332225913623,Rejected,0.6000000000000001,0.19768151311775475
Female,0.8,Graduate,No,0.6185567010309277,0.43367346938775514,0.2222222222222222,0.895,0.5005537098560355,Approved,0.516,0.38356721578198094
Male,0.2,Not Graduate,No,0.7628865979381443,0.6198979591836734,0.5555555555555556,0.8500000000000001,0.5193798449612403,Approved,0.6948000000000001,0.23856009762050032
Female,0.4,Not Graduate,No,0.4742268041237114,0.26275510204081637,0.3333333333333333,0.4800000000000001,0.310077519379845,Rejected,0.2832,0.39231238560097614
Female,1.0,Graduate,No,0.4123711340206186,0.22704081632653061,0.5555555555555556,0.9500000000000002,0.256921373200443,Approved,0.2759999999999999,0.3691275167785235
Female,0.0,Not Graduate,Yes,0.7216494845360825,0.520408163265306,0.4444444444444445,0.7216666666666667,0.6234772978959026,Approved,0.55,0.40451494813910915
Male,1.0,Not Graduate,Yes,0.6391752577319587,0.5102040816326531,0.7777777777777777,0.08000000000000007,0.5293466223698783,Rejected,0.6688000000000001,0.3302826926988002
Male,0.0,Not Graduate,Yes,0.8969072164948453,0.5790816326530612,0.5555555555555556,0.7350000000000001,0.5603543743078627,Approved,0.4336,0.2983526540573521
Female,0.6000000000000001,Not Graduate,No,0.5051546391752577,0.3622448979591837,0.5555555555555556,0.010000000000000009,0.2613510520487265,Rejected,0.5371999999999999,0.18405531828350621
Male,0.4,Graduate,Yes,0.6288659793814433,0.489795918367347,0.8888888888888888,0.21333333333333337,0.5437430786267996,Approved,0.6380000000000001,0.36363636363636365
Female,0.6000000000000001,Graduate,No,0.6597938144329897,0.5561224489795918,0.1111111111111111,0.2583333333333334,0.43078626799557035,Rejected,0.7391999999999999,0.20907057148667887
Male,0.2,Not Graduate,Yes,0.4742268041237114,0.3673469387755102,0.0,0.09333333333333338,0.380952380952381,Rejected,0.6248,0.32885906040268464
Female,0.0,Graduate,No,0.0,0.0025510204081632647,0.1111111111111111,0.4900000000000001,0.006644518272425249,Rejected,0.19999999999999996,0.35590807402887936
Female,0.0,Not Graduate,Yes,0.7525773195876289,0.6505102040816326,0.8888888888888888,0.9066666666666667,0.380952380952381,Approved,0.776,0.12182224933902788
Male,0.8,Graduate,No,0.9072164948453608,0.8775510204081632,0.1111111111111111,0.7850000000000001,0.6168327796234774,Approved,0.9423999999999999,0.17632702867602199
Female,0.4,Graduate,No,0.5360824742268041,0.3112244897959184,0.1111111111111111,0.5366666666666666,0.3776301218161684,Approved,0.32599999999999996,0.40878584502745574
Male,0.2,Not Graduate,Yes,0.15463917525773194,0.10714285714285715,1.0,0.30000000000000004,0.08527131782945736,Rejected,0.4587999999999999,0.21354484441732766
Female,0.8,Graduate,No,0.422680412371134,0.28571428571428575,1.0,0.06166666666666665,0.43078626799557035,Rejected,0.4696,0.5424039048200122
Female,0.2,Graduate,No,0.5154639175257731,0.2780612244897959,0.2222222222222222,0.6633333333333333,0.4739756367663345,Approved,0.26159999999999994,0.6318893634329876
Male,0.8,Not Graduate,No,0.4329896907216495,0.4260204081632653,0.8888888888888888,0.0033333333333334103,0.24806201550387602,Rejected,0.9456,0.12019524100061016
Male,0.2,Not Graduate,Yes,0.3814432989690722,0.1913265306122449,0.6666666666666665,0.08166666666666667,0.29568106312292364,Rejected,0.19999999999999996,0.5539963392312386
Male,0.0,Graduate,No,0.09278350515463918,0.07653061224489796,0.4444444444444445,0.30333333333333334,0.079734219269103,Rejected,0.6000000000000001,0.31584299369534274
Female,0.4,Graduate,No,0.23711340206185563,0.20153061224489796,0.4444444444444445,0.21500000000000008,0.14728682170542637,Rejected,0.712,0.18730933496034172
Male,0.8,Graduate,No,0.03092783505154639,0.025510204081632654,0.3333333333333333,0.28500000000000003,0.02879291251384275,Rejected,0.43999999999999995,0.3168598739068538
Female,0.0,Graduate,Yes,0.9072164948453608,0.8188775510204082,0.4444444444444445,0.9916666666666667,0.5802879291251385,Approved,0.8400000000000001,0.1789709172259508
Female,0.2,Not Graduate,Yes,0.5051546391752577,0.5102040816326531,0.8888888888888888,0.7616666666666667,0.34772978959025475,Approved,0.992,0.16615822656091114
Male,0.4,Graduate,No,0.5154639175257731,0.33673469387755106,0.0,0.7950000000000002,0.36987818383167226,Approved,0.4383999999999999,0.35672157819808825
Male,1.0,Not Graduate,Yes,0.4329896907216495,0.2193877551020408,0.1111111111111111,0.7683333333333333,0.2868217054263566,Rejected,0.20920000000000005,0.4484441732763881
Female,0.2,Graduate,No,0.17525773195876287,0.09948979591836735,0.5555555555555556,0.8683333333333334,0.1550387596899225,Approved,0.2843999999999999,0.5448444173276388
Female,0.8,Not Graduate,Yes,0.9278350515463917,0.6683673469387755,0.2222222222222222,0.6033333333333335,0.3676633444075305,Approved,0.5519999999999998,0.10534878991254834
Male,0.4,Not Graduate,Yes,0.4742268041237114,0.413265306122449,0.4444444444444445,0.08333333333333337,0.24806201550387602,Rejected,0.7752000000000001,0.12853365873500103
Male,0.8,Not Graduate,No,0.4845360824742268,0.2653061224489796,1.0,0.03500000000000003,0.20819490586932451,Rejected,0.27360000000000007,0.21232458816351438
Male,0.6000000000000001,Graduate,Yes,0.4742268041237114,0.24999999999999997,0.1111111111111111,0.1133333333333334,0.37430786267995575,Rejected,0.24160000000000004,0.5360992475086436
Male,0.8,Graduate,No,0.9381443298969072,0.6275510204081632,0.6666666666666665,0.2583333333333334,0.8959025470653379,Approved,0.4707999999999999,0.5114907463900753
Male,1.0,Not Graduate,Yes,0.7525773195876289,0.6198979591836734,0.3333333333333333,0.74,0.3410852713178295,Approved,0.712,0.10534878991254834
Female,0.2,Graduate,No,0.5876288659793814,0.42091836734693877,0.1111111111111111,0.8433333333333335,0.558139534883721,Approved,0.5388,0.462477120195241
Female,0.0,Graduate,No,0.9484536082474226,0.7040816326530612,0.2222222222222222,0.26,0.9180509413067554,Approved,0.5871999999999999,0.45474883058775684
Female,1.0,Graduate,No,0.5257731958762886,0.33418367346938777,0.3333333333333333,0.6983333333333335,0.20044296788482838,Rejected,0.4112,0.12833028269269883
Female,0.8,Graduate,No,0.36082474226804123,0.22193877551020408,0.8888888888888888,0.6133333333333335,0.2823920265780731,Rejected,0.3727999999999999,0.4327842180191174
Male,0.0,Graduate,Yes,0.23711340206185563,0.14030612244897958,0.8888888888888888,0.32333333333333336,0.22037652270210412,Approved,0.32799999999999985,0.5592841163310962
Male,0.8,Not Graduate,No,0.26804123711340205,0.2678571428571429,0.0,0.9016666666666668,0.15614617940199338,Rejected,0.9428000000000001,0.12060199308521455
Male,0.0,Graduate,Yes,0.5360824742268041,0.5382653061224489,0.3333333333333333,0.7016666666666667,0.4241417497231451,Approved,0.9852000000000001,0.21517185275574538
Female,1.0,Graduate,No,0.29896907216494845,0.23214285714285712,0.4444444444444445,0.19000000000000006,0.17607973421926912,Rejected,0.6128,0.20012202562538137
Female,1.0,Not Graduate,No,0.4742268041237114,0.38775510204081637,0.4444444444444445,0.8533333333333335,0.35326688815060914,Rejected,0.6916,0.2713036404311573
Male,0.2,Not Graduate,No,0.8865979381443299,0.4387755102040817,1.0,0.8866666666666667,0.4031007751937985,Approved,0.1956,0.2751677852348994
Male,0.4,Graduate,No,0.4020618556701031,0.37244897959183676,0.5555555555555556,0.45166666666666677,0.23366555924695462,Rejected,0.8535999999999999,0.1409395973154363
Female,1.0,Not Graduate,No,0.979381443298969,0.9362244897959183,0.6666666666666665,0.265,0.8261351052048728,Rejected,0.9256,0.2597112060199309
Female,0.4,Graduate,Yes,0.6391752577319587,0.6071428571428571,0.2222222222222222,0.4866666666666667,0.38316722037652273,Approved,0.9064000000000001,0.1427699816961562
Male,1.0,Graduate,No,0.32989690721649484,0.326530612244898,1.0,0.3783333333333334,0.194905869324474,Rejected,0.9412,0.1269066503965833
Male,0.8,Not Graduate,No,0.3402061855670103,0.2525510204081633,0.5555555555555556,0.05500000000000005,0.2779623477297896,Rejected,0.5656000000000001,0.35590807402887936
Female,0.6000000000000001,Not Graduate,No,0.30927835051546393,0.24744897959183673,0.8888888888888888,0.3866666666666667,0.1650055370985604,Rejected,0.6499999999999999,0.1586333129957291
Male,0.4,Graduate,Yes,0.4845360824742268,0.326530612244898,0.8888888888888888,0.7566666666666668,0.3853820598006645,Approved,0.46920000000000006,0.3939393939393939
Male,0.0,Graduate,Yes,0.1134020618556701,0.11479591836734694,0.1111111111111111,0.8916666666666668,0.04761904761904762,Approved,0.8768,0.04657311368720765
Male,0.8,Graduate,No,0.23711340206185563,0.13010204081632654,0.4444444444444445,0.4866666666666667,0.19158361018826137,Rejected,0.264,0.5141346349400041
Female,0.0,Graduate,No,0.7525773195876289,0.6887755102040816,1.0,0.42166666666666675,0.5127353266888152,Approved,0.8560000000000001,0.1954443766524304
Female,0.4,Graduate,No,0.05154639175257732,0.04336734693877551,0.3333333333333333,0.8433333333333335,0.0575858250276855,Rejected,0.5428,0.4169208867195444
Female,0.8,Graduate,Yes,0.8247422680412371,0.7193877551020408,0.0,0.13,0.6146179401993356,Approved,0.7904,0.2462883872279846
Female,0.2,Not Graduate,No,0.6907216494845361,0.6607142857142857,0.1111111111111111,0.39,0.5570321151716501,Approved,0.9188000000000001,0.24100061012812693
Female,0.2,Not Graduate,Yes,0.13402061855670103,0.14285714285714285,0.7777777777777777,0.16666666666666674,0.13842746400885939,Rejected,0.9731999999999998,0.29204799674598336
Female,0.6000000000000001,Graduate,No,0.6288659793814433,0.45918367346938777,0.8888888888888888,0.405,0.35437430786268,Rejected,0.5619999999999998,0.20744356314826115
Female,0.0,Not Graduate,Yes,0.8865979381443299,0.645408163265306,0.4444444444444445,0.6916666666666667,0.7851605758582504,Approved,0.5635999999999999,0.4138702460850112
Male,0.8,Graduate,Yes,0.8969072164948453,0.520408163265306,0.2222222222222222,0.6400000000000001,0.40974529346622374,Approved,0.3304,0.21496847671344319
Male,0.6000000000000001,Not Graduate,Yes,0.1958762886597938,0.14795918367346939,0.3333333333333333,0.07666666666666666,0.14507198228128462,Rejected,0.5619999999999998,0.29753914988814323
Male,0.2,Graduate,Yes,0.9278350515463917,0.7372448979591837,0.2222222222222222,0.615,0.6367663344407531,Approved,0.6696,0.25076266015863335
Male,0.4,Not Graduate,No,0.3505154639175258,0.19642857142857142,0.5555555555555556,0.44333333333333336,0.2735326688815061,Rejected,0.28879999999999995,0.48566198901769375
Male,0.0,Not Graduate,Yes,0.8659793814432989,0.5943877551020408,0.0,0.10166666666666668,0.6965669988925803,Approved,0.49760000000000004,0.3929225137278829
Male,1.0,Graduate,No,0.288659793814433,0.19642857142857142,0.2222222222222222,0.05500000000000005,0.15060908084163901,Rejected,0.4667999999999999,0.20337604230221681
Male,0.6000000000000001,Not Graduate,Yes,0.5154639175257731,0.40816326530612246,0.3333333333333333,0.05833333333333335,0.40974529346622374,Rejected,0.6539999999999999,0.3140126093146228
Female,0.6000000000000001,Graduate,Yes,0.7216494845360825,0.5127551020408163,0.4444444444444445,0.43000000000000005,0.5603543743078627,Approved,0.5332000000000001,0.35590807402887936
Female,0.2,Not Graduate,Yes,0.3917525773195876,0.3903061224489796,0.5555555555555556,0.22666666666666668,0.3410852713178295,Rejected,0.96,0.25422005287777105
Male,0.2,Not Graduate,No,0.2268041237113402,0.125,0.0,0.1183333333333334,0.20708748615725361,Rejected,0.2667999999999999,0.5944681716493797
Male,0.4,Not Graduate,Yes,0.5463917525773195,0.46173469387755106,0.4444444444444445,0.3583333333333334,0.36987818383167226,Rejected,0.738,0.2210697579825097
Female,0.0,Not Graduate,Yes,0.9072164948453608,0.6122448979591837,0.4444444444444445,0.4983333333333334,0.5448504983388704,Approved,0.48,0.26255847061216186
Male,0.0,Not Graduate,Yes,0.7938144329896907,0.6045918367346939,1.0,0.7133333333333334,0.6976744186046513,Approved,0.6152,0.3847874720357942
Male,0.4,Not Graduate,Yes,0.6185567010309277,0.5433673469387755,1.0,0.6316666666666668,0.6013289036544851,Approved,0.7936000000000001,0.36241610738255037
Female,0.6000000000000001,Graduate,Yes,0.7938144329896907,0.7372448979591837,0.1111111111111111,0.16500000000000004,0.7242524916943522,Approved,0.8784000000000001,0.3056741915802319
Male,0.6000000000000001,Not Graduate,No,0.10309278350515465,0.10714285714285715,0.2222222222222222,0.865,0.08194905869324474,Rejected,0.8999999999999999,0.19991864958307917
Female,0.2,Graduate,No,0.4639175257731959,0.2908163265306123,0.2222222222222222,0.01333333333333342,0.3466223698781839,Rejected,0.39559999999999995,0.39841366687004276
Male,1.0,Graduate,Yes,0.5876288659793814,0.3903061224489796,0.0,0.7166666666666668,0.4285714285714286,Approved,0.4576,0.35712833028269264
Female,0.8,Not Graduate,Yes,0.12371134020618556,0.12244897959183675,0.6666666666666665,0.020000000000000018,0.1018826135105205,Rejected,0.8572,0.2302216798861094
Female,0.6000000000000001,Not Graduate,Yes,0.4639175257731959,0.31887755102040816,0.7777777777777777,0.7333333333333334,0.31229235880398676,Approved,0.48919999999999986,0.3018100467764897
Female,1.0,Graduate,Yes,0.7628865979381443,0.5025510204081632,0.4444444444444445,0.3700000000000001,0.522702104097453,Rejected,0.4528000000000001,0.33150294895261334
Male,0.8,Graduate,No,0.7216494845360825,0.42346938775510207,0.1111111111111111,0.6700000000000002,0.6002214839424143,Approved,0.3388,0.5045759609517999
Female,0.8,Not Graduate,Yes,0.12371134020618556,0.10204081632653061,0.7777777777777777,0.245,0.11849390919158362,Rejected,0.6284000000000001,0.37238153345535896
Male,1.0,Graduate,No,0.12371134020618556,0.0663265306122449,0.1111111111111111,0.8816666666666668,0.08859357696567,Rejected,0.22840000000000005,0.43664836282285946
Male,0.4,Graduate,No,0.7938144329896907,0.4642857142857143,0.8888888888888888,0.7116666666666667,0.6522702104097453,Approved,0.3368,0.4992881838519423
Male,1.0,Not Graduate,Yes,0.7628865979381443,0.46938775510204084,0.6666666666666665,0.3483333333333334,0.4706533776301219,Rejected,0.38439999999999985,0.3140126093146228
Male,0.6000000000000001,Graduate,Yes,0.9690721649484536,0.8647959183673469,0.0,0.7416666666666667,0.48504983388704326,Approved,0.8248,0.11022981492780151
Female,0.2,Not Graduate,No,0.21649484536082472,0.1607142857142857,0.8888888888888888,0.3550000000000001,0.17386489479512737,Rejected,0.548,0.3435021354484442
Female,0.4,Not Graduate,No,0.8144329896907216,0.4642857142857143,0.2222222222222222,0.12,0.7508305647840532,Approved,0.3135999999999999,0.5971120601993085
Male,0.4,Graduate,Yes,0.010309278350515465,0.01020408163265306,0.1111111111111111,0.18500000000000005,0.016611295681063128,Rejected,0.33320000000000005,0.3994305470815538
Male,0.8,Graduate,No,0.4639175257731959,0.2678571428571429,1.0,0.32500000000000007,0.434108527131783,Rejected,0.31919999999999993,0.5932479153955664
Female,1.0,Not Graduate,No,0.09278350515463918,0.05612244897959184,0.1111111111111111,0.8783333333333334,0.08527131782945736,Rejected,0.30920000000000003,0.5064063453325199
Male,0.8,Not Graduate,No,0.8659793814432989,0.6326530612244897,0.2222222222222222,0.8666666666666667,0.5902547065337763,Approved,0.5675999999999999,0.28248932275777916
Female,1.0,Graduate,Yes,0.8762886597938144,0.7091836734693877,0.4444444444444445,0.6000000000000001,0.6854928017718717,Approved,0.692,0.2983526540573521
Male,0.0,Not Graduate,No,0.20618556701030927,0.211734693877551,0.1111111111111111,0.43833333333333335,0.09634551495016612,Rejected,0.9636,0.0626398210290828
Male,0.2,Not Graduate,Yes,0.03092783505154639,0.028061224489795915,0.4444444444444445,0.9716666666666667,0.027685492801771877,Approved,0.5199999999999998,0.2686597518812285
Female,0.0,Not Graduate,Yes,0.9175257731958762,0.5535714285714285,0.5555555555555556,0.14500000000000002,0.877076411960133,Approved,0.36719999999999997,0.5832824893227577
Male,0.2,Graduate,No,0.20618556701030927,0.21428571428571427,0.5555555555555556,0.5216666666666667,0.1107419712070875,Rejected,0.982,0.0905023388244865
Female,0.0,Not Graduate,Yes,0.20618556701030927,0.19642857142857142,0.6666666666666665,0.05833333333333335,0.17607973421926912,Rejected,0.8544,0.2619483424852552
Male,0.2,Graduate,Yes,0.9690721649484536,0.8724489795918366,0.0,0.8250000000000002,0.5681063122923589,Approved,0.8375999999999999,0.1523286556843604
Male,0.2,Graduate,Yes,0.6494845360824741,0.3469387755102041,0.3333333333333333,0.11499999999999999,0.3875968992248062,Approved,0.25519999999999987,0.3654667480170837
Male,0.8,Graduate,Yes,0.2268041237113402,0.18112244897959182,0.8888888888888888,0.9800000000000002,0.16279069767441862,Approved,0.6332,0.26255847061216186
Female,0.8,Not Graduate,No,0.5463917525773195,0.30612244897959184,0.2222222222222222,0.7366666666666668,0.4352159468438539,Rejected,0.2944,0.5039658328248933
Male,0.0,Graduate,No,0.49484536082474223,0.35969387755102045,0.1111111111111111,0.9566666666666668,0.3311184939091916,Approved,0.5519999999999998,0.2753711612772016
Male,0.2,Graduate,No,0.2577319587628866,0.1989795918367347,0.7777777777777777,0.6516666666666668,0.17054263565891475,Approved,0.6000000000000001,0.24425462680496243
Male,0.6000000000000001,Not Graduate,Yes,0.8556701030927835,0.7653061224489796,0.5555555555555556,0.77,0.4451827242524917,Approved,0.8260000000000001,0.11999186495830796
Male,0.2,Graduate,No,0.4329896907216495,0.2653061224489796,0.8888888888888888,0.040000000000000036,0.256921373200443,Rejected,0.3727999999999999,0.2961155175920277
Female,0.8,Not Graduate,No,0.03092783505154639,0.03826530612244898,1.0,0.7950000000000002,0.025470653377630124,Rejected,0.8400000000000001,0.1525320317266626
Female,0.0,Graduate,No,0.8350515463917525,0.5382653061224489,0.0,0.6033333333333335,0.5836101882613511,Approved,0.4311999999999998,0.3520439292251373
Male,0.4,Not Graduate,Yes,0.5979381443298969,0.3239795918367347,0.5555555555555556,0.27,0.2702104097452935,Rejected,0.2667999999999999,0.23550945698596706
Female,0.6000000000000001,Not Graduate,Yes,0.3917525773195876,0.25765306122448983,0.6666666666666665,0.5150000000000001,0.27574750830564787,Rejected,0.43999999999999995,0.3422818791946308
Male,1.0,Graduate,Yes,0.4329896907216495,0.2908163265306123,1.0,0.4833333333333334,0.23255813953488375,Rejected,0.4635999999999998,0.21944274964409197
Male,0.6000000000000001,Graduate,Yes,0.4329896907216495,0.39540816326530615,0.8888888888888888,0.7983333333333333,0.3399778516057586,Approved,0.8364,0.24771201952410007
Male,0.4,Graduate,Yes,0.17525773195876287,0.11989795918367348,0.6666666666666665,0.5683333333333334,0.10409745293466224,Rejected,0.4528000000000001,0.24608501118568235
Female,0.0,Graduate,Yes,0.49484536082474223,0.46173469387755106,0.5555555555555556,0.7533333333333334,0.38981173864894797,Approved,0.8720000000000001,0.24100061012812693
Female,0.0,Graduate,No,0.8041237113402061,0.596938775510204,0.4444444444444445,0.008333333333333415,0.6932447397563677,Approved,0.5848,0.38804148871262967
Female,0.8,Not Graduate,No,0.8247422680412371,0.520408163265306,0.4444444444444445,0.41000000000000003,0.5869324473975638,Rejected,0.40959999999999996,0.3721781574130567
Female,0.4,Graduate,No,0.7010309278350515,0.6096938775510203,0.3333333333333333,0.8883333333333334,0.5825027685492803,Approved,0.7827999999999999,0.29286150091519225
Female,0.4,Not Graduate,No,0.2268041237113402,0.21683673469387754,0.8888888888888888,0.20166666666666666,0.1373200442967885,Rejected,0.8668,0.1433801098230629
Female,1.0,Graduate,No,0.6597938144329897,0.4719387755102041,0.1111111111111111,0.5650000000000002,0.36877076411960136,Rejected,0.5391999999999999,0.21212121212121213
Female,0.6000000000000001,Graduate,No,0.30927835051546393,0.1683673469387755,1.0,0.7250000000000001,0.18936877076411962,Approved,0.26239999999999997,0.36322961155175926
Female,0.0,Not Graduate,Yes,0.24742268041237112,0.13010204081632654,0.0,0.1283333333333334,0.14839424141749724,Rejected,0.2307999999999999,0.3672971323978036
Female,0.6000000000000001,Not Graduate,No,0.6907216494845361,0.3903061224489796,1.0,0.01666666666666672,0.36434108527131787,Rejected,0.3044,0.28167581858857027
Male,0.8,Graduate,No,0.4742268041237114,0.3494897959183674,0.0,0.6583333333333334,0.3610188261351052,Rejected,0.5668,0.3268252999796625
Female,0.2,Not Graduate,Yes,0.010309278350515465,0.022959183673469385,0.1111111111111111,0.09166666666666667,0.017718715393134,Rejected,1.0,0.18649583079113283
Female,0.2,Not Graduate,Yes,0.422680412371134,0.3520408163265306,0.5555555555555556,0.3750000000000001,0.24806201550387602,Rejected,0.7116,0.17632702867602199
Female,1.0,Not Graduate,No,0.05154639175257732,0.05357142857142857,1.0,0.050000000000000044,0.05094130675526025,Rejected,0.7715999999999998,0.27110026438885504
Female,1.0,Graduate,No,0.9484536082474226,0.6505102040816326,0.6666666666666665,0.5416666666666667,0.9424141749723146,Approved,0.498,0.5214561724628839
Female,0.6000000000000001,Not Graduate,Yes,0.061855670103092786,0.0663265306122449,0.4444444444444445,0.5733333333333335,0.044296788482835,Rejected,0.8500000000000001,0.1559894244458003
Female,1.0,Not Graduate,No,0.4329896907216495,0.37244897959183676,0.1111111111111111,0.9416666666666667,0.3588039867109635,Rejected,0.7544,0.29509863738051667
Female,0.2,Graduate,Yes,0.4639175257731959,0.36989795918367346,0.2222222222222222,0.6016666666666668,0.3776301218161684,Approved,0.6596,0.32153752287980475
Female,0.4,Not Graduate,No,0.21649484536082472,0.11989795918367348,0.3333333333333333,0.9733333333333334,0.11406423034330011,Rejected,0.26959999999999995,0.2826926988000814
Female,1.0,Graduate,Yes,0.8556701030927835,0.673469387755102,0.4444444444444445,0.8383333333333334,0.5614617940199336,Approved,0.6564000000000001,0.23672971323978034
Female,0.4,Graduate,No,0.7628865979381443,0.7142857142857143,0.5555555555555556,0.8333333333333335,0.6367663344407531,Approved,0.8896000000000002,0.263575350823673
Female,0.4,Graduate,No,0.30927835051546393,0.3137755102040817,0.8888888888888888,0.8266666666666667,0.23145071982281287,Approved,0.9752000000000001,0.1911734797640838
Male,0.8,Not Graduate,No,0.2268041237113402,0.11989795918367348,0.1111111111111111,0.6933333333333334,0.13510520487264677,Rejected,0.23320000000000007,0.3599755948749237
Male,0.0,Graduate,Yes,0.03092783505154639,0.020408163265306124,0.8888888888888888,0.29833333333333334,0.044296788482835,Approved,0.28,0.6609721374822046
Female,0.6000000000000001,Not Graduate,Yes,0.8556701030927835,0.7142857142857143,0.0,0.8500000000000001,0.6456256921373201,Approved,0.7316,0.269269880008135
Female,0.0,Graduate,Yes,0.8969072164948453,0.5255102040816326,0.8888888888888888,0.44666666666666677,0.6323366555924697,Approved,0.33919999999999995,0.4069554606467358
Male,0.0,Graduate,No,0.26804123711340205,0.13520408163265304,0.3333333333333333,0.9033333333333333,0.09856035437430787,Approved,0.19999999999999996,0.18527557453731955
Female,0.6000000000000001,Not Graduate,Yes,0.27835051546391754,0.17091836734693877,0.1111111111111111,0.8433333333333335,0.21926910299003324,Approved,0.36560000000000004,0.43441122635753515
Male,0.2,Graduate,Yes,0.4845360824742268,0.4438775510204082,0.3333333333333333,0.7033333333333334,0.3931339977851606,Approved,0.8448,0.25991458206223306
Male,1.0,Not Graduate,No,0.9690721649484536,0.520408163265306,0.6666666666666665,0.2366666666666667,0.832779623477298,Rejected,0.26239999999999997,0.5901972747610332
Male,0.6000000000000001,Graduate,Yes,0.3195876288659794,0.2423469387755102,0.2222222222222222,0.10000000000000009,0.2225913621262459,Rejected,0.5880000000000001,0.27293064876957496
Male,0.6000000000000001,Not Graduate,No,0.26804123711340205,0.14285714285714285,0.1111111111111111,0.2683333333333334,0.14728682170542637,Rejected,0.24280000000000002,0.31970713849908483
Male,0.4,Graduate,No,0.7835051546391752,0.5586734693877551,0.4444444444444445,0.7250000000000001,0.48504983388704326,Approved,0.5384,0.25238966849705113
Female,0.8,Graduate,Yes,0.23711340206185563,0.20663265306122447,0.5555555555555556,0.7683333333333333,0.1904761904761905,Approved,0.744,0.2735407768964817
Male,0.0,Graduate,No,0.4329896907216495,0.26275510204081637,1.0,0.5883333333333334,0.3676633444075305,Approved,0.3635999999999999,0.49217002237136465
Female,0.0,Not Graduate,No,0.7938144329896907,0.7780612244897959,0.1111111111111111,0.7100000000000002,0.5370985603543744,Approved,0.9596,0.17042912344925773
Female,0.2,Graduate,No,0.8969072164948453,0.5688775510204082,0.8888888888888888,0.5283333333333333,0.6987818383167221,Approved,0.41559999999999997,0.4189546471425666
Male,0.0,Graduate,No,0.556701030927835,0.33418367346938777,0.0,0.2666666666666667,0.2879291251384275,Approved,0.35719999999999985,0.24811877160870452
Male,0.2,Not Graduate,No,0.12371134020618556,0.07653061224489796,0.3333333333333333,0.010000000000000009,0.07862679955703211,Rejected,0.3428,0.30974171242627624
Female,1.0,Graduate,Yes,0.03092783505154639,0.028061224489795915,0.1111111111111111,0.28500000000000003,0.019933554817275746,Rejected,0.5199999999999998,0.16697173073011998
Male,0.2,Graduate,Yes,0.5051546391752577,0.38265306122448983,0.1111111111111111,0.5466666666666666,0.33333333333333337,Approved,0.6000000000000001,0.2527964205816555
Male,0.6000000000000001,Graduate,No,0.9896907216494845,0.645408163265306,0.4444444444444445,0.17333333333333334,0.877076411960133,Approved,0.4448000000000001,0.4797640837909294
Female,0.4,Graduate,Yes,0.8659793814432989,0.5433673469387755,0.7777777777777777,0.8400000000000001,0.5448504983388704,Approved,0.40480000000000005,0.3144193613992272
Female,0.6000000000000001,Not Graduate,No,0.14432989690721648,0.09183673469387756,1.0,0.8400000000000001,0.07751937984496124,Rejected,0.3752,0.2332723205206427
Male,0.2,Not Graduate,Yes,0.23711340206185563,0.16326530612244897,0.0,0.33666666666666667,0.1816168327796235,Rejected,0.472,0.3573317063249949
Female,0.0,Graduate,No,0.9587628865979381,0.5688775510204082,0.2222222222222222,0.935,0.7984496124031009,Approved,0.3515999999999999,0.49989831197884893
Male,0.4,Not Graduate,Yes,0.288659793814433,0.1913265306122449,0.6666666666666665,0.42500000000000004,0.22369878183831676,Rejected,0.43999999999999995,0.38458409599349197
Male,0.0,Not Graduate,No,0.5051546391752577,0.3392857142857143,0.8888888888888888,0.08500000000000008,0.29900332225913623,Rejected,0.4667999999999999,0.25727069351230425
Male,0.4,Not Graduate,Yes,0.7628865979381443,0.5943877551020408,0.2222222222222222,0.09666666666666668,0.6168327796234774,Rejected,0.6419999999999999,0.3308928208257067
Female,1.0,Graduate,No,0.8865979381443299,0.4719387755102041,0.6666666666666665,0.8933333333333333,0.7209302325581396,Approved,0.25439999999999996,0.5560300996542608
Female,0.8,Not Graduate,Yes,0.09278350515463918,0.0663265306122449,0.1111111111111111,0.42333333333333334,0.10077519379844961,Rejected,0.4543999999999999,0.5137278828553996
Female,0.6000000000000001,Graduate,No,0.8762886597938144,0.770408163265306,0.0,0.2383333333333334,0.5083056478405317,Approved,0.8024,0.1561928004881025
Female,1.0,Not Graduate,No,0.6082474226804123,0.5943877551020408,0.1111111111111111,0.7083333333333335,0.4706533776301219,Rejected,0.9476,0.2172056131787676
Female,0.4,Not Graduate,Yes,0.17525773195876287,0.17091836734693877,0.6666666666666665,0.8633333333333335,0.16057585825027687,Approved,0.8736000000000002,0.280455562334757
Male,0.2,Not Graduate,No,0.9999999999999999,0.9795918367346939,0.2222222222222222,0.6166666666666667,0.8183831672203766,Approved,0.9636,0.23794996949359368
Male,0.0,Graduate,No,0.5773195876288659,0.5306122448979591,0.2222222222222222,0.19000000000000006,0.34883720930232565,Approved,0.8552,0.15497254423428922
Male,0.4,Not Graduate,Yes,0.9587628865979381,0.9362244897959183,0.3333333333333333,0.9783333333333335,0.7818383167220377,Approved,0.958,0.23774659345129148
Male,0.6000000000000001,Graduate,Yes,0.7938144329896907,0.6709183673469388,0.5555555555555556,0.18166666666666675,0.5459579180509414,Approved,0.7467999999999999,0.22737441529387845
Female,0.2,Not Graduate,Yes,0.1134020618556701,0.10714285714285715,0.6666666666666665,0.6316666666666668,0.10741971207087486,Rejected,0.7848000000000002,0.303843807199512
Male,0.8,Graduate,Yes,0.05154639175257732,0.058673469387755105,0.8888888888888888,0.29666666666666675,0.035437430786268,Rejected,0.8855999999999999,0.12914378686190767
Female,0.6000000000000001,Graduate,No,0.04123711340206186,0.022959183673469385,0.0,0.7533333333333334,0.04651162790697675,Rejected,0.19999999999999996,0.6270083384177344
Male,0.0,Graduate,No,0.9484536082474226,0.8341836734693877,0.1111111111111111,0.5266666666666668,0.5858250276854928,Approved,0.8044,0.17592027659141754
Female,0.4,Not Graduate,Yes,0.3711340206185567,0.3112244897959184,0.6666666666666665,0.9033333333333333,0.3311184939091916,Approved,0.7156,0.3404514948139109
Female,0.6000000000000001,Graduate,Yes,0.7835051546391752,0.6632653061224489,1.0,0.9000000000000001,0.4595791805094131,Approved,0.7487999999999999,0.17144600366076876
Male,0.6000000000000001,Graduate,Yes,0.7835051546391752,0.6989795918367346,0.2222222222222222,0.21666666666666667,0.45404208194905876,Rejected,0.8204,0.15151515151515157
Male,0.8,Not Graduate,No,0.2577319587628866,0.17091836734693877,0.1111111111111111,0.08500000000000008,0.1550387596899225,Rejected,0.43720000000000003,0.2658124872889974
Male,1.0,Not Graduate,No,0.04123711340206186,0.05102040816326531,0.1111111111111111,0.07833333333333337,0.018826135105204873,Rejected,0.9332,0.03315029489526136
Male,0.6000000000000001,Not Graduate,Yes,0.8041237113402061,0.7270408163265306,0.4444444444444445,0.4600000000000001,0.5991140642303434,Approved,0.8400000000000001,0.23225544030913162
Female,0.0,Not Graduate,Yes,0.3917525773195876,0.2729591836734694,0.3333333333333333,0.8316666666666668,0.32115171650055374,Approved,0.5,0.391092129347163
Male,0.2,Not Graduate,Yes,0.3195876288659794,0.2678571428571429,0.0,0.41666666666666674,0.2779623477297896,Approved,0.7092,0.32763880414887137
Male,0.4,Graduate,No,0.5773195876288659,0.3316326530612245,0.1111111111111111,0.9633333333333334,0.40420819490586934,Approved,0.31720000000000004,0.4116331096196868
Female,0.6000000000000001,Graduate,Yes,0.2268041237113402,0.11479591836734694,0.5555555555555556,0.9916666666666667,0.19158361018826137,Approved,0.19999999999999996,0.597518812283913
Male,0.8,Not Graduate,No,0.7628865979381443,0.75,0.2222222222222222,0.5050000000000001,0.4928017718715394,Rejected,0.9632000000000001,0.15497254423428922
Male,0.4,Not Graduate,Yes,0.23711340206185563,0.1683673469387755,0.5555555555555556,0.04166666666666674,0.18826135105204875,Rejected,0.5039999999999998,0.3603823469595281
Male,0.4,Graduate,No,0.3195876288659794,0.29336734693877553,0.1111111111111111,0.15500000000000003,0.203765227021041,Rejected,0.8304,0.17144600366076876
Male,0.6000000000000001,Graduate,No,0.9896907216494845,0.7653061224489796,0.0,0.52,0.5825027685492803,Approved,0.6368,0.20317266625991462
Male,0.0,Graduate,Yes,0.08247422680412371,0.08928571428571429,0.3333333333333333,0.42166666666666675,0.07198228128460686,Approved,0.9199999999999999,0.21679886109416316
Female,0.0,Not Graduate,Yes,0.23711340206185563,0.21683673469387754,0.6666666666666665,0.14833333333333343,0.2259136212624585,Rejected,0.808,0.3282489322757779
Male,0.0,Graduate,No,0.17525773195876287,0.16581632653061223,0.1111111111111111,0.8033333333333335,0.11517165005537099,Approved,0.8316000000000001,0.17042912344925773
Male,0.6000000000000001,Graduate,No,0.29896907216494845,0.20918367346938774,0.5555555555555556,0.32166666666666677,0.3034330011074198,Rejected,0.4967999999999999,0.5127110026438886
Male,1.0,Graduate,Yes,0.5979381443298969,0.29591836734693877,0.0,0.5483333333333333,0.2823920265780731,Approved,0.19320000000000004,0.2900142363229612
Male,1.0,Not Graduate,No,0.6494845360824741,0.5433673469387755,0.4444444444444445,0.19833333333333336,0.45404208194905876,Rejected,0.7292000000000001,0.23733984136668704
Male,0.4,Not Graduate,Yes,0.5876288659793814,0.39540816326530615,0.0,0.2400000000000001,0.487264673311185,Rejected,0.47119999999999984,0.4189546471425666
Female,1.0,Not Graduate,Yes,0.6494845360824741,0.39540816326530615,0.7777777777777777,0.0016666666666667052,0.478405315614618,Rejected,0.37239999999999995,0.4085824689851535
Male,0.0,Graduate,Yes,0.3711340206185567,0.2780612244897959,1.0,0.29833333333333334,0.2713178294573644,Approved,0.5788,0.2995729103111654
Female,0.6000000000000001,Not Graduate,Yes,0.288659793814433,0.28316326530612246,0.4444444444444445,0.20666666666666667,0.1993355481727575,Rejected,0.9199999999999999,0.17571690054911535
Female,0.0,Graduate,No,0.422680412371134,0.42346938775510207,0.8888888888888888,0.28166666666666673,0.26356589147286824,Rejected,0.972,0.13870246085011187
Male,0.8,Not Graduate,Yes,0.3402061855670103,0.20408163265306123,0.0,0.9950000000000001,0.3034330011074198,Approved,0.34839999999999993,0.5285743339434615
Male,0.6000000000000001,Not Graduate,No,0.010309278350515465,0.005102040816326531,0.0,0.29500000000000004,0.018826135105204873,Rejected,0.06679999999999997,0.701647345942648
Male,0.6000000000000001,Not Graduate,Yes,0.04123711340206186,0.028061224489795915,0.7777777777777777,0.3483333333333334,0.04208194905869325,Rejected,0.33320000000000005,0.4575960951799878
Male,0.0,Graduate,Yes,0.061855670103092786,0.03571428571428571,0.1111111111111111,0.7533333333333334,0.07308970099667775,Approved,0.25,0.6849705104738663
Female,0.0,Not Graduate,Yes,0.556701030927835,0.4795918367346939,0.6666666666666665,0.9583333333333335,0.48504983388704326,Approved,0.7644,0.31808013016066716
Male,0.4,Not Graduate,Yes,0.16494845360824742,0.08418367346938777,0.1111111111111111,0.07166666666666666,0.13067552602436325,Rejected,0.19999999999999996,0.5367093756355501
Male,0.0,Graduate,No,0.6804123711340205,0.5229591836734694,1.0,0.865,0.6943521594684386,Approved,0.6236000000000002,0.4645108806182632
Male,0.4,Graduate,Yes,0.4123711340206186,0.42091836734693877,0.0,0.22166666666666668,0.22923588039867113,Rejected,1.0,0.10290827740492173
Male,0.2,Not Graduate,Yes,0.0,0.0025510204081632647,0.2222222222222222,0.78,0.006644518272425249,Rejected,0.19999999999999996,0.35590807402887936
Male,0.4,Graduate,Yes,0.8556701030927835,0.8035714285714285,0.2222222222222222,0.6900000000000002,0.5503875968992249,Approved,0.8964000000000001,0.16778523489932887
Male,0.4,Not Graduate,Yes,0.26804123711340205,0.24999999999999997,0.7777777777777777,0.385,0.18493909191583613,Rejected,0.8428,0.1917836078909905
Female,0.0,Graduate,Yes,0.3505154639175258,0.211734693877551,0.2222222222222222,0.3816666666666667,0.25359911406423036,Approved,0.3555999999999999,0.39841366687004276
Female,0.2,Not Graduate,No,0.6185567010309277,0.489795918367347,1.0,0.2466666666666667,0.44739756367663347,Rejected,0.6579999999999999,0.27293064876957496
Male,0.2,Graduate,No,0.2577319587628866,0.24744897959183673,0.0,0.4733333333333334,0.22037652270210412,Rejected,0.8816000000000002,0.26032133414683745
Male,0.2,Graduate,No,0.6804123711340205,0.5765306122448979,0.1111111111111111,0.3350000000000001,0.38316722037652273,Approved,0.7471999999999999,0.15822656091112472
Male,0.4,Not Graduate,No,0.6288659793814433,0.6173469387755102,0.8888888888888888,0.9133333333333333,0.4396456256921374,Approved,0.9556,0.18039454952206632
Female,0.8,Not Graduate,No,0.8865979381443299,0.4795918367346939,0.2222222222222222,0.4766666666666667,0.6533776301218163,Rejected,0.2679999999999999,0.47996745983323164
Male,0.2,Graduate,No,0.5876288659793814,0.3239795918367347,0.0,0.14333333333333342,0.40642303433001115,Approved,0.2811999999999999,0.42790319300386415
Female,1.0,Not Graduate,Yes,0.9896907216494845,0.9591836734693877,0.8888888888888888,0.0016666666666667052,0.5725359911406424,Rejected,0.9468000000000001,0.1271100264388855
Male,0.4,Graduate,No,0.3195876288659794,0.20408163265306123,0.2222222222222222,0.5883333333333334,0.22480620155038764,Approved,0.4059999999999999,0.3546878177750662
Male,0.8,Graduate,Yes,0.010309278350515465,0.005102040816326531,0.6666666666666665,0.2466666666666667,0.014396456256921373,Rejected,0.06679999999999997,0.5389465121008745
Male,0.2,Not Graduate,Yes,0.4742268041237114,0.288265306122449,0.7777777777777777,0.6600000000000001,0.31782945736434115,Approved,0.3667999999999999,0.3577384584095993
Male,0.2,Graduate,No,0.7525773195876289,0.7142857142857143,0.7777777777777777,0.6783333333333335,0.36987818383167226,Approved,0.9092,0.09029896278218427
Female,0.4,Not Graduate,No,0.8659793814432989,0.5459183673469388,0.1111111111111111,0.21500000000000008,0.584717607973422,Approved,0.4092,0.346146023998373
Female,0.8,Not Graduate,No,0.8969072164948453,0.5306122448979591,0.2222222222222222,0.5516666666666667,0.398671096345515,Rejected,0.34839999999999993,0.1982916412446614
Male,1.0,Not Graduate,Yes,0.9690721649484536,0.7474489795918366,0.1111111111111111,0.2433333333333334,0.8394241417497232,Approved,0.6332,0.37095790115924343
Male,0.0,Graduate,Yes,0.7731958762886597,0.45408163265306123,0.8888888888888888,0.675,0.45293466223698786,Approved,0.3403999999999999,0.31157209680699616
Female,0.6000000000000001,Not Graduate,Yes,0.7010309278350515,0.38010204081632654,0.0,0.6816666666666666,0.5215946843853821,Approved,0.26839999999999986,0.48301810046776494
Female,0.8,Not Graduate,Yes,0.7835051546391752,0.489795918367347,0.6666666666666665,0.7316666666666667,0.39091915836101887,Approved,0.3999999999999999,0.21984950172869636
Female,0.6000000000000001,Graduate,No,0.5051546391752577,0.2729591836734694,0.2222222222222222,0.06000000000000005,0.2702104097452935,Rejected,0.2627999999999999,0.3060809436648363
Female,0.8,Graduate,No,0.9484536082474226,0.8239795918367346,0.1111111111111111,0.9966666666666668,0.5980066445182725,Approved,0.7871999999999999,0.18690258287573727
Male,0.8,Not Graduate,Yes,0.04123711340206186,0.04591836734693877,0.2222222222222222,0.43000000000000005,0.0487264673311185,Rejected,0.8,0.31238560097620505
Female,0.6000000000000001,Graduate,No,0.5051546391752577,0.3316326530612245,0.1111111111111111,0.4816666666666667,0.44075304540420823,Approved,0.44320000000000004,0.46227374415293887
Male,0.4,Graduate,Yes,0.3711340206185567,0.35969387755102045,0.0,0.0016666666666667052,0.14728682170542637,Rejected,0.9156,0.04087858450274559
Female,0.4,Not Graduate,Yes,0.5257731958762886,0.5331632653061225,0.6666666666666665,0.3600000000000001,0.39202657807308977,Rejected,1.0,0.1909701037217816
Female,1.0,Not Graduate,No,0.09278350515463918,0.08418367346938777,0.5555555555555556,0.025000000000000022,0.06755260243632337,Rejected,0.7092,0.214765100671141
Female,0.6000000000000001,Not Graduate,No,0.6391752577319587,0.35969387755102045,0.4444444444444445,0.41000000000000003,0.5149501661129569,Rejected,0.29999999999999993,0.5098637380516575
Female,0.0,Not Graduate,Yes,0.5051546391752577,0.3622448979591837,0.6666666666666665,0.43166666666666675,0.3322259136212625,Approved,0.5371999999999999,0.2739475289810861
Female,0.6000000000000001,Graduate,Yes,0.5257731958762886,0.42346938775510207,0.0,0.08333333333333337,0.4385382059800665,Rejected,0.6756,0.32885906040268464
Male,0.2,Graduate,No,0.6701030927835051,0.46938775510204084,0.3333333333333333,0.4716666666666667,0.40974529346622374,Approved,0.5164,0.25422005287777105
Male,0.4,Not Graduate,No,0.3917525773195876,0.23214285714285712,0.3333333333333333,0.9566666666666668,0.2513842746400886,Approved,0.33999999999999997,0.34716290420988405
Female,0.4,Not Graduate,Yes,0.3814432989690722,0.288265306122449,0.3333333333333333,0.8466666666666667,0.292358803986711,Approved,0.5896000000000001,0.3172666259914583
Female,0.2,Graduate,Yes,0.14432989690721648,0.11734693877551021,0.7777777777777777,0.31166666666666676,0.12070874861572538,Approved,0.6248,0.3164531218222494
Male,0.6000000000000001,Graduate,No,0.2577319587628866,0.1913265306122449,0.6666666666666665,0.9500000000000002,0.20044296788482838,Approved,0.5555999999999999,0.3298759406141957
Female,0.6000000000000001,Graduate,No,0.12371134020618556,0.08928571428571429,0.3333333333333333,0.9000000000000001,0.09191583610188261,Approved,0.48560000000000003,0.3129957291031117
Female,0.8,Not Graduate,Yes,0.8041237113402061,0.48214285714285715,0.8888888888888888,0.6366666666666667,0.39091915836101887,Approved,0.3599999999999999,0.22554403091315847
Male,0.6000000000000001,Graduate,Yes,0.8247422680412371,0.7295918367346939,0.4444444444444445,0.6133333333333335,0.7475083056478407,Approved,0.8096000000000001,0.3251982916412447
Female,1.0,Graduate,Yes,0.4742268041237114,0.25510204081632654,0.3333333333333333,0.8016666666666667,0.29457364341085274,Approved,0.25839999999999996,0.38051657514744763
Female,0.8,Graduate,No,0.8144329896907216,0.4770408163265306,0.2222222222222222,0.125,0.5448504983388704,Rejected,0.33840000000000003,0.37848281472442546
Male,0.8,Not Graduate,No,0.5876288659793814,0.37244897959183676,0.6666666666666665,0.9283333333333335,0.345514950166113,Approved,0.4099999999999999,0.2788285539963392
Male,1.0,Graduate,Yes,0.8144329896907216,0.8112244897959183,0.2222222222222222,0.8716666666666668,0.5559246954595792,Approved,0.9852000000000001,0.16798861094163112
Male,0.0,Graduate,No,0.12371134020618556,0.11989795918367348,0.3333333333333333,0.6433333333333333,0.08859357696567,Approved,0.8284,0.18913971934106164
Female,0.2,Graduate,No,0.14432989690721648,0.15306122448979592,0.0,0.7016666666666667,0.10299003322259137,Approved,0.9752000000000001,0.16066707341875128
Male,0.8,Graduate,No,0.4536082474226804,0.23214285714285712,0.8888888888888888,0.40833333333333344,0.22812846068660025,Rejected,0.21720000000000006,0.3018100467764897
Male,0.2,Not Graduate,No,0.27835051546391754,0.2193877551020408,0.2222222222222222,0.3716666666666667,0.194905869324474,Rejected,0.6275999999999999,0.2586943258084198
Male,0.4,Graduate,Yes,0.8659793814432989,0.6275510204081632,1.0,0.5116666666666667,0.6423034330011075,Approved,0.558,0.3243847874720359
Male,0.8,Not Graduate,No,0.3711340206185567,0.37244897959183676,1.0,0.21333333333333337,0.26910299003322263,Rejected,0.9683999999999999,0.18466544641041285
Male,0.0,Not Graduate,No,0.8247422680412371,0.5102040816326531,0.1111111111111111,0.6100000000000001,0.6267995570321152,Approved,0.39039999999999997,0.4185478950579622
Male,0.6000000000000001,Graduate,No,0.30927835051546393,0.24999999999999997,1.0,0.6733333333333333,0.22923588039867113,Rejected,0.6624000000000001,0.2723205206426683
Female,0.0,Not Graduate,Yes,0.8144329896907216,0.5994897959183673,0.4444444444444445,0.8233333333333335,0.5537098560354375,Approved,0.5751999999999999,0.2782184258694326
Female,0.2,Graduate,Yes,0.9896907216494845,0.586734693877551,0.5555555555555556,0.21666666666666667,0.6622369878183832,Approved,0.35119999999999996,0.3729916615822656
Male,0.0,Not Graduate,No,0.0,0.005102040816326531,1.0,0.5250000000000001,0.012181616832779624,Rejected,0.3999999999999999,0.4575960951799878
Male,0.0,Not Graduate,No,0.6597938144329897,0.3520408163265306,1.0,0.10000000000000009,0.49501661129568114,Approved,0.25439999999999996,0.4980679275981289
Male,0.0,Not Graduate,No,0.9175257731958762,0.45918367346938777,0.6666666666666665,0.2633333333333334,0.6533776301218163,Approved,0.20440000000000003,0.5076266015863331
Female,0.4,Not Graduate,No,0.5463917525773195,0.5127551020408163,0.5555555555555556,0.9783333333333335,0.36987818383167226,Approved,0.8835999999999999,0.18446207036811066
Female,0.8,Not Graduate,No,0.7216494845360825,0.6913265306122449,0.3333333333333333,0.7250000000000001,0.629014396456257,Rejected,0.9224000000000001,0.27211714460036607
Female,0.2,Not Graduate,No,0.2268041237113402,0.13520408163265304,0.7777777777777777,0.1316666666666667,0.16057585825027687,Rejected,0.33320000000000005,0.3886516168395363
Female,0.8,Graduate,No,0.9690721649484536,0.6428571428571428,1.0,0.40666666666666673,0.5526024363233666,Approved,0.4623999999999999,0.24872889973561121
Female,0.2,Graduate,Yes,0.5773195876288659,0.41836734693877553,0.5555555555555556,0.7016666666666667,0.3887043189368771,Approved,0.5515999999999999,0.27984543420785035
Female,0.8,Not Graduate,No,0.21649484536082472,0.14540816326530612,0.3333333333333333,0.6266666666666667,0.14396456256921375,Rejected,0.4436,0.30160667073418757
Female,0.2,Not Graduate,No,0.010309278350515465,0.022959183673469385,0.1111111111111111,0.07000000000000006,0.019933554817275746,Rejected,1.0,0.2202562538133008
Female,0.0,Not Graduate,No,0.9999999999999999,0.6811224489795918,0.7777777777777777,0.44333333333333336,0.761904761904762,Approved,0.4907999999999999,0.3687207646939191
Female,0.4,Not Graduate,No,0.3402061855670103,0.3494897959183674,0.0,0.09166666666666667,0.2724252491694352,Rejected,1.0,0.21069757982509665
Male,0.4,Graduate,No,0.4742268041237114,0.4642857142857143,1.0,0.5083333333333333,0.3466223698781839,Approved,0.9416,0.19605450477933703
Male,0.4,Not Graduate,No,0.14432989690721648,0.125,0.7777777777777777,0.3750000000000001,0.1107419712070875,Rejected,0.7,0.25422005287777105
Male,1.0,Graduate,Yes,0.061855670103092786,0.05612244897959184,0.5555555555555556,0.17166666666666675,0.04540420819490588,Rejected,0.6499999999999999,0.21354484441732766
Male,0.2,Graduate,Yes,0.9072164948453608,0.846938775510204,0.8888888888888888,0.7116666666666667,0.6899224806201552,Approved,0.8888,0.22818791946308728
Female,0.2,Graduate,No,0.8350515463917525,0.7295918367346939,0.5555555555555556,0.3816666666666667,0.6655592469545959,Approved,0.7928000000000002,0.2731340248118772
Female,0.8,Graduate,No,0.26804123711340205,0.14795918367346939,0.8888888888888888,0.19166666666666676,0.1816168327796235,Rejected,0.27159999999999984,0.40756558877364246
Male,0.2,Graduate,Yes,0.6391752577319587,0.43367346938775514,0.4444444444444445,0.9650000000000001,0.37984496124031014,Approved,0.48119999999999985,0.25544030913158433
Female,0.4,Not Graduate,Yes,0.5979381443298969,0.3137755102040817,0.7777777777777777,0.5816666666666668,0.4285714285714286,Approved,0.24,0.4785438275371162
Male,0.0,Graduate,No,0.27835051546391754,0.2423469387755102,0.7777777777777777,0.15833333333333333,0.22480620155038764,Rejected,0.7516,0.2769981696156193
Female,0.0,Graduate,No,0.6494845360824741,0.6071428571428571,1.0,0.31333333333333335,0.4595791805094131,Approved,0.8832,0.20113890583689245
Male,0.2,Graduate,Yes,0.0,0.0025510204081632647,0.3333333333333333,0.44833333333333336,0.01107419712070875,Rejected,0.19999999999999996,0.5592841163310962
Female,0.2,Not Graduate,No,0.845360824742268,0.6198979591836734,0.6666666666666665,0.8616666666666668,0.5980066445182725,Approved,0.5715999999999999,0.29713239780353873
Female,0.2,Graduate,Yes,0.6082474226804123,0.44642857142857145,1.0,0.6766666666666667,0.5282392026578073,Approved,0.5671999999999999,0.39699003457392723
Male,0.4,Graduate,Yes,0.8041237113402061,0.7882653061224489,0.3333333333333333,0.42166666666666675,0.4562569213732005,Approved,0.96,0.11856823266219238
Female,1.0,Not Graduate,Yes,0.07216494845360825,0.03826530612244898,0.6666666666666665,0.27333333333333343,0.05204872646733112,Rejected,0.19999999999999996,0.42363229611551767
Male,0.4,Graduate,No,0.7319587628865979,0.5025510204081632,0.2222222222222222,0.7150000000000001,0.558139534883721,Approved,0.496,0.36404311572096804
Male,0.8,Not Graduate,Yes,0.36082474226804123,0.18112244897959182,0.5555555555555556,0.1050000000000001,0.2890365448504984,Rejected,0.19999999999999996,0.5757575757575758
Male,0.4,Graduate,No,0.5154639175257731,0.43112244897959184,0.5555555555555556,0.44166666666666676,0.3399778516057586,Rejected,0.7231999999999998,0.21517185275574538
Male,0.2,Graduate,No,0.7216494845360825,0.5280612244897959,0.6666666666666665,0.20166666666666666,0.4551495016611296,Rejected,0.5668,0.2493390278625178
Female,0.0,Not Graduate,Yes,0.9484536082474226,0.8647959183673469,0.4444444444444445,0.3533333333333334,0.744186046511628,Approved,0.8552,0.24954240390482005
Female,0.6000000000000001,Not Graduate,Yes,0.32989690721649484,0.30867346938775514,0.0,0.7166666666666668,0.2524916943521595,Rejected,0.8588,0.22798454342078503
Female,0.0,Graduate,No,0.04123711340206186,0.05102040816326531,0.3333333333333333,0.5450000000000002,0.0487264673311185,Approved,0.9332,0.27191376855806393
Male,0.0,Not Graduate,Yes,0.3195876288659794,0.24744897959183673,0.7777777777777777,0.22333333333333338,0.2624584717607974,Approved,0.6119999999999999,0.33760423022167996
Female,0.4,Graduate,Yes,0.5876288659793814,0.35714285714285715,0.0,0.18333333333333335,0.4086378737541529,Approved,0.36959999999999993,0.3778726865975188
Male,0.6000000000000001,Not Graduate,No,0.1134020618556701,0.08418367346938777,0.7777777777777777,0.54,0.10520487264673312,Rejected,0.5076,0.4067520846044336
Female,0.8,Graduate,Yes,0.5670103092783505,0.42346938775510207,0.1111111111111111,0.5933333333333335,0.558139534883721,Approved,0.5859999999999999,0.45881635143380106
Female,0.4,Not Graduate,No,0.7731958762886597,0.6887755102040816,0.7777777777777777,0.7633333333333334,0.5027685492801772,Approved,0.8180000000000001,0.1887329672564572
Female,0.8,Not Graduate,Yes,0.7010309278350515,0.5918367346938775,0.8888888888888888,0.06000000000000005,0.5714285714285715,Rejected,0.7428000000000001,0.29753914988814323
Male,1.0,Graduate,No,0.8144329896907216,0.5510204081632653,0.8888888888888888,0.13,0.3765227021040975,Rejected,0.48160000000000003,0.16697173073011998
Female,0.2,Graduate,Yes,0.17525773195876287,0.09948979591836735,0.1111111111111111,0.5333333333333334,0.17165005537098563,Approved,0.2843999999999999,0.6174496644295302
Female,0.4,Graduate,No,0.443298969072165,0.22448979591836735,0.8888888888888888,0.4883333333333334,0.16611295681063126,Rejected,0.20879999999999987,0.19158023184868825
Male,0.0,Not Graduate,Yes,0.9690721649484536,0.8596938775510203,0.5555555555555556,0.6833333333333333,0.8815060908084165,Approved,0.8168,0.3260117958104536
Female,0.2,Not Graduate,Yes,0.5360824742268041,0.520408163265306,0.3333333333333333,0.7550000000000001,0.27574750830564787,Approved,0.9332,0.09599349196664633
Male,0.2,Not Graduate,Yes,0.7835051546391752,0.6862244897959183,0.7777777777777777,0.2566666666666667,0.5271317829457365,Approved,0.7948,0.20642668293675007
Female,0.2,Graduate,Yes,0.8247422680412371,0.4795918367346939,0.3333333333333333,0.5316666666666667,0.7430786267995572,Approved,0.3316,0.5661989017693716
Male,0.4,Graduate,No,0.8969072164948453,0.7193877551020408,0.2222222222222222,0.11166666666666669,0.7663344407530455,Approved,0.6808000000000001,0.34411226357535085
Male,0.2,Graduate,No,0.12371134020618556,0.07142857142857144,1.0,0.14,0.07751937984496124,Rejected,0.28559999999999997,0.332926581248729
Female,0.4,Graduate,No,0.15463917525773194,0.14285714285714285,0.7777777777777777,0.5166666666666668,0.08859357696567,Rejected,0.7884,0.13707545251169415
Male,0.0,Graduate,No,0.5257731958762886,0.489795918367347,0.5555555555555556,0.8366666666666667,0.3444075304540421,Approved,0.8715999999999999,0.17592027659141754
Male,0.6000000000000001,Graduate,No,0.6494845360824741,0.6352040816326531,0.4444444444444445,0.9300000000000002,0.53156146179402,Approved,0.9507999999999999,0.23815334553589593
Male,0.4,Graduate,No,0.5876288659793814,0.3494897959183674,0.3333333333333333,0.4983333333333334,0.4241417497231451,Approved,0.34920000000000007,0.40959934919666463
Male,0.8,Graduate,Yes,0.9896907216494845,0.6811224489795918,0.0,0.15833333333333333,0.5980066445182725,Approved,0.502,0.25727069351230425
Male,0.6000000000000001,Graduate,Yes,0.7731958762886597,0.4056122448979592,0.2222222222222222,0.13333333333333341,0.6101882613510521,Approved,0.24160000000000004,0.5442342892007322
Male,0.2,Graduate,No,0.7938144329896907,0.6836734693877551,0.4444444444444445,0.8383333333333334,0.6445182724252493,Approved,0.772,0.28716697173073014
Female,0.8,Graduate,No,0.3402061855670103,0.2193877551020408,1.0,0.8483333333333334,0.2779623477297896,Rejected,0.4172,0.43014032946918856
Male,0.8,Not Graduate,No,0.2268041237113402,0.1607142857142857,0.0,0.7033333333333334,0.194905869324474,Rejected,0.5,0.4020744356314826
Male,1.0,Graduate,No,0.9999999999999999,0.9030612244897959,0.4444444444444445,0.15333333333333332,0.70874861572536,Rejected,0.8424,0.21435834858653655
Female,0.0,Graduate,No,0.3814432989690722,0.3622448979591837,0.3333333333333333,0.40833333333333344,0.24584717607973428,Approved,0.8872,0.16453121822249342
Female,0.4,Not Graduate,Yes,0.7319587628865979,0.7193877551020408,0.4444444444444445,0.8316666666666668,0.4905869324473976,Approved,0.9616,0.1663616026032134
Female,0.0,Graduate,Yes,0.6391752577319587,0.5510204081632653,0.5555555555555556,0.7116666666666667,0.602436323366556,Approved,0.7688000000000001,0.35631482611348375
Female,0.8,Graduate,No,0.7113402061855669,0.4974489795918367,0.8888888888888888,0.3833333333333334,0.42192691029900337,Rejected,0.5156000000000001,0.24283099450884685
Female,0.4,Not Graduate,No,0.8865979381443299,0.4770408163265306,0.6666666666666665,0.5616666666666668,0.6688815060908085,Approved,0.26359999999999983,0.49827130364043126
Female,1.0,Graduate,No,0.7422680412371133,0.5280612244897959,0.1111111111111111,0.43500000000000005,0.6090808416389812,Approved,0.5351999999999999,0.38397396786658533
Female,0.4,Not Graduate,No,0.4329896907216495,0.29846938775510207,1.0,0.20166666666666666,0.3399778516057586,Rejected,0.4907999999999999,0.3746186699206834
Male,0.6000000000000001,Graduate,Yes,0.8659793814432989,0.7653061224489796,0.6666666666666665,0.265,0.5382059800664453,Approved,0.8092000000000001,0.17632702867602199
Male,0.6000000000000001,Not Graduate,No,0.6907216494845361,0.6556122448979591,0.6666666666666665,0.8800000000000001,0.4507198228128461,Approved,0.9072,0.16900549115314215
Female,0.8,Graduate,No,0.9690721649484536,0.6938775510204082,1.0,0.6316666666666668,0.8261351052048728,Approved,0.546,0.4020744356314826
Male,0.4,Graduate,Yes,0.8144329896907216,0.6479591836734694,0.3333333333333333,0.2583333333333334,0.6943521594684386,Approved,0.6692,0.34675615212527966
Male,0.0,Not Graduate,No,0.24742268041237112,0.23214285714285712,0.8888888888888888,0.9650000000000001,0.124031007751938,Approved,0.8460000000000001,0.09843400447427295
Male,0.6000000000000001,Graduate,Yes,0.9381443298969072,0.6581632653061225,0.6666666666666665,0.56,0.7364341085271319,Approved,0.5224,0.3687207646939191
Female,0.4,Not Graduate,Yes,0.1958762886597938,0.13520408163265304,0.7777777777777777,0.21000000000000008,0.09523809523809525,Rejected,0.4667999999999999,0.17429326825299982
Female,0.8,Not Graduate,Yes,0.9072164948453608,0.5408163265306122,0.6666666666666665,0.3466666666666667,0.7851605758582504,Approved,0.3555999999999999,0.5218629245474883
Male,0.6000000000000001,Not Graduate,Yes,0.7010309278350515,0.48214285714285715,0.1111111111111111,0.78,0.540420819490587,Approved,0.49719999999999986,0.36851738865161676
Female,0.6000000000000001,Not Graduate,No,0.20618556701030927,0.15561224489795916,1.0,0.6116666666666668,0.23255813953488375,Rejected,0.5635999999999999,0.5275574537319504
Male,1.0,Graduate,Yes,0.7525773195876289,0.711734693877551,0.0,0.2333333333333334,0.487264673311185,Rejected,0.9039999999999999,0.16758185885702667
Male,0.2,Graduate,Yes,0.8350515463917525,0.42091836734693877,0.0,0.10999999999999999,0.6644518272425249,Approved,0.2096,0.5786048403498069
Male,0.4,Not Graduate,No,0.010309278350515465,0.007653061224489796,0.0,0.13833333333333342,0.0221483942414175,Rejected,0.19999999999999996,0.6609721374822046
Male,0.0,Not Graduate,Yes,0.010309278350515465,0.012755102040816325,0.1111111111111111,0.5050000000000001,0.01550387596899225,Rejected,0.4667999999999999,0.30506406345332526
Female,0.6000000000000001,Graduate,No,0.3814432989690722,0.37244897959183676,0.1111111111111111,0.7133333333333334,0.31782945736434115,Rejected,0.9284000000000001,0.24466137888956682
Female,0.0,Not Graduate,No,0.6597938144329897,0.5102040816326531,0.2222222222222222,0.41500000000000004,0.48947951273532675,Approved,0.6304000000000001,0.2942851332113078
Female,0.0,Graduate,No,0.4020618556701031,0.2653061224489796,0.3333333333333333,0.925,0.2890365448504984,Approved,0.44399999999999995,0.3512304250559284
Male,1.0,Graduate,Yes,0.16494845360824742,0.12755102040816327,0.5555555555555556,0.2683333333333334,0.12292358803986712,Rejected,0.5775999999999999,0.2887939800691479
Female,0.6000000000000001,Not Graduate,Yes,0.7010309278350515,0.4030612244897959,0.7777777777777777,0.1316666666666667,0.44075304540420823,Rejected,0.31999999999999984,0.3552979459019727
Male,0.4,Not Graduate,Yes,0.5051546391752577,0.3418367346938776,0.2222222222222222,0.43166666666666675,0.3875968992248062,Approved,0.47439999999999993,0.3729916615822656
Female,0.2,Not Graduate,Yes,0.010309278350515465,0.007653061224489796,0.3333333333333333,0.8600000000000001,0.019933554817275746,Rejected,0.19999999999999996,0.5932479153955664
Male,0.8,Not Graduate,Yes,0.422680412371134,0.28316326530612246,0.0,0.43333333333333335,0.28460686600221485,Rejected,0.4603999999999999,0.3129957291031117
Male,0.0,Graduate,Yes,0.30927835051546393,0.29846938775510207,0.6666666666666665,0.5750000000000002,0.24031007751937988,Approved,0.8999999999999999,0.22208663819402077
Male,0.8,Not Graduate,Yes,0.4123711340206186,0.28571428571428575,0.2222222222222222,0.41833333333333345,0.3776301218161684,Rejected,0.49519999999999986,0.4575960951799878
Female,0.0,Not Graduate,Yes,0.9690721649484536,0.5765306122448979,0.3333333333333333,0.3583333333333334,0.6611295681063124,Approved,0.35399999999999987,0.3811267032743543
Female,0.8,Graduate,No,0.1134020618556701,0.08418367346938777,0.4444444444444445,0.595,0.09634551495016612,Rejected,0.5076,0.3616026032133415
Female,0.6000000000000001,Not Graduate,No,0.2268041237113402,0.22959183673469388,0.0,0.6366666666666667,0.15282392026578076,Rejected,0.95,0.15802318486882247
Female,0.0,Graduate,No,0.04123711340206186,0.033163265306122444,0.4444444444444445,0.4800000000000001,0.029900332225913623,Rejected,0.4667999999999999,0.24161073825503357
Male,1.0,Graduate,Yes,0.9690721649484536,0.961734693877551,0.4444444444444445,0.09833333333333338,0.6965669988925803,Rejected,0.9832000000000001,0.18629245474883058
Female,0.0,Graduate,No,0.020618556701030927,0.022959183673469385,0.1111111111111111,0.7766666666666668,0.025470653377630124,Approved,0.6000000000000001,0.30506406345332526
Female,0.8,Graduate,No,0.5876288659793814,0.5,0.6666666666666665,0.28166666666666673,0.5083056478405317,Rejected,0.7492000000000001,0.32072401871059586
Male,0.0,Graduate,Yes,0.05154639175257732,0.028061224489795915,0.4444444444444445,0.53,0.036544850498338874,Approved,0.19999999999999996,0.38499084807809636
Male,0.0,Not Graduate,Yes,0.8659793814432989,0.4438775510204082,1.0,0.685,0.6622369878183832,Approved,0.22319999999999984,0.5391498881431767
Male,0.0,Graduate,Yes,0.9072164948453608,0.8596938775510203,0.1111111111111111,0.41500000000000004,0.4750830564784054,Approved,0.9112,0.10656904616636162
Female,0.6000000000000001,Graduate,Yes,0.5051546391752577,0.5127551020408163,0.2222222222222222,0.7566666666666668,0.25802879291251385,Approved,1.0,0.08379092942851332
Male,0.8,Not Graduate,Yes,0.03092783505154639,0.030612244897959183,0.2222222222222222,0.2683333333333334,0.036544850498338874,Rejected,0.6000000000000001,0.3491966646329062
Male,0.4,Graduate,No,0.14432989690721648,0.08928571428571429,0.4444444444444445,0.895,0.1284606866002215,Approved,0.35,0.4897295098637381
Male,0.0,Graduate,Yes,0.9896907216494845,0.6020408163265306,0.6666666666666665,0.265,0.46843853820598014,Approved,0.37559999999999993,0.21090095586739885
Female,0.8,Graduate,No,0.7835051546391752,0.75,1.0,0.5233333333333334,0.6135105204872647,Approved,0.9232,0.2296115517592028
Male,0.8,Not Graduate,No,0.6494845360824741,0.6045918367346939,0.7777777777777777,0.1216666666666667,0.3610188261351052,Rejected,0.8768,0.1271100264388855
Female,1.0,Graduate,Yes,0.7525773195876289,0.6683673469387755,0.5555555555555556,0.3533333333333334,0.5393133997785161,Rejected,0.8131999999999999,0.22432377465934514
Female,0.8,Graduate,Yes,0.8969072164948453,0.5892857142857143,0.8888888888888888,0.8016666666666667,0.5526024363233666,Approved,0.4516,0.2847264592231036
Male,0.8,Graduate,Yes,0.16494845360824742,0.14030612244897958,0.6666666666666665,0.008333333333333415,0.10077519379844961,Rejected,0.6888000000000001,0.18059792556436852
Male,0.2,Not Graduate,Yes,0.7628865979381443,0.7015306122448979,0.2222222222222222,0.245,0.3610188261351052,Rejected,0.8632,0.08887533048606877
Female,0.8,Graduate,Yes,0.10309278350515465,0.10969387755102042,0.2222222222222222,0.7616666666666667,0.08859357696567,Rejected,0.9332,0.21883262151718533
Male,1.0,Graduate,Yes,0.2577319587628866,0.25765306122448983,0.0,0.7050000000000001,0.16389811738648952,Rejected,0.9407999999999999,0.14480374211917837
Male,0.2,Not Graduate,Yes,0.4536082474226804,0.27040816326530615,0.5555555555555556,0.2716666666666667,0.21594684385382062,Approved,0.348,0.21883262151718533
Female,0.4,Not Graduate,No,0.6907216494845361,0.46938775510204084,0.4444444444444445,0.665,0.4928017718715394,Approved,0.484,0.33577384584095993
Female,0.8,Graduate,Yes,0.845360824742268,0.6352040816326531,0.0,0.01333333333333342,0.611295681063123,Approved,0.6000000000000001,0.2961155175920277
Male,0.0,Graduate,No,0.010309278350515465,0.005102040816326531,0.8888888888888888,0.6700000000000002,0.017718715393134,Approved,0.06679999999999997,0.6609721374822046
Female,0.4,Not Graduate,Yes,0.9587628865979381,0.9489795918367346,0.1111111111111111,0.26,0.815060908084164,Approved,0.9788000000000001,0.24872889973561121
Male,0.6000000000000001,Graduate,Yes,0.17525773195876287,0.14285714285714285,0.3333333333333333,0.585,0.11184939091915837,Rejected,0.6419999999999999,0.20947732357128332
Male,0.6000000000000001,Not Graduate,No,0.4123711340206186,0.3622448979591837,1.0,0.9000000000000001,0.26024363233665565,Approved,0.7807999999999999,0.18263168598739069
Male,0.8,Graduate,Yes,0.20618556701030927,0.19387755102040816,0.8888888888888888,0.9133333333333333,0.18272425249169438,Approved,0.8364,0.28248932275777916
Female,1.0,Graduate,Yes,0.7113402061855669,0.49489795918367346,0.1111111111111111,0.7116666666666667,0.5492801771871539,Approved,0.51,0.36363636363636365
Male,0.8,Graduate,No,0.3402061855670103,0.288265306122449,0.4444444444444445,0.05833333333333335,0.2624584717607974,Rejected,0.7256,0.2700833841773439
Male,1.0,Not Graduate,No,0.020618556701030927,0.012755102040816325,0.8888888888888888,0.00666666666666671,0.031007751937984503,Rejected,0.19999999999999996,0.6609721374822046
Male,0.4,Graduate,Yes,0.8865979381443299,0.8698979591836734,0.0,0.6866666666666668,0.6400885935769658,Approved,0.9636,0.19158023184868825
Female,0.0,Not Graduate,No,0.16494845360824742,0.1607142857142857,0.4444444444444445,0.7283333333333335,0.15614617940199338,Rejected,0.8668,0.2942851332113078
Female,0.2,Graduate,Yes,0.7628865979381443,0.7397959183673469,0.6666666666666665,0.6500000000000001,0.6267995570321152,Approved,0.942,0.2430343705511491
Female,0.2,Graduate,Yes,0.08247422680412371,0.07397959183673469,0.1111111111111111,0.9800000000000002,0.07308970099667775,Approved,0.6800000000000002,0.29245474883058786
Female,0.4,Not Graduate,Yes,0.8247422680412371,0.6862244897959183,0.4444444444444445,0.8983333333333334,0.5171650055370987,Approved,0.7268000000000001,0.19971527354077692
Female,1.0,Not Graduate,Yes,0.3505154639175258,0.30867346938775514,0.3333333333333333,0.05500000000000005,0.2668881506090809,Rejected,0.7776000000000001,0.2493390278625178
Male,1.0,Graduate,No,0.9484536082474226,0.596938775510204,0.8888888888888888,0.9366666666666668,0.5825027685492803,Approved,0.4083999999999999,0.3022167988610942
Female,1.0,Not Graduate,No,0.24742268041237112,0.22448979591836735,0.1111111111111111,0.015000000000000013,0.18493909191583613,Rejected,0.8,0.2296115517592028
Female,1.0,Not Graduate,No,0.9587628865979381,0.7755102040816326,0.4444444444444445,0.8716666666666668,0.6976744186046513,Approved,0.6928000000000001,0.2674394956274151
Female,0.0,Graduate,Yes,0.3402061855670103,0.2908163265306123,0.6666666666666665,0.5816666666666668,0.212624584717608,Approved,0.7372000000000001,0.18812283912955055
Male,1.0,Not Graduate,Yes,0.9896907216494845,0.9030612244897959,0.4444444444444445,0.7100000000000002,0.7873754152823921,Approved,0.8572,0.2548301810046777
Female,0.8,Graduate,No,0.061855670103092786,0.07142857142857144,0.8888888888888888,0.6866666666666668,0.04097452934662237,Rejected,0.95,0.11653447223917021
Female,0.0,Not Graduate,No,0.979381443298969,0.9438775510204082,1.0,0.6683333333333334,0.6921373200442968,Approved,0.9380000000000002,0.19035997559487491
Male,0.6000000000000001,Graduate,No,0.6185567010309277,0.5357142857142857,0.5555555555555556,0.5916666666666668,0.46400885935769665,Approved,0.774,0.25137278828554
Female,0.2,Not Graduate,Yes,0.4329896907216495,0.4158163265306123,0.8888888888888888,0.14166666666666672,0.26799557032115173,Rejected,0.9092,0.1488712629652227
Male,0.4,Graduate,No,0.16494845360824742,0.08928571428571429,0.1111111111111111,0.7950000000000002,0.14839424141749724,Approved,0.24440000000000006,0.5861297539149889
Male,0.6000000000000001,Graduate,No,0.15463917525773194,0.12755102040816327,0.6666666666666665,0.6600000000000001,0.06533776301218162,Rejected,0.6472,0.08928208257067319
Male,0.6000000000000001,Graduate,No,0.3814432989690722,0.3520408163265306,0.7777777777777777,0.32666666666666677,0.23145071982281287,Rejected,0.8460000000000001,0.15476916819198697
Male,0.4,Graduate,Yes,0.20618556701030927,0.19387755102040816,0.2222222222222222,0.5983333333333334,0.17497231450719825,Approved,0.8364,0.26459223103518414
Male,0.6000000000000001,Not Graduate,Yes,0.6288659793814433,0.4438775510204082,0.0,0.40333333333333343,0.43189368770764125,Rejected,0.524,0.30018303843807204
Female,0.4,Not Graduate,No,0.20618556701030927,0.21428571428571427,0.8888888888888888,0.7150000000000001,0.17386489479512737,Rejected,0.982,0.2239170225747407
Male,0.2,Graduate,No,0.8144329896907216,0.7168367346938775,0.2222222222222222,0.74,0.6633444075304541,Approved,0.8024,0.2792353060809437
Male,0.8,Not Graduate,No,0.6804123711340205,0.4260204081632653,0.0,0.7483333333333335,0.6411960132890366,Approved,0.3999999999999999,0.5448444173276388
Female,0.0,Graduate,No,0.4639175257731959,0.36989795918367346,1.0,0.7583333333333333,0.398671096345515,Approved,0.6596,0.34756965629448855
Male,0.6000000000000001,Graduate,Yes,0.20618556701030927,0.12755102040816327,0.0,0.3433333333333334,0.12735326688815063,Rejected,0.3635999999999999,0.3040471832418141
Female,0.6000000000000001,Graduate,Yes,0.3402061855670103,0.3239795918367347,0.2222222222222222,0.15166666666666673,0.2967884828349945,Rejected,0.8855999999999999,0.27293064876957496
Female,0.2,Not Graduate,Yes,0.3402061855670103,0.288265306122449,0.4444444444444445,0.9966666666666668,0.2093023255813954,Approved,0.7256,0.18588570266422613
Female,1.0,Not Graduate,No,0.03092783505154639,0.030612244897959183,0.5555555555555556,0.3783333333333334,0.017718715393134,Rejected,0.6000000000000001,0.11856823266219238
Male,1.0,Not Graduate,No,0.9999999999999999,0.9056122448979591,1.0,0.28333333333333344,0.9003322259136214,Rejected,0.8464,0.31157209680699616
Male,0.2,Graduate,No,0.845360824742268,0.6301020408163265,0.5555555555555556,0.6566666666666667,0.5592469545957919,Approved,0.5904,0.26154159040065084
Male,0.2,Graduate,No,0.49484536082474223,0.4719387755102041,0.6666666666666665,0.04166666666666674,0.3931339977851606,Rejected,0.9039999999999999,0.2359162090705715
Female,0.8,Not Graduate,Yes,0.5463917525773195,0.33418367346938777,0.4444444444444445,0.9666666666666668,0.25913621262458475,Approved,0.37439999999999996,0.20866381940207449
Male,1.0,Graduate,Yes,0.288659793814433,0.29591836734693877,0.6666666666666665,0.265,0.29125138427464015,Rejected,0.9868000000000001,0.303843807199512
Male,0.6000000000000001,Not Graduate,Yes,0.9484536082474226,0.5382653061224489,0.4444444444444445,0.03833333333333333,0.6766334440753046,Approved,0.31079999999999997,0.4319707138499085
Male,0.8,Graduate,No,0.7628865979381443,0.7321428571428571,0.3333333333333333,0.7316666666666667,0.6722037652270211,Approved,0.9263999999999999,0.27598128940410827
Female,0.0,Not Graduate,Yes,0.5463917525773195,0.40816326530612246,0.4444444444444445,0.7066666666666668,0.3444075304540421,Approved,0.5855999999999999,0.24059385804352248
Female,0.2,Graduate,No,0.29896907216494845,0.18112244897959182,0.8888888888888888,0.31166666666666676,0.25359911406423036,Rejected,0.3548,0.48789912548301817
Male,0.6000000000000001,Graduate,No,0.7731958762886597,0.6989795918367346,0.1111111111111111,0.2316666666666667,0.6013289036544851,Rejected,0.8388,0.2491356518202156
Male,0.4,Graduate,No,0.9896907216494845,0.6403061224489796,0.0,0.5916666666666668,0.5902547065337763,Approved,0.4368000000000001,0.2774049217002237
Male,0.6000000000000001,Not Graduate,No,0.30927835051546393,0.22704081632653061,0.6666666666666665,0.2383333333333334,0.17386489479512737,Rejected,0.55,0.20337604230221681
Male,0.4,Graduate,No,0.05154639175257732,0.058673469387755105,1.0,0.31500000000000006,0.035437430786268,Rejected,0.8855999999999999,0.12914378686190767
Female,0.8,Not Graduate,Yes,0.29896907216494845,0.211734693877551,0.6666666666666665,0.21166666666666667,0.2225913621262459,Rejected,0.5096,0.33231645312182223
Female,0.0,Graduate,Yes,0.443298969072165,0.2602040816326531,1.0,0.19500000000000006,0.2967884828349945,Approved,0.33320000000000005,0.3742119178360789
Female,1.0,Not Graduate,Yes,0.8969072164948453,0.625,0.8888888888888888,0.9033333333333333,0.5415282392026579,Approved,0.5147999999999999,0.2517795403701444
Female,0.6000000000000001,Not Graduate,No,0.5876288659793814,0.5841836734693877,0.0,0.011666666666666714,0.5813953488372093,Rejected,0.9727999999999999,0.31116534472239166
Male,0.4,Not Graduate,No,0.13402061855670103,0.10714285714285715,0.8888888888888888,0.21333333333333337,0.132890365448505,Rejected,0.6000000000000001,0.40797234085824685
Male,0.8,Not Graduate,Yes,0.6288659793814433,0.38010204081632654,0.7777777777777777,0.19166666666666676,0.5038759689922481,Rejected,0.36519999999999986,0.4616636160260321
Male,0.6000000000000001,Not Graduate,Yes,0.6494845360824741,0.4566326530612245,1.0,0.17500000000000004,0.451827242524917,Approved,0.5199999999999998,0.3079113280455562
Female,0.8,Graduate,No,0.8041237113402061,0.7959183673469388,0.8888888888888888,0.6383333333333334,0.6367663344407531,Approved,0.9752000000000001,0.22127313402481194
Male,0.2,Graduate,Yes,0.3195876288659794,0.26275510204081637,0.6666666666666665,0.7366666666666668,0.14839424141749724,Approved,0.6848000000000001,0.11226357535082368
Female,0.8,Not Graduate,No,0.3814432989690722,0.24744897959183673,0.4444444444444445,0.3833333333333334,0.27574750830564787,Rejected,0.4256,0.36200935529794587
Female,0.6000000000000001,Graduate,No,0.14432989690721648,0.0816326530612245,0.4444444444444445,0.9066666666666667,0.14507198228128462,Rejected,0.2752,0.6318893634329876
Male,0.4,Not Graduate,Yes,0.3814432989690722,0.3469387755102041,0.8888888888888888,0.6916666666666667,0.24584717607973428,Approved,0.8256000000000001,0.1781574130567419
Male,0.6000000000000001,Graduate,Yes,0.8041237113402061,0.6632653061224489,0.5555555555555556,0.29333333333333333,0.5902547065337763,Approved,0.7151999999999998,0.2627618466544641
Male,0.4,Graduate,No,0.20618556701030927,0.11479591836734694,0.2222222222222222,0.7016666666666667,0.11738648947951275,Rejected,0.27279999999999993,0.3136058572300183
Female,0.8,Not Graduate,No,0.7628865979381443,0.7653061224489796,0.5555555555555556,0.06500000000000006,0.62015503875969,Rejected,0.9948000000000001,0.22595078299776286
Male,1.0,Not Graduate,Yes,0.2577319587628866,0.16581632653061223,0.2222222222222222,0.2683333333333334,0.17718715393134,Rejected,0.40759999999999996,0.33801098230628435
Female,0.4,Graduate,Yes,0.6288659793814433,0.5841836734693877,0.5555555555555556,0.42666666666666675,0.4916943521594685,Approved,0.8732,0.2401871059589181
Male,0.6000000000000001,Not Graduate,No,0.7731958762886597,0.46938775510204084,0.3333333333333333,0.30500000000000005,0.6101882613510521,Rejected,0.37159999999999993,0.4510880618263169
Female,0.4,Graduate,No,0.443298969072165,0.43112244897959184,0.8888888888888888,0.17666666666666675,0.30011074197120713,Rejected,0.9288000000000001,0.1726662599145821
Female,0.4,Graduate,Yes,0.9484536082474226,0.625,0.6666666666666665,0.3550000000000001,0.9601328903654486,Approved,0.4551999999999998,0.5617246288387229
Male,0.0,Not Graduate,No,0.4536082474226804,0.3137755102040817,0.7777777777777777,0.4566666666666668,0.3089700996677741,Rejected,0.4955999999999998,0.3042505592841164
Female,0.0,Graduate,Yes,0.5154639175257731,0.3928571428571429,0.2222222222222222,0.6533333333333333,0.31782945736434115,Approved,0.6076000000000001,0.2245271507016474
Female,1.0,Graduate,Yes,0.8041237113402061,0.7525510204081632,0.8888888888888888,0.9450000000000001,0.7021040974529348,Approved,0.8900000000000001,0.28289607484238355
Male,0.2,Not Graduate,Yes,0.9999999999999999,0.9744897959183673,0.0,0.9583333333333335,0.540420819490587,Approved,0.9556,0.10738255033557051
Female,0.8,Graduate,Yes,0.8556701030927835,0.4668367346938776,0.4444444444444445,0.4950000000000001,0.575858250276855,Approved,0.2752,0.4203782794386822
Male,0.4,Graduate,Yes,0.4845360824742268,0.29846938775510207,1.0,0.3550000000000001,0.49833887043189373,Approved,0.37959999999999994,0.6168395363026236
Female,0.6000000000000001,Graduate,Yes,0.7010309278350515,0.6096938775510203,0.0,0.09000000000000008,0.5382059800664453,Approved,0.7827999999999999,0.2593044539353264
Male,0.4,Not Graduate,No,0.9690721649484536,0.6530612244897959,0.8888888888888888,0.5783333333333334,0.7574750830564785,Approved,0.47919999999999985,0.3876347366280253
Male,0.2,Graduate,No,0.979381443298969,0.596938775510204,0.2222222222222222,0.9583333333333335,0.8194905869324475,Approved,0.3772,0.4858653650599959
Female,0.2,Graduate,No,0.6185567010309277,0.35714285714285715,1.0,0.865,0.44075304540420823,Approved,0.3224,0.41915802318486883
Female,0.8,Not Graduate,Yes,0.4020618556701031,0.23724489795918366,0.4444444444444445,0.3683333333333334,0.416389811738649,Rejected,0.33640000000000003,0.6524303437055116
Female,0.0,Graduate,Yes,0.6082474226804123,0.5,1.0,0.7683333333333333,0.3056478405315615,Approved,0.7048000000000001,0.13361805979255645
Female,0.0,Graduate,No,0.05154639175257732,0.04081632653061224,0.8888888888888888,0.45333333333333337,0.04761904761904762,Rejected,0.48560000000000003,0.35062029692902186
Female,0.6000000000000001,Graduate,No,0.6391752577319587,0.6071428571428571,0.5555555555555556,0.45166666666666677,0.5625692137320045,Rejected,0.9064000000000001,0.27943868212324596
Male,0.8,Graduate,Yes,0.3711340206185567,0.1913265306122449,1.0,0.9850000000000001,0.318936877076412,Approved,0.22119999999999995,0.6089078706528371
Female,0.2,Not Graduate,No,0.4845360824742268,0.36989795918367346,0.5555555555555556,0.9916666666666667,0.44186046511627913,Approved,0.6080000000000001,0.4012609314622737
Male,0.4,Graduate,No,0.1958762886597938,0.1607142857142857,1.0,0.4666666666666667,0.17497231450719825,Rejected,0.6572,0.34675615212527966
Male,0.4,Graduate,No,0.6185567010309277,0.5892857142857143,0.3333333333333333,0.5083333333333333,0.5692137320044297,Approved,0.9096,0.29774252593044537
Female,0.8,Not Graduate,No,0.14432989690721648,0.12244897959183675,0.3333333333333333,0.675,0.10852713178294573,Rejected,0.6752,0.25422005287777105
Male,0.2,Not Graduate,Yes,0.1134020618556701,0.11989795918367348,1.0,0.20500000000000007,0.0753045404208195,Rejected,0.9384000000000001,0.1403294691885296
Male,1.0,Not Graduate,Yes,0.7319587628865979,0.5663265306122449,0.0,0.9100000000000001,0.4440753045404209,Approved,0.6328,0.21354484441732766
Male,0.4,Not Graduate,No,0.1958762886597938,0.11989795918367348,0.1111111111111111,0.40333333333333343,0.11738648947951275,Rejected,0.3523999999999998,0.2948952613382144
Male,1.0,Not Graduate,No,0.04123711340206186,0.05357142857142857,0.8888888888888888,0.5516666666666667,0.03875968992248063,Rejected,1.0,0.1779540370144397
Female,0.8,Graduate,No,0.7010309278350515,0.6173469387755102,0.8888888888888888,0.030000000000000027,0.2823920265780731,Rejected,0.8,0.062436444986780554
Male,0.2,Not Graduate,Yes,0.288659793814433,0.16581632653061223,0.4444444444444445,0.4016666666666667,0.2735326688815061,Approved,0.30679999999999996,0.5981289404108195
Female,0.2,Graduate,No,0.07216494845360825,0.0663265306122449,1.0,0.8033333333333335,0.05980066445182725,Approved,0.6888000000000001,0.25422005287777105
Female,0.4,Graduate,No,0.9690721649484536,0.8852040816326531,0.0,0.9800000000000002,0.691029900332226,Approved,0.8584,0.21232458816351438
Male,0.0,Graduate,No,0.13402061855670103,0.08418367346938777,0.6666666666666665,0.7450000000000001,0.05980066445182725,Approved,0.3599999999999999,0.1751067724222087
Female,0.0,Graduate,Yes,0.49484536082474223,0.4744897959183674,0.2222222222222222,0.5683333333333334,0.4285714285714286,Approved,0.9119999999999999,0.268252999796624
Female,0.6000000000000001,Graduate,Yes,0.03092783505154639,0.03571428571428571,0.1111111111111111,0.5666666666666667,0.02436323366555925,Rejected,0.76,0.15842993695342691
Female,0.8,Not Graduate,No,0.7628865979381443,0.7091836734693877,0.5555555555555556,0.040000000000000036,0.5714285714285715,Rejected,0.8788,0.2239170225747407
Male,0.8,Graduate,No,0.5463917525773195,0.5331632653061225,1.0,0.09833333333333338,0.3776301218161684,Rejected,0.942,0.17836078909904415
Female,0.0,Not Graduate,Yes,0.6597938144329897,0.586734693877551,0.5555555555555556,0.06333333333333335,0.34330011074197125,Rejected,0.8119999999999998,0.12161887329672569
Female,0.0,Graduate,No,0.12371134020618556,0.07397959183673469,0.6666666666666665,0.14,0.09856035437430787,Rejected,0.3144,0.4384787472035795
Female,1.0,Not Graduate,Yes,0.8865979381443299,0.6709183673469388,0.7777777777777777,0.40833333333333344,0.8117386489479513,Approved,0.6092,0.41102298149278016
Male,1.0,Not Graduate,No,0.6185567010309277,0.6096938775510203,0.8888888888888888,0.5166666666666668,0.5038759689922481,Rejected,0.9612,0.2332723205206427
Female,0.4,Graduate,Yes,0.8350515463917525,0.7040816326530612,0.8888888888888888,0.9000000000000001,0.487264673311185,Approved,0.7444000000000002,0.17103925157616431
Male,0.6000000000000001,Not Graduate,No,0.2268041237113402,0.1989795918367347,0.2222222222222222,0.55,0.21040974529346626,Rejected,0.75,0.33455358958714665
Male,0.2,Graduate,No,0.9175257731958762,0.7882653061224489,0.1111111111111111,0.3466666666666667,0.6976744186046513,Approved,0.7715999999999998,0.26072808623144195
Male,0.0,Not Graduate,Yes,0.9587628865979381,0.8826530612244897,0.1111111111111111,0.3916666666666667,0.5991140642303434,Approved,0.8695999999999999,0.16514134634940006
Male,0.2,Graduate,No,0.10309278350515465,0.07908163265306123,1.0,0.6950000000000001,0.08416389811738649,Rejected,0.5332000000000001,0.3260117958104536
Male,0.4,Graduate,Yes,0.7731958762886597,0.48469387755102045,0.3333333333333333,0.7250000000000001,0.4086378737541529,Approved,0.40239999999999987,0.24059385804352248
Male,1.0,Graduate,Yes,0.7835051546391752,0.5535714285714285,1.0,0.38,0.48504983388704326,Approved,0.5284,0.25605043725849097
Female,0.0,Graduate,Yes,0.9484536082474226,0.5025510204081632,0.1111111111111111,0.08333333333333337,0.5116279069767442,Approved,0.2512,0.3213341468375026
Male,0.0,Not Graduate,No,0.15463917525773194,0.1377551020408163,0.5555555555555556,0.20333333333333337,0.12735326688815063,Rejected,0.7412000000000001,0.27211714460036607
Female,1.0,Graduate,No,0.3917525773195876,0.3418367346938776,0.2222222222222222,0.32666666666666677,0.2259136212624585,Rejected,0.77,0.1561928004881025
Female,0.8,Not Graduate,No,0.4123711340206186,0.38775510204081637,0.8888888888888888,0.8233333333333335,0.256921373200443,Rejected,0.8759999999999999,0.15720968069961358
Male,0.4,Graduate,No,0.2268041237113402,0.18877551020408162,0.2222222222222222,0.6983333333333335,0.1727574750830565,Approved,0.6832,0.2700833841773439
Female,0.6000000000000001,Not Graduate,Yes,0.2577319587628866,0.14795918367346939,0.6666666666666665,0.55,0.212624584717608,Rejected,0.30359999999999987,0.50091519219036
Female,0.6000000000000001,Not Graduate,Yes,0.04123711340206186,0.03826530612244898,0.1111111111111111,0.905,0.037652270210409754,Rejected,0.6000000000000001,0.27679479357331715
Female,0.4,Graduate,No,0.4536082474226804,0.3903061224489796,0.0,0.7733333333333334,0.33887043189368776,Approved,0.7564,0.25157616432784224
Female,0.6000000000000001,Graduate,No,0.7216494845360825,0.4438775510204082,0.1111111111111111,0.6033333333333335,0.5071982281284607,Approved,0.3832,0.3782794386821232
Male,0.0,Not Graduate,No,0.4639175257731959,0.38775510204081637,0.7777777777777777,0.018333333333333313,0.363233665559247,Rejected,0.7192000000000001,0.2830994508846858
Female,0.8,Not Graduate,No,0.422680412371134,0.24999999999999997,0.0,0.51,0.28460686600221485,Rejected,0.3396,0.3729916615822656
Male,1.0,Graduate,No,0.4639175257731959,0.2525510204081633,0.7777777777777777,0.9566666666666668,0.40088593576965675,Approved,0.2679999999999999,0.5771812080536913
Female,0.8,Not Graduate,Yes,0.8762886597938144,0.7576530612244897,0.1111111111111111,0.1166666666666667,0.8803986710963456,Approved,0.7791999999999999,0.3890583689241407
Female,0.2,Graduate,No,0.7010309278350515,0.5153061224489796,0.4444444444444445,0.19000000000000006,0.5825027685492803,Approved,0.5715999999999999,0.37319503762456785
Male,0.4,Not Graduate,No,0.04123711340206186,0.020408163265306124,0.4444444444444445,0.8333333333333335,0.04651162790697675,Rejected,0.13319999999999999,0.6979865771812082
Female,0.2,Not Graduate,No,0.6804123711340205,0.42346938775510207,0.5555555555555556,0.7983333333333333,0.5692137320044297,Approved,0.3939999999999999,0.47081553792963193
Female,0.2,Not Graduate,No,0.6391752577319587,0.3520408163265306,1.0,0.42166666666666675,0.43632336655592474,Approved,0.2811999999999999,0.4215985356924954
Female,0.8,Not Graduate,No,0.7628865979381443,0.7551020408163265,0.8888888888888888,0.2416666666666667,0.469545957918051,Rejected,0.9736,0.13849908480780967
Male,0.6000000000000001,Not Graduate,No,0.9072164948453608,0.5382653061224489,0.3333333333333333,0.32666666666666677,0.7486157253599115,Approved,0.35119999999999996,0.4937970307097824
Female,0.0,Graduate,Yes,0.2268041237113402,0.14285714285714285,0.4444444444444445,0.5833333333333335,0.17718715393134,Approved,0.3832,0.4128533658735001
Male,0.6000000000000001,Not Graduate,No,0.6804123711340205,0.4489795918367347,0.2222222222222222,0.8050000000000002,0.6478405315614618,Approved,0.4528000000000001,0.5167785234899329
Female,1.0,Graduate,Yes,0.3402061855670103,0.33673469387755106,0.4444444444444445,0.3916666666666667,0.26578073089701,Rejected,0.9428000000000001,0.21496847671344319
Male,0.8,Graduate,Yes,0.8969072164948453,0.8596938775510203,1.0,0.19166666666666676,0.6932447397563677,Approved,0.9279999999999999,0.22432377465934514
Male,0.0,Not Graduate,No,0.5979381443298969,0.38265306122448983,0.3333333333333333,0.6816666666666666,0.33333333333333337,Approved,0.41999999999999993,0.2527964205816555
Female,0.6000000000000001,Not Graduate,No,0.05154639175257732,0.05612244897959184,0.6666666666666665,0.865,0.0575858250276855,Rejected,0.8284,0.3030303030303031
Female,0.0,Not Graduate,Yes,0.6804123711340205,0.43367346938775514,0.8888888888888888,0.9016666666666668,0.48062015503875977,Approved,0.41759999999999997,0.36241610738255037
Male,0.8,Not Graduate,Yes,0.5257731958762886,0.2653061224489796,0.5555555555555556,0.6666666666666667,0.4507198228128461,Approved,0.2076,0.6286353467561522
Male,0.2,Graduate,Yes,0.12371134020618556,0.09948979591836735,0.1111111111111111,0.9683333333333335,0.1107419712070875,Approved,0.6000000000000001,0.35102704901362625
Female,0.4,Graduate,Yes,0.12371134020618556,0.10969387755102042,0.1111111111111111,0.8400000000000001,0.10631229235880399,Approved,0.7143999999999999,0.2896074842383567
Male,0.8,Not Graduate,No,0.9278350515463917,0.5459183673469388,0.2222222222222222,0.5883333333333334,0.7187153931339979,Approved,0.3435999999999999,0.4594264795607077
Female,0.2,Graduate,Yes,0.7938144329896907,0.7372448979591837,0.0,0.605,0.7751937984496124,Approved,0.8784000000000001,0.3378076062639821
Female,0.0,Not Graduate,No,0.443298969072165,0.4387755102040817,0.4444444444444445,0.32500000000000007,0.3244739756367664,Approved,0.9556,0.19259711206019933
Female,0.2,Not Graduate,No,0.3711340206185567,0.2423469387755102,0.3333333333333333,0.05833333333333335,0.230343300110742,Rejected,0.4316,0.2873703477730323
Female,1.0,Graduate,Yes,0.13402061855670103,0.11734693877551021,0.2222222222222222,0.53,0.08970099667774087,Rejected,0.7067999999999999,0.20032540166768356
Male,0.6000000000000001,Not Graduate,No,0.10309278350515465,0.05357142857142857,0.5555555555555556,0.30000000000000004,0.08305647840531562,Rejected,0.19999999999999996,0.5169818995322351
Female,0.8,Not Graduate,No,0.15463917525773194,0.11734693877551021,0.8888888888888888,0.905,0.16168327796234774,Rejected,0.5528,0.47000203376042304
Male,0.8,Graduate,No,0.5154639175257731,0.3520408163265306,0.7777777777777777,0.30500000000000005,0.3776301218161684,Rejected,0.4848000000000001,0.345129143786862
Female,0.2,Not Graduate,No,0.14432989690721648,0.12244897959183675,0.5555555555555556,0.41333333333333344,0.09856035437430787,Rejected,0.6752,0.21842586943258088
Male,0.8,Graduate,Yes,0.6597938144329897,0.4005102040816327,0.7777777777777777,0.1316666666666667,0.5304540420819491,Approved,0.36959999999999993,0.46146023998373
Female,1.0,Not Graduate,Yes,0.9484536082474226,0.6709183673469388,1.0,0.7850000000000001,0.7862679955703212,Approved,0.532,0.3933292658124873
Male,0.8,Graduate,Yes,0.010309278350515465,0.005102040816326531,0.0,0.08833333333333337,0.021040974529346626,Rejected,0.06679999999999997,0.7829977628635346
Male,1.0,Not Graduate,No,0.4536082474226804,0.28571428571428575,0.7777777777777777,0.6133333333333335,0.27574750830564787,Rejected,0.3999999999999999,0.2948952613382144
Female,0.6000000000000001,Not Graduate,Yes,0.6082474226804123,0.5357142857142857,0.0,0.14500000000000002,0.33444075304540427,Rejected,0.7968,0.13971934106162295
Female,0.0,Not Graduate,Yes,0.13402061855670103,0.09693877551020409,0.5555555555555556,0.8150000000000002,0.13178294573643412,Approved,0.4932000000000001,0.4575960951799878
Female,0.0,Graduate,Yes,0.020618556701030927,0.015306122448979593,0.0,0.925,0.018826135105204873,Approved,0.29999999999999993,0.32194427496440925
Female,0.0,Not Graduate,No,0.8762886597938144,0.8494897959183673,0.6666666666666665,0.7516666666666667,0.5559246954595792,Approved,0.9448000000000001,0.15375228798047594
Male,0.6000000000000001,Not Graduate,No,0.7010309278350515,0.5433673469387755,0.5555555555555556,0.7316666666666667,0.46179401993355484,Approved,0.6343999999999999,0.243847874720358
Female,0.8,Graduate,No,0.4639175257731959,0.326530612244898,0.6666666666666665,0.32000000000000006,0.283499446290144,Rejected,0.5147999999999999,0.25116941224323774
Male,0.8,Not Graduate,Yes,0.7628865979381443,0.5994897959183673,0.7777777777777777,0.9933333333333334,0.327796234772979,Approved,0.6528,0.10392515761643276
Male,0.2,Not Graduate,Yes,0.9278350515463917,0.6173469387755102,0.1111111111111111,0.40833333333333344,0.655592469545958,Approved,0.46519999999999984,0.3422818791946308
Female,1.0,Not Graduate,No,0.9484536082474226,0.9311224489795918,1.0,0.9850000000000001,0.6456256921373201,Approved,0.966,0.1718527557453732
Male,0.0,Graduate,No,0.4742268041237114,0.3775510204081633,0.2222222222222222,0.9133333333333333,0.26024363233665565,Approved,0.6583999999999999,0.1694122432377466
Male,0.6000000000000001,Not Graduate,Yes,0.04123711340206186,0.05357142857142857,0.5555555555555556,0.9733333333333334,0.03322259136212625,Rejected,1.0,0.13565182021557862
Male,0.6000000000000001,Graduate,Yes,0.4845360824742268,0.35714285714285715,0.6666666666666665,0.2316666666666667,0.4208194905869325,Approved,0.5671999999999999,0.39353264185478953
Male,0.6000000000000001,Graduate,Yes,0.3195876288659794,0.20918367346938774,0.5555555555555556,0.4766666666666667,0.26467331118493914,Approved,0.4303999999999999,0.4289200732153753
Female,0.6000000000000001,Graduate,Yes,0.9175257731958762,0.4719387755102041,1.0,0.01333333333333342,0.5492801771871539,Approved,0.22639999999999993,0.38844824079723417
Female,1.0,Graduate,No,0.6082474226804123,0.5918367346938775,0.7777777777777777,0.0,0.31229235880398676,Rejected,0.9407999999999999,0.09497661175513528
Female,0.6000000000000001,Graduate,Yes,0.845360824742268,0.4923469387755102,0.0,0.7350000000000001,0.5348837209302326,Approved,0.33320000000000005,0.35285743339434616
Female,0.8,Graduate,No,0.7938144329896907,0.7933673469387755,0.3333333333333333,0.6633333333333333,0.6788482834994464,Approved,0.99,0.24710189139719343
Male,0.4,Not Graduate,Yes,0.6082474226804123,0.5612244897959183,0.4444444444444445,0.7216666666666667,0.48947951273532675,Approved,0.8624,0.25422005287777105
Male,0.6000000000000001,Not Graduate,Yes,0.18556701030927833,0.09948979591836735,0.7777777777777777,0.45166666666666677,0.13621262458471764,Rejected,0.24,0.462477120195241
Female,0.6000000000000001,Graduate,Yes,0.9999999999999999,0.7551020408163265,1.0,0.31666666666666676,0.5946843853820598,Approved,0.6080000000000001,0.21537522879804757
Female,0.4,Not Graduate,No,0.9587628865979381,0.6403061224489796,0.7777777777777777,0.2516666666666667,0.7386489479512736,Approved,0.4696,0.3847874720357942
Female,0.8,Graduate,Yes,0.17525773195876287,0.16581632653061223,0.2222222222222222,0.43166666666666675,0.141749723145072,Rejected,0.8316000000000001,0.24222086638194026
Male,0.8,Graduate,Yes,0.6907216494845361,0.5382653061224489,0.4444444444444445,0.4616666666666668,0.3931339977851606,Approved,0.6404000000000001,0.1887329672564572
Female,0.4,Not Graduate,Yes,0.13402061855670103,0.11989795918367348,0.1111111111111111,0.5216666666666667,0.13953488372093026,Rejected,0.7332000000000001,0.37624567825910116
Female,0.8,Not Graduate,No,0.17525773195876287,0.08928571428571429,1.0,0.8083333333333333,0.09745293466223699,Rejected,0.19999999999999996,0.33984136668700426
Female,0.0,Graduate,Yes,0.21649484536082472,0.14540816326530612,0.3333333333333333,0.6500000000000001,0.17718715393134,Approved,0.4436,0.403294691885296
Male,0.4,Not Graduate,No,0.7835051546391752,0.4285714285714286,0.6666666666666665,0.08500000000000008,0.5780730897009967,Rejected,0.27680000000000005,0.47305267439495635
Male,0.8,Not Graduate,No,0.020618556701030927,0.017857142857142856,0.4444444444444445,0.245,0.012181616832779624,Rejected,0.3999999999999999,0.1525320317266626
Male,0.0,Graduate,Yes,0.9484536082474226,0.48214285714285715,1.0,0.6800000000000002,0.8161683277962348,Approved,0.21720000000000006,0.632296115517592
Male,0.4,Graduate,No,0.9175257731958762,0.5459183673469388,0.5555555555555556,0.41500000000000004,0.9191583610188262,Approved,0.35399999999999987,0.6290420988407566
Male,0.2,Graduate,Yes,0.9072164948453608,0.4719387755102041,0.3333333333333333,0.8283333333333334,0.4817275747508306,Approved,0.23559999999999992,0.32235102704901364
Male,0.8,Not Graduate,No,0.7113402061855669,0.35714285714285715,0.6666666666666665,0.395,0.53156146179402,Rejected,0.2055999999999999,0.5358958714663412
Male,0.6000000000000001,Graduate,No,0.061855670103092786,0.05612244897959184,0.5555555555555556,0.8800000000000001,0.03875968992248063,Rejected,0.6499999999999999,0.16473459426479561
Male,0.0,Graduate,Yes,0.443298969072165,0.23724489795918366,0.6666666666666665,0.28500000000000003,0.2779623477297896,Approved,0.2532,0.3876347366280253
Female,1.0,Graduate,No,0.8556701030927835,0.6403061224489796,0.1111111111111111,0.06000000000000005,0.5415282392026579,Rejected,0.5952,0.24222086638194026
Female,0.6000000000000001,Not Graduate,Yes,0.23711340206185563,0.2423469387755102,0.7777777777777777,0.20666666666666667,0.16168327796234774,Rejected,0.968,0.1588366890380313
Male,0.4,Graduate,No,0.13402061855670103,0.07653061224489796,0.8888888888888888,0.2333333333333334,0.08305647840531562,Rejected,0.28,0.3343502135448445
Male,0.0,Not Graduate,No,0.6185567010309277,0.43367346938775514,0.3333333333333333,0.4716666666666667,0.2668881506090809,Rejected,0.516,0.13544844417327637
Female,0.2,Not Graduate,Yes,0.1134020618556701,0.0663265306122449,0.2222222222222222,0.30000000000000004,0.07862679955703211,Rejected,0.2923999999999999,0.37339841366687
Male,1.0,Not Graduate,No,0.6597938144329897,0.6505102040816326,0.4444444444444445,0.6166666666666667,0.44850498338870437,Rejected,0.9636,0.16981899532235104
Male,0.0,Graduate,Yes,0.5257731958762886,0.3418367346938776,0.2222222222222222,0.04833333333333334,0.3322259136212625,Approved,0.43399999999999994,0.2987594061419565
Male,1.0,Not Graduate,No,0.12371134020618556,0.06887755102040817,0.2222222222222222,0.7566666666666668,0.13842746400885939,Rejected,0.2571999999999999,0.7219849501728697
Female,0.4,Not Graduate,Yes,0.27835051546391754,0.1913265306122449,0.8888888888888888,0.4800000000000001,0.17607973421926912,Rejected,0.476,0.27252389668497046
Female,0.6000000000000001,Not Graduate,No,0.6494845360824741,0.413265306122449,0.1111111111111111,0.41833333333333345,0.35215946843853824,Rejected,0.4151999999999998,0.24445800284726463
Female,0.6000000000000001,Graduate,No,0.8350515463917525,0.4744897959183674,0.1111111111111111,0.026666666666666727,0.6533776301218163,Rejected,0.31079999999999997,0.4866788692292048
Female,0.4,Not Graduate,Yes,0.8969072164948453,0.8137755102040816,0.5555555555555556,0.13666666666666671,0.407530454042082,Rejected,0.8472,0.08236729713239782
Female,0.6000000000000001,Graduate,No,0.5257731958762886,0.375,0.2222222222222222,0.6950000000000001,0.3665559246954596,Approved,0.532,0.30160667073418757
Male,0.0,Graduate,No,0.26804123711340205,0.17857142857142858,0.2222222222222222,0.6266666666666667,0.15725359911406425,Approved,0.4428000000000001,0.25422005287777105
Female,0.2,Not Graduate,No,0.8041237113402061,0.7015306122448979,0.2222222222222222,0.6116666666666668,0.5603543743078627,Approved,0.79,0.22066300589790525
Male,0.6000000000000001,Not Graduate,No,0.3814432989690722,0.2602040816326531,1.0,0.8683333333333334,0.24806201550387602,Rejected,0.4768000000000001,0.28899735611145005
Male,0.0,Graduate,No,0.6185567010309277,0.5051020408163265,1.0,0.07500000000000007,0.4019933554817276,Approved,0.6968000000000001,0.21883262151718533
Female,0.6000000000000001,Not Graduate,Yes,0.5876288659793814,0.48214285714285715,0.4444444444444445,0.2366666666666667,0.3610188261351052,Rejected,0.7016,0.19707138499084811
Female,0.2,Graduate,Yes,0.5979381443298969,0.586734693877551,0.5555555555555556,0.6200000000000001,0.43078626799557035,Approved,0.9532,0.19056335163717716
Male,0.6000000000000001,Not Graduate,Yes,0.9175257731958762,0.7397959183673469,0.0,0.3466666666666667,0.744186046511628,Approved,0.6880000000000002,0.3166564978645515
Male,1.0,Graduate,Yes,0.32989690721649484,0.30612244897959184,0.4444444444444445,0.5250000000000001,0.2558139534883721,Rejected,0.8472,0.23611958511287376
Male,0.2,Graduate,Yes,0.16494845360824742,0.10459183673469388,0.3333333333333333,0.6483333333333334,0.11849390919158362,Approved,0.37759999999999994,0.36058572300183045
Female,0.2,Graduate,No,0.010309278350515465,0.022959183673469385,0.8888888888888888,0.7450000000000001,0.006644518272425249,Rejected,1.0,0.016880211511083987
Female,0.2,Graduate,Yes,0.9072164948453608,0.5739795918367346,0.4444444444444445,0.18666666666666676,0.5747508305647842,Approved,0.4132,0.3140126093146228
Female,0.2,Graduate,No,0.6391752577319587,0.42346938775510207,0.0,0.6716666666666666,0.40420819490586934,Approved,0.4563999999999999,0.2914378686190766
Female,1.0,Not Graduate,No,0.5773195876288659,0.5586734693877551,0.7777777777777777,0.9733333333333334,0.372093023255814,Rejected,0.9312,0.15904006508033355
Female,1.0,Graduate,Yes,0.24742268041237112,0.211734693877551,0.8888888888888888,0.585,0.12292358803986712,Rejected,0.7231999999999998,0.11938173683140127
Male,0.8,Not Graduate,No,0.6597938144329897,0.43367346938775514,0.6666666666666665,0.8216666666666668,0.4330011074197121,Approved,0.4483999999999999,0.3117754728492984
Female,0.4,Not Graduate,No,0.6082474226804123,0.548469387755102,0.1111111111111111,0.17833333333333334,0.3931339977851606,Rejected,0.8295999999999999,0.1824283099450885
Male,0.4,Not Graduate,No,0.4020618556701031,0.2755102040816327,0.3333333333333333,0.15000000000000002,0.18826135105204875,Rejected,0.4827999999999999,0.1663616026032134
Male,0.6000000000000001,Not Graduate,Yes,0.010309278350515465,0.017857142857142856,0.5555555555555556,0.28166666666666673,0.017718715393134,Rejected,0.7332000000000001,0.25422005287777105
Male,0.8,Graduate,No,0.4639175257731959,0.25765306122448983,0.2222222222222222,0.1216666666666667,0.38427464008859363,Rejected,0.2852,0.5338621110433192
Female,0.8,Graduate,Yes,0.13402061855670103,0.14030612244897958,0.0,0.00666666666666671,0.09191583610188261,Rejected,0.9468000000000001,0.1525320317266626
Female,1.0,Not Graduate,No,0.2577319587628866,0.20408163265306123,0.3333333333333333,0.8883333333333334,0.1727574750830565,Rejected,0.6295999999999999,0.2395769778320114
Female,0.4,Graduate,No,0.6907216494845361,0.5255102040816326,0.0,0.0033333333333334103,0.7209302325581396,Approved,0.6115999999999999,0.48484848484848486
Male,0.0,Graduate,No,0.7628865979381443,0.7244897959183673,0.2222222222222222,0.16166666666666674,0.5780730897009967,Approved,0.9103999999999999,0.2202562538133008
Male,0.2,Graduate,No,0.4020618556701031,0.24744897959183673,0.2222222222222222,0.9850000000000001,0.23255813953488375,Approved,0.37559999999999993,0.2826926988000814
Male,0.6000000000000001,Not Graduate,No,0.4020618556701031,0.3035714285714286,0.0,0.2616666666666667,0.21926910299003324,Rejected,0.5904,0.1842586943258084
Male,0.8,Not Graduate,No,0.14432989690721648,0.07397959183673469,0.7777777777777777,0.595,0.0753045404208195,Rejected,0.19999999999999996,0.30506406345332526
Male,0.4,Not Graduate,Yes,0.020618556701030927,0.028061224489795915,0.0,0.30000000000000004,0.025470653377630124,Rejected,0.8,0.23978035387431365
Male,1.0,Graduate,Yes,0.4329896907216495,0.43367346938775514,1.0,0.9000000000000001,0.26024363233665565,Approved,0.9727999999999999,0.12853365873500103
Female,0.4,Not Graduate,Yes,0.3711340206185567,0.19642857142857142,0.5555555555555556,0.9433333333333334,0.18272425249169438,Approved,0.242,0.2769981696156193
Female,0.0,Not Graduate,No,0.422680412371134,0.4260204081632653,0.3333333333333333,0.5316666666666667,0.3466223698781839,Approved,0.9811999999999999,0.22676428716697175
Female,0.2,Graduate,Yes,0.9072164948453608,0.846938775510204,0.0,0.7466666666666668,0.6035437430786269,Approved,0.8888,0.18080130160667077
Female,0.6000000000000001,Not Graduate,Yes,0.9587628865979381,0.6428571428571428,0.5555555555555556,0.9683333333333335,0.788482834994463,Approved,0.4736,0.4185478950579622
Male,0.4,Graduate,Yes,0.6907216494845361,0.3469387755102041,0.3333333333333333,0.8816666666666668,0.5426356589147288,Approved,0.2055999999999999,0.5702664226154159
Male,0.6000000000000001,Not Graduate,No,0.422680412371134,0.2755102040816327,0.2222222222222222,0.020000000000000018,0.239202657807309,Rejected,0.4323999999999999,0.2505592841163311
Female,0.6000000000000001,Not Graduate,No,0.6597938144329897,0.5382653061224489,0.4444444444444445,0.27833333333333343,0.5127353266888152,Rejected,0.6968000000000001,0.2912344925767745
Male,0.2,Graduate,Yes,0.5154639175257731,0.35714285714285715,0.8888888888888888,0.5833333333333335,0.31561461794019935,Approved,0.5,0.25849094976611753
Female,0.6000000000000001,Graduate,Yes,0.020618556701030927,0.020408163265306124,0.2222222222222222,0.685,0.016611295681063128,Rejected,0.5,0.19869839332926584
Female,0.8,Not Graduate,No,0.1134020618556701,0.09693877551020409,0.8888888888888888,0.9766666666666668,0.08084163898117387,Rejected,0.6616,0.22940817571690056
Female,1.0,Not Graduate,No,0.979381443298969,0.7168367346938775,0.1111111111111111,0.32333333333333336,0.5681063122923589,Rejected,0.5711999999999999,0.217612365263372
Male,0.4,Graduate,Yes,0.5360824742268041,0.27040816326530615,0.6666666666666665,0.7350000000000001,0.36434108527131787,Approved,0.2076,0.46878177750660976
Female,0.8,Not Graduate,No,0.10309278350515465,0.07653061224489796,0.5555555555555556,0.9600000000000002,0.054263565891472874,Rejected,0.5,0.17408989221069762
Female,0.0,Graduate,Yes,0.7010309278350515,0.6658163265306122,0.6666666666666665,0.5166666666666668,0.3665559246954596,Approved,0.9083999999999999,0.10555216595485054
Female,1.0,Graduate,No,0.7628865979381443,0.6556122448979591,0.2222222222222222,0.7966666666666669,0.5681063122923589,Approved,0.7684,0.2517795403701444
Male,1.0,Graduate,Yes,0.05154639175257732,0.03826530612244898,0.6666666666666665,0.45166666666666677,0.027685492801771877,Rejected,0.4284000000000001,0.1751067724222087
Male,0.6000000000000001,Graduate,Yes,0.7525773195876289,0.6326530612244897,0.8888888888888888,0.42333333333333334,0.5891472868217055,Approved,0.7387999999999999,0.28167581858857027
Female,0.0,Not Graduate,Yes,0.21649484536082472,0.15051020408163265,0.3333333333333333,0.6866666666666668,0.203765227021041,Approved,0.47839999999999994,0.4641041285336588
Male,1.0,Not Graduate,Yes,0.556701030927835,0.28571428571428575,0.1111111111111111,0.6583333333333334,0.39534883720930236,Rejected,0.2215999999999999,0.4858653650599959
Male,0.0,Not Graduate,Yes,0.5360824742268041,0.27040816326530615,1.0,0.10999999999999999,0.327796234772979,Approved,0.2076,0.40715883668903796
Male,0.2,Not Graduate,Yes,0.16494845360824742,0.13265306122448978,0.4444444444444445,0.21000000000000008,0.15060908084163901,Rejected,0.6224000000000001,0.3650599959324792
Male,0.0,Not Graduate,No,0.27835051546391754,0.1683673469387755,0.4444444444444445,0.033333333333333326,0.159468438538206,Rejected,0.3515999999999999,0.28370957901159244
Male,0.6000000000000001,Not Graduate,Yes,0.12371134020618556,0.10969387755102042,0.3333333333333333,0.405,0.07751937984496124,Rejected,0.7143999999999999,0.17470002033760426
Male,0.4,Graduate,No,0.26804123711340205,0.2729591836734694,0.7777777777777777,0.3750000000000001,0.19712070874861576,Rejected,0.9716,0.18405531828350621
Male,0.0,Not Graduate,Yes,0.3195876288659794,0.326530612244898,0.5555555555555556,0.8533333333333335,0.23366555924695462,Approved,0.988,0.1812080536912752
Male,0.0,Not Graduate,No,0.7010309278350515,0.6377551020408163,0.6666666666666665,0.6616666666666668,0.5105204872646734,Approved,0.8455999999999999,0.22127313402481194
Male,0.2,Not Graduate,No,0.3814432989690722,0.3775510204081633,0.5555555555555556,0.3783333333333334,0.33444075304540427,Rejected,0.9487999999999999,0.25950782997762867
Male,0.2,Not Graduate,No,0.5670103092783505,0.43112244897959184,0.1111111111111111,0.3533333333333334,0.39091915836101887,Rejected,0.6072,0.2696766320927395
Female,0.0,Graduate,No,0.4020618556701031,0.22704081632653061,0.1111111111111111,0.6183333333333334,0.2724252491694352,Approved,0.2976000000000001,0.40004067520846043
Female,0.2,Graduate,Yes,0.20618556701030927,0.21428571428571427,1.0,0.39833333333333343,0.17054263565891475,Approved,0.982,0.21679886109416316
Male,1.0,Not Graduate,No,0.20618556701030927,0.1760204081632653,0.4444444444444445,0.3866666666666667,0.12956810631229237,Rejected,0.7092,0.18934309538336389
Female,0.6000000000000001,Not Graduate,Yes,0.23711340206185563,0.18877551020408162,0.7777777777777777,0.30833333333333335,0.1550387596899225,Rejected,0.6320000000000001,0.22778116737848284
Female,0.0,Not Graduate,Yes,0.07216494845360825,0.04591836734693877,0.2222222222222222,0.3683333333333334,0.04651162790697675,Rejected,0.33320000000000005,0.29286150091519225
Male,0.2,Not Graduate,No,0.27835051546391754,0.18112244897959182,0.4444444444444445,0.9566666666666668,0.16168327796234774,Approved,0.42080000000000006,0.2597112060199309
Male,0.4,Not Graduate,No,0.9896907216494845,0.5765306122448979,0.4444444444444445,0.8133333333333335,0.5802879291251385,Approved,0.3348,0.3164531218222494
Male,0.4,Not Graduate,No,0.5154639175257731,0.36989795918367346,0.5555555555555556,0.5983333333333334,0.42635658914728686,Approved,0.5384,0.38194020744356316
Female,0.2,Graduate,Yes,0.8659793814432989,0.4923469387755102,0.7777777777777777,0.33000000000000007,0.48394241417497236,Approved,0.3115999999999999,0.30506406345332526
Female,0.4,Graduate,Yes,0.4742268041237114,0.32908163265306123,1.0,0.01666666666666672,0.3665559246954596,Rejected,0.5,0.36363636363636365
Male,0.0,Graduate,No,0.18556701030927833,0.11224489795918367,0.2222222222222222,0.8083333333333333,0.14064230343300113,Approved,0.33999999999999997,0.4142769981696156
Male,0.0,Graduate,No,0.3505154639175258,0.21428571428571427,0.4444444444444445,0.015000000000000013,0.20819490586932451,Rejected,0.3667999999999999,0.29631889363432984
Male,0.6000000000000001,Not Graduate,Yes,0.5257731958762886,0.4923469387755102,0.0,0.22166666666666668,0.4208194905869325,Rejected,0.8792,0.24588163514338016
Female,0.2,Not Graduate,Yes,0.020618556701030927,0.025510204081632654,0.8888888888888888,0.8350000000000002,0.019933554817275746,Approved,0.7,0.19158023184868825
Female,0.6000000000000001,Graduate,Yes,0.6494845360824741,0.5637755102040816,0.2222222222222222,0.31333333333333335,0.6267995570321152,Approved,0.7784,0.3650599959324792
Female,0.0,Not Graduate,Yes,0.21649484536082472,0.14540816326530612,0.7777777777777777,0.76,0.14728682170542637,Approved,0.4436,0.3117754728492984
Female,0.6000000000000001,Graduate,No,0.08247422680412371,0.06377551020408163,0.1111111111111111,0.7616666666666667,0.07641196013289037,Rejected,0.5199999999999998,0.3776693105552167
Male,1.0,Not Graduate,No,0.30927835051546393,0.24999999999999997,0.2222222222222222,0.8800000000000001,0.28571428571428575,Rejected,0.6624000000000001,0.37502542200528777
Male,0.6000000000000001,Graduate,Yes,0.32989690721649484,0.1760204081632653,0.5555555555555556,0.7216666666666667,0.19269102990033224,Approved,0.24719999999999986,0.35021354484441736
Male,0.0,Not Graduate,No,0.9690721649484536,0.9668367346938775,0.3333333333333333,0.20166666666666666,0.6943521594684386,Approved,0.9916,0.18344519015659957
Male,0.6000000000000001,Not Graduate,No,0.5257731958762886,0.5102040816326531,0.1111111111111111,0.9533333333333334,0.4119601328903655,Rejected,0.9319999999999999,0.22412039861704294
Female,0.6000000000000001,Graduate,No,0.4639175257731959,0.4362244897959184,0.4444444444444445,0.15500000000000003,0.45736434108527135,Rejected,0.8808,0.33496034167175104
Female,0.6000000000000001,Graduate,No,0.979381443298969,0.9566326530612245,0.5555555555555556,0.6666666666666667,0.629014396456257,Approved,0.9587999999999999,0.1551759202765914
Male,1.0,Graduate,No,0.8865979381443299,0.5433673469387755,0.8888888888888888,0.5216666666666667,0.7253599114064231,Approved,0.382,0.4679682733374009
Male,1.0,Graduate,No,0.5876288659793814,0.33418367346938777,0.2222222222222222,0.2583333333333334,0.4706533776301219,Rejected,0.3083999999999999,0.4984746796827334
Female,0.8,Graduate,Yes,0.2268041237113402,0.17346938775510204,0.7777777777777777,0.9516666666666667,0.2093023255813954,Approved,0.5831999999999999,0.4002440512507627
Male,0.8,Graduate,Yes,0.7938144329896907,0.5408163265306122,0.7777777777777777,0.32833333333333337,0.4186046511627907,Approved,0.4887999999999999,0.20886719544437668
Female,0.0,Graduate,No,0.12371134020618556,0.06122448979591837,0.0,0.5816666666666668,0.10852713178294573,Approved,0.17159999999999997,0.6158226560911125
Male,0.0,Graduate,Yes,0.3402061855670103,0.24744897959183673,0.6666666666666665,0.6816666666666666,0.23145071982281287,Approved,0.5428,0.28065893837705924
Male,0.8,Graduate,No,0.32989690721649484,0.33673469387755106,0.5555555555555556,0.675,0.26467331118493914,Rejected,0.9884,0.21354484441732766
Male,0.4,Graduate,No,0.6082474226804123,0.5943877551020408,0.0,0.29333333333333333,0.36987818383167226,Rejected,0.9476,0.13870246085011187
Male,0.4,Not Graduate,Yes,0.288659793814433,0.17346938775510204,0.1111111111111111,0.865,0.19822812846068663,Approved,0.3468,0.37156802928615007
Male,1.0,Not Graduate,Yes,0.32989690721649484,0.23214285714285712,0.7777777777777777,0.3916666666666667,0.2702104097452935,Rejected,0.506,0.38397396786658533
Male,0.0,Graduate,Yes,0.020618556701030927,0.022959183673469385,0.6666666666666665,0.9816666666666667,0.019933554817275746,Approved,0.6000000000000001,0.2202562538133008
Male,0.0,Graduate,No,0.5876288659793814,0.29336734693877553,0.5555555555555556,0.28,0.469545957918051,Approved,0.19999999999999996,0.5851128737034778
Female,1.0,Graduate,Yes,0.020618556701030927,0.012755102040816325,0.0,0.7650000000000001,0.019933554817275746,Rejected,0.19999999999999996,0.4067520846044336
Female,0.6000000000000001,Graduate,Yes,0.9072164948453608,0.8494897959183673,0.0,0.21000000000000008,0.7751937984496124,Approved,0.8932,0.2735407768964817
Female,0.0,Graduate,Yes,0.8865979381443299,0.5943877551020408,0.3333333333333333,0.6866666666666668,0.46179401993355484,Approved,0.4727999999999999,0.2102908277404922
Female,0.8,Graduate,Yes,0.18556701030927833,0.11224489795918367,0.0,0.5250000000000001,0.10963455149501662,Rejected,0.33999999999999997,0.2930648769574944
Female,0.4,Graduate,No,0.4639175257731959,0.3494897959183674,0.5555555555555556,0.8066666666666666,0.41417497231450723,Approved,0.5915999999999999,0.39658328248932284
Male,0.8,Not Graduate,No,0.2577319587628866,0.14795918367346939,0.7777777777777777,0.6283333333333334,0.14728682170542637,Rejected,0.30359999999999987,0.3042505592841164
Male,0.2,Not Graduate,No,0.24742268041237112,0.19387755102040816,0.5555555555555556,0.010000000000000009,0.1650055370985604,Rejected,0.6152,0.24140736221273137
Female,0.2,Not Graduate,Yes,0.9072164948453608,0.6403061224489796,0.7777777777777777,0.5916666666666668,0.7386489479512736,Approved,0.5287999999999999,0.3847874720357942
Male,0.8,Not Graduate,No,0.5051546391752577,0.4872448979591837,0.3333333333333333,0.7583333333333333,0.24695459579180512,Rejected,0.9216,0.08541793776693105
Female,0.4,Graduate,No,0.6597938144329897,0.6505102040816326,0.8888888888888888,0.4966666666666667,0.318936877076412,Rejected,0.9636,0.07768964815944682
Female,0.4,Graduate,No,0.4329896907216495,0.2423469387755102,0.8888888888888888,0.6866666666666668,0.2259136212624585,Approved,0.29079999999999995,0.27903193003864146
Male,0.8,Not Graduate,Yes,0.13402061855670103,0.10969387755102042,0.2222222222222222,0.3733333333333334,0.12956810631229237,Rejected,0.6268,0.38234695952816755
Male,0.2,Not Graduate,No,0.6185567010309277,0.5816326530612245,0.7777777777777777,0.8966666666666667,0.44961240310077527,Approved,0.8904000000000001,0.20846044335977224
Male,0.8,Graduate,Yes,0.07216494845360825,0.0663265306122449,0.2222222222222222,0.43333333333333335,0.0664451827242525,Rejected,0.6888000000000001,0.29631889363432984
Female,0.6000000000000001,Not Graduate,No,0.7731958762886597,0.6658163265306122,0.5555555555555556,0.7650000000000001,0.42746400885935776,Approved,0.7715999999999998,0.14785438275371163
Male,0.4,Graduate,Yes,0.04123711340206186,0.05357142857142857,0.2222222222222222,0.2566666666666667,0.032115171650055375,Rejected,1.0,0.1271100264388855
Female,0.8,Not Graduate,No,0.422680412371134,0.413265306122449,0.1111111111111111,0.39833333333333343,0.30675526024363237,Rejected,0.9348000000000001,0.19381736831401267
Female,0.4,Not Graduate,Yes,0.8247422680412371,0.7015306122448979,0.7777777777777777,0.8783333333333334,0.6256921373200444,Approved,0.756,0.26377872686597525
Female,0.0,Not Graduate,No,0.3402061855670103,0.29591836734693877,0.5555555555555556,0.6433333333333333,0.23698781838316726,Rejected,0.76,0.2200528777709986
Male,0.2,Graduate,Yes,0.9999999999999999,0.8622448979591837,0.6666666666666665,0.1183333333333334,0.7375415282392027,Approved,0.7776000000000001,0.24710189139719343
Male,1.0,Graduate,No,0.05154639175257732,0.04081632653061224,0.1111111111111111,0.8066666666666666,0.04208194905869325,Rejected,0.48560000000000003,0.29713239780353873
Female,0.2,Graduate,Yes,0.1958762886597938,0.17857142857142858,0.7777777777777777,0.8766666666666667,0.15282392026578076,Approved,0.7904,0.2430343705511491
Male,0.4,Not Graduate,No,0.30927835051546393,0.2602040816326531,0.5555555555555556,0.33666666666666667,0.22037652270210412,Rejected,0.7124000000000001,0.24059385804352248
Male,0.0,Graduate,No,0.27835051546391754,0.1913265306122449,0.3333333333333333,0.11166666666666669,0.16943521594684388,Rejected,0.476,0.25686394142769986
Male,0.0,Not Graduate,No,0.7010309278350515,0.45918367346938777,0.2222222222222222,0.4016666666666667,0.45847176079734225,Approved,0.4456,0.31197884889160055
Female,0.2,Graduate,No,0.36082474226804123,0.3392857142857143,0.7777777777777777,0.5133333333333334,0.203765227021041,Rejected,0.8704000000000001,0.12853365873500103
Female,0.6000000000000001,Not Graduate,Yes,0.443298969072165,0.326530612244898,0.5555555555555556,0.45000000000000007,0.310077519379845,Rejected,0.5644,0.2883872279845435
Male,0.6000000000000001,Graduate,No,0.0,0.012755102040816325,0.8888888888888888,0.7533333333333334,0.005537098560354375,Rejected,1.0,0.07626601586333132
Female,1.0,Not Graduate,Yes,0.556701030927835,0.5153061224489796,0.3333333333333333,0.9550000000000001,0.46290143964562575,Approved,0.8644000000000001,0.2662192393736018
Male,1.0,Graduate,No,0.5360824742268041,0.4668367346938776,0.0,0.3966666666666667,0.363233665559247,Rejected,0.7776000000000001,0.2104942037827944
Male,0.8,Not Graduate,No,0.010309278350515465,0.017857142857142856,0.4444444444444445,0.865,0.018826135105204873,Rejected,0.7332000000000001,0.27455765710799274
Male,0.2,Graduate,Yes,0.7525773195876289,0.7525510204081632,0.8888888888888888,0.7833333333333334,0.4750830564784054,Approved,0.9891999999999999,0.14297335773845846
Male,1.0,Not Graduate,Yes,0.23711340206185563,0.23724489795918366,0.2222222222222222,0.07500000000000007,0.141749723145072,Rejected,0.9359999999999999,0.1271100264388855
Female,0.8,Graduate,Yes,0.29896907216494845,0.1989795918367347,0.5555555555555556,0.7166666666666668,0.26467331118493914,Approved,0.44520000000000004,0.4575960951799878
Female,0.2,Graduate,Yes,0.7628865979381443,0.48469387755102045,1.0,0.8916666666666668,0.4197120708748616,Approved,0.41559999999999997,0.2509660362009356
Female,0.6000000000000001,Not Graduate,Yes,0.03092783505154639,0.03571428571428571,0.0,0.8516666666666668,0.02436323366555925,Rejected,0.76,0.15842993695342691
Male,0.4,Not Graduate,No,0.2577319587628866,0.14285714285714285,0.6666666666666665,0.6033333333333335,0.17165005537098563,Rejected,0.274,0.3955664022778117
Male,0.4,Not Graduate,Yes,0.3402061855670103,0.3316326530612245,0.1111111111111111,0.20000000000000007,0.1993355481727575,Rejected,0.9199999999999999,0.12873703477730328
Male,1.0,Not Graduate,No,0.36082474226804123,0.2908163265306123,0.1111111111111111,0.18833333333333335,0.31229235880398676,Rejected,0.6648000000000001,0.34451901565995524
Female,0.4,Not Graduate,Yes,0.556701030927835,0.5025510204081632,0.4444444444444445,0.11166666666666669,0.48062015503875977,Rejected,0.8284,0.29286150091519225
Male,1.0,Not Graduate,Yes,0.4742268041237114,0.41071428571428575,0.6666666666666665,0.15000000000000002,0.26467331118493914,Rejected,0.7667999999999999,0.1488712629652227
Female,0.8,Not Graduate,Yes,0.5154639175257731,0.3035714285714286,0.0,0.5033333333333334,0.43078626799557035,Rejected,0.33840000000000003,0.5025422005287777
Female,0.6000000000000001,Graduate,No,0.27835051546391754,0.28571428571428575,0.7777777777777777,0.905,0.21594684385382062,Approved,0.9864000000000002,0.19930852145617248
Female,0.2,Graduate,No,0.2577319587628866,0.16581632653061223,1.0,0.6883333333333335,0.12624584717607976,Rejected,0.40759999999999996,0.20032540166768356
Female,0.6000000000000001,Graduate,No,0.49484536082474223,0.4056122448979592,0.3333333333333333,0.4850000000000001,0.26467331118493914,Rejected,0.6960000000000002,0.1525320317266626
Female,0.4,Not Graduate,Yes,0.2577319587628866,0.23214285714285712,0.6666666666666665,0.6683333333333334,0.168327796234773,Rejected,0.7924,0.1850721984950173
Female,0.8,Not Graduate,Yes,0.26804123711340205,0.24744897959183673,0.5555555555555556,0.5916666666666668,0.22037652270210412,Rejected,0.8284,0.26032133414683745
Male,0.6000000000000001,Not Graduate,Yes,0.7319587628865979,0.5025510204081632,0.8888888888888888,0.7000000000000002,0.6400885935769658,Approved,0.496,0.4392922513727884
Male,0.0,Graduate,Yes,0.5876288659793814,0.3775510204081633,0.4444444444444445,0.8233333333333335,0.33444075304540427,Approved,0.4236,0.25950782997762867
Female,0.0,Graduate,No,0.8144329896907216,0.5357142857142857,0.0,0.15333333333333332,0.6965669988925803,Approved,0.45199999999999996,0.4519015659955258
Female,0.6000000000000001,Graduate,Yes,0.17525773195876287,0.17346938775510204,0.2222222222222222,0.4716666666666667,0.12513842746400888,Rejected,0.8948,0.18263168598739069
Male,1.0,Graduate,No,0.16494845360824742,0.16581632653061223,0.8888888888888888,0.2616666666666667,0.08970099667774087,Rejected,0.9112,0.1016880211511084
Female,0.0,Not Graduate,Yes,0.7628865979381443,0.44642857142857145,0.6666666666666665,0.45000000000000007,0.6456256921373201,Approved,0.3368,0.5182021557860484
Female,0.2,Graduate,No,0.9175257731958762,0.7602040816326531,0.6666666666666665,0.9833333333333334,0.7729789590254708,Approved,0.7231999999999998,0.321740898922107
Male,0.4,Not Graduate,Yes,0.5257731958762886,0.30612244897959184,0.6666666666666665,0.28666666666666674,0.3864894795127354,Rejected,0.3284,0.4311572096806996
Female,0.4,Not Graduate,No,0.36082474226804123,0.27040816326530615,0.5555555555555556,0.8133333333333335,0.186046511627907,Rejected,0.5784,0.16839536302623556
Female,0.0,Not Graduate,No,0.9587628865979381,0.8928571428571428,0.2222222222222222,0.5083333333333333,0.6688815060908085,Approved,0.8864000000000001,0.19768151311775475
Female,0.6000000000000001,Graduate,No,0.8350515463917525,0.770408163265306,0.4444444444444445,0.28833333333333333,0.6356589147286822,Approved,0.8699999999999999,0.23286556843603826
Male,1.0,Graduate,No,0.6391752577319587,0.5408163265306122,0.7777777777777777,0.7133333333333334,0.3554817275747509,Rejected,0.7436,0.15497254423428922
Male,1.0,Graduate,Yes,0.5257731958762886,0.44642857142857145,0.7777777777777777,0.3416666666666667,0.398671096345515,Rejected,0.7432000000000001,0.26337197478137075
Male,0.0,Graduate,Yes,0.556701030927835,0.48469387755102045,0.2222222222222222,0.17833333333333334,0.3233665559246955,Approved,0.7784,0.159446817164938
Female,0.2,Graduate,Yes,0.07216494845360825,0.03571428571428571,0.8888888888888888,0.27333333333333343,0.03875968992248063,Rejected,0.15559999999999996,0.3140126093146228
Female,0.0,Graduate,Yes,0.2268041237113402,0.1760204081632653,1.0,0.3566666666666667,0.15836101882613512,Approved,0.6000000000000001,0.2627618466544641
Male,0.2,Graduate,No,0.9587628865979381,0.5790816326530612,0.4444444444444445,0.5450000000000002,0.7796234772978959,Approved,0.36839999999999984,0.47345942647956074
Female,0.4,Not Graduate,Yes,0.7422680412371133,0.37244897959183676,1.0,0.5450000000000002,0.6079734219269104,Approved,0.2055999999999999,0.602196461256864
Female,0.8,Not Graduate,Yes,0.13402061855670103,0.07397959183673469,0.4444444444444445,0.9300000000000002,0.08305647840531562,Rejected,0.2532,0.3496034167175106
Female,0.6000000000000001,Graduate,Yes,0.8865979381443299,0.7627551020408163,0.3333333333333333,0.5116666666666667,0.5902547065337763,Approved,0.7727999999999999,0.20907057148667887
Female,1.0,Not Graduate,Yes,0.4845360824742268,0.35714285714285715,0.1111111111111111,0.605,0.4352159468438539,Rejected,0.5671999999999999,0.4120398617042912
Female,0.2,Not Graduate,Yes,0.8144329896907216,0.6785714285714285,0.2222222222222222,0.3700000000000001,0.5271317829457365,Approved,0.7284000000000002,0.2102908277404922
Male,0.4,Not Graduate,Yes,0.21649484536082472,0.22448979591836735,1.0,0.5166666666666668,0.16722037652270214,Rejected,0.9827999999999999,0.19381736831401267
Female,1.0,Not Graduate,Yes,0.288659793814433,0.1607142857142857,0.7777777777777777,0.27,0.23588039867109636,Rejected,0.28,0.5161683953630262
Male,0.4,Not Graduate,Yes,0.3814432989690722,0.22959183673469388,0.3333333333333333,0.4850000000000001,0.2890365448504984,Rejected,0.35399999999999987,0.4268863127923531
Female,0.8,Graduate,Yes,0.15463917525773194,0.15816326530612243,1.0,0.56,0.11849390919158362,Rejected,0.9296,0.1948342485255237
Male,0.0,Not Graduate,Yes,0.1958762886597938,0.11734693877551021,0.4444444444444445,0.09833333333333338,0.09413067552602436,Rejected,0.33320000000000005,0.21679886109416316
Female,0.8,Graduate,Yes,0.979381443298969,0.6301020408163265,0.1111111111111111,0.40333333333333343,0.7098560354374308,Approved,0.43079999999999985,0.3721781574130567
Male,1.0,Not Graduate,Yes,0.3402061855670103,0.29336734693877553,0.1111111111111111,0.5700000000000001,0.22480620155038764,Rejected,0.7484,0.2041895464714257
Female,1.0,Not Graduate,Yes,0.13402061855670103,0.13265306122448978,0.1111111111111111,0.19000000000000006,0.06533776301218162,Rejected,0.8668,0.08033353670937565
Male,0.6000000000000001,Not Graduate,Yes,0.8865979381443299,0.6607142857142857,1.0,0.9416666666666667,0.7630121816168328,Approved,0.5908,0.38539760016270086
Female,0.6000000000000001,Graduate,No,0.07216494845360825,0.07142857142857144,0.4444444444444445,0.11499999999999999,0.036544850498338874,Rejected,0.7776000000000001,0.09029896278218427
Male,0.0,Graduate,Yes,0.3402061855670103,0.2678571428571429,0.6666666666666665,0.8966666666666667,0.29568106312292364,Approved,0.6343999999999999,0.3577384584095993
Female,1.0,Not Graduate,No,0.5463917525773195,0.5331632653061225,0.1111111111111111,0.4700000000000001,0.4451827242524917,Rejected,0.942,0.2369330892820826
Male,1.0,Not Graduate,Yes,0.9896907216494845,0.5841836734693877,0.4444444444444445,0.19333333333333336,0.6423034330011075,Rejected,0.3468,0.35936546674801706
Male,1.0,Graduate,No,0.1958762886597938,0.13265306122448978,1.0,0.675,0.13510520487264677,Rejected,0.4476,0.3134024811877161
Female,0.0,Graduate,No,0.16494845360824742,0.1377551020408163,0.8888888888888888,0.010000000000000009,0.08970099667774087,Rejected,0.6667999999999998,0.15070164734594269
Female,1.0,Graduate,Yes,0.5773195876288659,0.3239795918367347,0.3333333333333333,0.9183333333333334,0.407530454042082,Approved,0.2964,0.4295302013422819
Male,1.0,Graduate,No,0.6701030927835051,0.43112244897959184,0.8888888888888888,0.5216666666666667,0.5293466223698783,Rejected,0.42680000000000007,0.4173276388041489
Female,0.6000000000000001,Graduate,No,0.422680412371134,0.40816326530612246,0.4444444444444445,0.10999999999999999,0.34330011074197125,Rejected,0.9163999999999999,0.23917022574740696
Male,0.2,Graduate,No,0.10309278350515465,0.06377551020408163,0.5555555555555556,0.21833333333333338,0.05204872646733112,Rejected,0.33320000000000005,0.2178157413056742
Male,1.0,Not Graduate,Yes,0.979381443298969,0.6530612244897959,0.0,0.7566666666666668,0.5957918050941308,Approved,0.46799999999999997,0.2731340248118772
Male,1.0,Graduate,Yes,0.5360824742268041,0.2780612244897959,0.4444444444444445,0.245,0.38981173864894797,Rejected,0.22959999999999992,0.49400040675208456
Female,0.2,Not Graduate,Yes,0.5257731958762886,0.3520408163265306,0.6666666666666665,0.3500000000000001,0.5537098560354375,Approved,0.46399999999999997,0.5743339434614603
Male,0.2,Graduate,No,0.7319587628865979,0.6096938775510203,1.0,0.040000000000000036,0.4828349944629015,Approved,0.726,0.2172056131787676
Male,1.0,Graduate,No,0.9587628865979381,0.48214285714285715,0.0,0.3716666666666667,0.46843853820598014,Approved,0.20839999999999992,0.29977628635346765
Female,0.0,Not Graduate,Yes,0.7216494845360825,0.3903061224489796,0.0,0.10333333333333339,0.34772978959025475,Approved,0.2667999999999999,0.2619483424852552
Female,0.6000000000000001,Graduate,Yes,0.9072164948453608,0.8316326530612245,0.2222222222222222,0.595,0.5681063122923589,Approved,0.8624,0.16697173073011998
Female,1.0,Not Graduate,No,0.6494845360824741,0.586734693877551,0.5555555555555556,0.8166666666666667,0.3864894795127354,Rejected,0.8340000000000001,0.15558267236119586
Female,0.2,Graduate,Yes,0.9587628865979381,0.770408163265306,0.8888888888888888,0.33333333333333337,0.33444075304540427,Approved,0.6843999999999999,0.05145413870246085
Male,0.4,Not Graduate,Yes,0.9999999999999999,0.8392857142857143,0.1111111111111111,0.275,0.8006644518272427,Approved,0.7416,0.29286150091519225
Male,0.8,Not Graduate,No,0.27835051546391754,0.21428571428571427,0.2222222222222222,0.18166666666666675,0.212624584717608,Rejected,0.6000000000000001,0.3056741915802319
Male,0.8,Graduate,Yes,0.05154639175257732,0.03826530612244898,1.0,0.5433333333333334,0.026578073089700997,Rejected,0.4284000000000001,0.16392109009558678
Male,1.0,Not Graduate,No,0.4123711340206186,0.33418367346938777,0.7777777777777777,0.40833333333333344,0.372093023255814,Rejected,0.6759999999999999,0.3634329875940614
Female,0.6000000000000001,Not Graduate,No,0.4123711340206186,0.28316326530612246,0.4444444444444445,0.5900000000000001,0.3399778516057586,Rejected,0.48560000000000003,0.40227781167378485
Male,0.0,Not Graduate,No,0.7628865979381443,0.6683673469387755,0.2222222222222222,0.3583333333333334,0.5171650055370987,Approved,0.7948,0.20886719544437668
Male,0.4,Graduate,Yes,0.7113402061855669,0.4719387755102041,0.5555555555555556,0.8966666666666667,0.3034330011074198,Approved,0.45920000000000005,0.14826113483831607
Female,0.2,Not Graduate,Yes,0.4639175257731959,0.4005102040816327,0.6666666666666665,0.17666666666666675,0.2934662236987819,Rejected,0.7616,0.18934309538336389
Male,0.0,Graduate,Yes,0.9896907216494845,0.5841836734693877,0.4444444444444445,0.45500000000000007,0.7198228128460687,Approved,0.3468,0.4207850315232866
Male,0.0,Graduate,Yes,0.9896907216494845,0.9795918367346939,0.0,0.5183333333333333,0.6157253599114065,Approved,0.9796,0.14175310148464512
Male,0.0,Not Graduate,No,0.5051546391752577,0.33418367346938777,0.7777777777777777,0.5816666666666668,0.3056478405315615,Approved,0.45079999999999987,0.27252389668497046
Male,0.0,Not Graduate,Yes,0.3195876288659794,0.18877551020408162,0.5555555555555556,0.7916666666666667,0.23809523809523814,Approved,0.33320000000000005,0.425869432580842
Male,0.6000000000000001,Graduate,No,0.443298969072165,0.3112244897959184,0.5555555555555556,0.28166666666666673,0.3200442967884829,Rejected,0.5111999999999999,0.32418141142973356
Male,0.0,Graduate,Yes,0.3814432989690722,0.31887755102040816,0.8888888888888888,0.4783333333333334,0.29900332225913623,Approved,0.7128000000000001,0.28289607484238355
Female,0.6000000000000001,Graduate,Yes,0.30927835051546393,0.24489795918367344,0.4444444444444445,0.026666666666666727,0.29457364341085274,Rejected,0.6376,0.4020744356314826
Female,0.4,Graduate,No,0.30927835051546393,0.25765306122448983,0.4444444444444445,0.42666666666666675,0.32558139534883723,Rejected,0.7,0.43014032946918856
Male,0.4,Not Graduate,No,0.9690721649484536,0.7882653061224489,0.5555555555555556,0.4633333333333334,0.5725359911406424,Approved,0.7,0.18710595891803947
Male,0.4,Not Graduate,Yes,0.8762886597938144,0.4744897959183674,0.0,0.42333333333333334,0.3864894795127354,Approved,0.26880000000000004,0.22737441529387845
Female,0.4,Not Graduate,Yes,0.17525773195876287,0.16581632653061223,0.2222222222222222,0.9866666666666668,0.12956810631229237,Approved,0.8316000000000001,0.20927394752898107
Male,0.4,Not Graduate,Yes,0.27835051546391754,0.2525510204081633,0.4444444444444445,0.025000000000000022,0.17940199335548176,Rejected,0.8068,0.17836078909904415
Male,0.0,Not Graduate,No,0.6185567010309277,0.32142857142857145,0.4444444444444445,0.6583333333333334,0.3499446290143965,Approved,0.23239999999999994,0.3520439292251373
Male,0.0,Not Graduate,No,0.5876288659793814,0.5102040816326531,0.1111111111111111,0.8433333333333335,0.274640088593577,Approved,0.7764,0.09985763677038847
Female,0.8,Not Graduate,Yes,0.30927835051546393,0.31887755102040816,0.3333333333333333,0.5633333333333335,0.20265780730897012,Rejected,1.0,0.14460036607687618
Male,0.2,Not Graduate,Yes,0.1134020618556701,0.11989795918367348,0.1111111111111111,0.5166666666666668,0.1018826135105205,Rejected,0.9384000000000001,0.23794996949359368
Female,0.4,Not Graduate,Yes,0.1134020618556701,0.07397959183673469,0.1111111111111111,0.8500000000000001,0.11738648947951275,Approved,0.38480000000000003,0.5466748017083588
Male,0.2,Graduate,No,0.8762886597938144,0.8392857142857143,0.1111111111111111,0.9433333333333334,0.7674418604651163,Approved,0.9263999999999999,0.2743542810656905
Female,0.6000000000000001,Not Graduate,No,0.6288659793814433,0.5994897959183673,0.4444444444444445,0.7666666666666668,0.451827242524917,Approved,0.9112,0.19951189749847473
Female,0.6000000000000001,Graduate,No,0.422680412371134,0.2780612244897959,0.2222222222222222,0.42666666666666675,0.3820598006644519,Rejected,0.44199999999999995,0.481187716087045
Male,0.6000000000000001,Not Graduate,Yes,0.6391752577319587,0.5918367346938775,0.5555555555555556,0.6400000000000001,0.6622369878183832,Approved,0.8688,0.36851738865161676
Female,1.0,Not Graduate,Yes,0.7731958762886597,0.6505102040816326,0.8888888888888888,0.4633333333333334,0.5548172757475084,Rejected,0.7404,0.2454748830587757
Male,0.4,Not Graduate,No,0.6907216494845361,0.6020408163265306,0.5555555555555556,0.8566666666666667,0.5215946843853821,Approved,0.7856000000000001,0.25157616432784224
Female,0.0,Not Graduate,No,0.4123711340206186,0.36989795918367346,1.0,0.3500000000000001,0.32115171650055374,Rejected,0.8096000000000001,0.25137278828554
Male,0.8,Not Graduate,No,0.3814432989690722,0.22193877551020408,0.0,0.6233333333333333,0.3444075304540421,Rejected,0.32319999999999993,0.5592841163310962
Male,0.0,Graduate,Yes,0.18556701030927833,0.11734693877551021,0.6666666666666665,0.45000000000000007,0.1284606866002215,Approved,0.38,0.3455358958714664
Female,0.2,Not Graduate,No,0.03092783505154639,0.03571428571428571,0.0,0.6333333333333333,0.035437430786268,Rejected,0.76,0.2782184258694326
Male,0.0,Graduate,No,0.3402061855670103,0.21683673469387754,0.5555555555555556,0.8383333333333334,0.18936877076411962,Approved,0.40559999999999996,0.25198291641244663
Male,0.4,Not Graduate,Yes,0.29896907216494845,0.2653061224489796,0.7777777777777777,0.09500000000000008,0.24584717607973428,Rejected,0.7807999999999999,0.2769981696156193
Female,0.6000000000000001,Not Graduate,Yes,0.4845360824742268,0.4770408163265306,0.1111111111111111,0.45833333333333337,0.4861572535991141,Rejected,0.9512,0.321740898922107
Male,0.2,Not Graduate,No,0.08247422680412371,0.08418367346938777,0.1111111111111111,0.41000000000000003,0.0575858250276855,Rejected,0.8400000000000001,0.16392109009558678
Male,0.4,Graduate,No,0.6701030927835051,0.5382653061224489,0.3333333333333333,0.1166666666666667,0.47951273532668887,Rejected,0.6776,0.2627618466544641
Female,0.2,Graduate,No,0.4020618556701031,0.23214285714285712,0.2222222222222222,0.6883333333333335,0.16389811738648952,Approved,0.31720000000000004,0.17632702867602199
Female,0.8,Not Graduate,Yes,0.14432989690721648,0.08928571428571429,0.0,0.9933333333333334,0.08859357696567,Rejected,0.35,0.29713239780353873
Male,0.6000000000000001,Graduate,Yes,0.2268041237113402,0.22704081632653061,0.6666666666666665,0.5433333333333334,0.1550387596899225,Rejected,0.9332,0.1657514744763067
Male,0.0,Graduate,No,0.20618556701030927,0.15561224489795916,0.1111111111111111,0.9233333333333333,0.10963455149501662,Approved,0.5635999999999999,0.17470002033760426
Female,0.8,Graduate,No,0.30927835051546393,0.20663265306122447,0.8888888888888888,0.8366666666666667,0.15282392026578076,Rejected,0.44999999999999996,0.1911734797640838
Female,0.8,Not Graduate,Yes,0.14432989690721648,0.10459183673469388,1.0,0.13666666666666671,0.09634551495016612,Rejected,0.5,0.26804962375432173
Male,0.4,Not Graduate,No,0.3814432989690722,0.37244897959183676,0.2222222222222222,0.19166666666666676,0.22369878183831676,Rejected,0.9284000000000001,0.12873703477730328
Female,1.0,Graduate,Yes,0.18556701030927833,0.15306122448979592,0.1111111111111111,0.10999999999999999,0.16943521594684388,Rejected,0.6599999999999999,0.3542810656904617
Male,0.2,Graduate,Yes,0.7628865979381443,0.6403061224489796,0.4444444444444445,0.4916666666666667,0.48504983388704326,Approved,0.7368000000000001,0.20134228187919465
Male,0.2,Not Graduate,No,0.9896907216494845,0.5357142857142857,0.0,0.09333333333333338,0.832779623477298,Approved,0.2692,0.5692495424039048
Male,1.0,Not Graduate,No,0.7938144329896907,0.7551020408163265,0.2222222222222222,0.44666666666666677,0.4861572535991141,Rejected,0.9140000000000001,0.1488712629652227
Male,0.2,Graduate,No,0.14432989690721648,0.09438775510204082,0.4444444444444445,0.5250000000000001,0.12624584717607976,Approved,0.3999999999999999,0.44742729306487705
Male,0.2,Graduate,Yes,0.6391752577319587,0.3469387755102041,0.5555555555555556,0.021666666666666723,0.53156146179402,Approved,0.26880000000000004,0.5556233475696564
Female,0.2,Graduate,Yes,0.6391752577319587,0.4489795918367347,0.2222222222222222,0.45833333333333337,0.46733111849390924,Approved,0.5187999999999999,0.33150294895261334
Female,0.8,Graduate,No,0.14432989690721648,0.13265306122448978,0.4444444444444445,0.4616666666666668,0.07419712070874862,Rejected,0.7752000000000001,0.11002643888549926
Female,0.0,Graduate,No,0.9278350515463917,0.7755102040816326,0.4444444444444445,0.2583333333333334,0.7153931339977853,Approved,0.7348000000000001,0.27801504982713043
Female,0.2,Not Graduate,No,0.7835051546391752,0.6275510204081632,0.2222222222222222,0.33333333333333337,0.5083056478405317,Approved,0.6768000000000001,0.22554403091315847
Male,0.2,Not Graduate,Yes,0.3917525773195876,0.23214285714285712,0.3333333333333333,0.3483333333333334,0.23255813953488375,Rejected,0.33999999999999997,0.31055521659548513
Male,0.4,Not Graduate,Yes,0.6082474226804123,0.4872448979591837,0.3333333333333333,0.1316666666666667,0.3776301218161684,Rejected,0.6720000000000002,0.20907057148667887
Male,1.0,Graduate,No,0.7113402061855669,0.3622448979591837,0.6666666666666665,0.6066666666666667,0.47286821705426363,Rejected,0.21679999999999988,0.4519015659955258
Male,0.0,Not Graduate,Yes,0.23711340206185563,0.24489795918367344,0.2222222222222222,0.5383333333333333,0.17054263565891475,Approved,0.984,0.17205613178767545
Female,1.0,Graduate,No,0.30927835051546393,0.21428571428571427,0.7777777777777777,0.43000000000000005,0.1727574750830565,Rejected,0.4875999999999998,0.22147651006711414
Male,0.8,Graduate,No,0.15463917525773194,0.10204081632653061,0.8888888888888888,0.4666666666666667,0.13067552602436325,Rejected,0.41159999999999997,0.42444580028472656
Male,0.8,Graduate,No,0.6288659793814433,0.4413265306122449,0.2222222222222222,0.52,0.504983388704319,Approved,0.5176000000000001,0.3790929428513321
Female,0.8,Graduate,Yes,0.05154639175257732,0.05357142857142857,0.6666666666666665,0.675,0.026578073089700997,Rejected,0.7715999999999998,0.08480780964002443
Female,0.8,Graduate,Yes,0.09278350515463918,0.06122448979591837,0.8888888888888888,0.0016666666666667052,0.09745293466223699,Rejected,0.382,0.54037014439699
Female,0.2,Not Graduate,Yes,0.8969072164948453,0.8086734693877551,0.7777777777777777,0.685,0.3588039867109635,Approved,0.8384,0.055928411633109604
Female,0.6000000000000001,Graduate,No,0.010309278350515465,0.01020408163265306,1.0,0.7250000000000001,0.0221483942414175,Rejected,0.33320000000000005,0.5448444173276388
Male,0.2,Not Graduate,No,0.20618556701030927,0.125,0.6666666666666665,0.6366666666666667,0.11849390919158362,Rejected,0.3455999999999999,0.28167581858857027
Male,0.6000000000000001,Not Graduate,No,0.32989690721649484,0.33673469387755106,0.4444444444444445,0.08000000000000007,0.2668881506090809,Rejected,0.9884,0.2165954850518609
Female,0.0,Graduate,Yes,0.7938144329896907,0.5918367346938775,1.0,0.75,0.6301218161683279,Approved,0.5900000000000001,0.3432987594061421
Male,0.6000000000000001,Not Graduate,Yes,0.5773195876288659,0.4566326530612245,0.7777777777777777,0.8916666666666668,0.3233665559246955,Approved,0.6552,0.1781574130567419
Male,0.0,Graduate,Yes,0.9484536082474226,0.5025510204081632,0.2222222222222222,0.14833333333333343,0.5791805094130676,Approved,0.2512,0.3833638397396786
Male,0.4,Graduate,No,0.4742268041237114,0.4744897959183674,0.1111111111111111,0.9433333333333334,0.3942414174972315,Approved,0.9752000000000001,0.23489932885906042
Female,0.6000000000000001,Not Graduate,No,0.7628865979381443,0.6709183673469388,0.1111111111111111,0.6483333333333334,0.425249169435216,Rejected,0.8,0.14419361399227174
Male,0.0,Not Graduate,No,0.5876288659793814,0.4413265306122449,0.7777777777777777,0.5750000000000002,0.5282392026578073,Approved,0.5932,0.403294691885296
Female,0.2,Graduate,Yes,0.422680412371134,0.24999999999999997,0.0,0.8283333333333334,0.32668881506090813,Approved,0.3396,0.4494610534878991
Male,1.0,Graduate,No,0.6082474226804123,0.44642857142857145,0.2222222222222222,0.915,0.4130675526024364,Approved,0.5671999999999999,0.2782184258694326
Male,1.0,Graduate,No,0.5360824742268041,0.49489795918367346,1.0,0.20500000000000007,0.4330011074197121,Rejected,0.8592,0.2552369330892821
Male,0.2,Not Graduate,Yes,0.5154639175257731,0.2780612244897959,0.0,0.1166666666666667,0.4739756367663345,Approved,0.26159999999999994,0.6318893634329876
Female,1.0,Not Graduate,No,0.8556701030927835,0.7908163265306122,0.5555555555555556,0.13,0.8117386489479513,Rejected,0.8728,0.326418547895058
Male,0.8,Not Graduate,No,0.07216494845360825,0.04081632653061224,1.0,0.19500000000000006,0.05647840531561463,Rejected,0.24440000000000006,0.43624161073825507
Female,0.2,Not Graduate,No,0.12371134020618556,0.09693877551020409,1.0,0.3833333333333334,0.0753045404208195,Rejected,0.5715999999999999,0.20459629855603015
Female,0.2,Not Graduate,Yes,0.2268041237113402,0.22959183673469388,1.0,0.405,0.10520487264673312,Rejected,0.95,0.0640634533251983
Female,0.8,Graduate,No,0.6288659793814433,0.375,0.8888888888888888,0.75,0.3322259136212625,Approved,0.3523999999999998,0.2597112060199309
Male,0.2,Graduate,No,0.29896907216494845,0.18622448979591835,1.0,0.07666666666666666,0.19269102990033224,Rejected,0.3807999999999999,0.32377465934512917
Male,0.8,Graduate,Yes,0.6907216494845361,0.4770408163265306,0.6666666666666665,0.050000000000000044,0.478405315614618,Rejected,0.5016,0.31421598535692497
Male,0.4,Not Graduate,Yes,0.288659793814433,0.18112244897959182,0.4444444444444445,0.6866666666666668,0.23366555924695462,Rejected,0.38680000000000003,0.4382753711612771
Male,0.0,Not Graduate,No,0.29896907216494845,0.24999999999999997,0.6666666666666665,0.1266666666666667,0.2713178294573644,Rejected,0.7032,0.34878991254830183
Female,0.8,Not Graduate,No,0.04123711340206186,0.022959183673469385,0.6666666666666665,0.06333333333333335,0.037652270210409754,Rejected,0.19999999999999996,0.491559894244458
Female,0.8,Not Graduate,Yes,0.4639175257731959,0.3418367346938776,0.6666666666666665,0.5,0.4739756367663345,Rejected,0.5660000000000001,0.48871262965222695
Female,0.2,Graduate,No,0.23711340206185563,0.1683673469387755,1.0,0.32500000000000007,0.18936877076411962,Rejected,0.5039999999999998,0.36322961155175926
Male,0.0,Graduate,No,0.979381443298969,0.7678571428571428,0.1111111111111111,0.0,0.8925802879291252,Approved,0.6536,0.38926174496644295
Female,0.8,Not Graduate,Yes,0.7628865979381443,0.5025510204081632,0.8888888888888888,0.6516666666666668,0.5304540420819491,Approved,0.4528000000000001,0.338621110433191
Male,0.2,Graduate,No,0.845360824742268,0.6224489795918366,0.3333333333333333,0.3650000000000001,0.5813953488372093,Approved,0.5759999999999998,0.2830994508846858
Female,0.6000000000000001,Graduate,Yes,0.3711340206185567,0.3775510204081633,1.0,0.4,0.25359911406423036,Rejected,0.9896,0.16127720154565792
Male,0.6000000000000001,Not Graduate,Yes,0.29896907216494845,0.28316326530612246,0.7777777777777777,0.43666666666666676,0.18936877076411962,Rejected,0.8708,0.1596501932072402
Male,0.4,Not Graduate,No,0.5670103092783505,0.5357142857142857,0.4444444444444445,0.03833333333333333,0.37320044296788485,Rejected,0.8948,0.17307301199918654
Female,0.2,Graduate,Yes,0.5463917525773195,0.49489795918367346,0.4444444444444445,0.020000000000000018,0.44296788482835,Approved,0.8328,0.26459223103518414
Female,0.2,Not Graduate,Yes,0.0,0.007653061224489796,0.0,0.3516666666666667,0.0132890365448505,Rejected,0.6000000000000001,0.3898718730933496
Female,0.6000000000000001,Not Graduate,Yes,0.36082474226804123,0.34438775510204084,0.4444444444444445,0.5350000000000001,0.239202657807309,Rejected,0.8919999999999999,0.171649379703071
Female,0.4,Not Graduate,Yes,0.14432989690721648,0.10204081632653061,1.0,0.3533333333333334,0.13842746400885939,Rejected,0.47520000000000007,0.4575960951799878
Male,0.8,Graduate,No,0.3814432989690722,0.2729591836734694,0.0,0.81,0.24252491694352163,Approved,0.5284,0.2597112060199309
Female,0.6000000000000001,Not Graduate,Yes,0.05154639175257732,0.033163265306122444,0.8888888888888888,0.0050000000000000044,0.036544850498338874,Rejected,0.3144,0.31767337807606266
Female,0.6000000000000001,Graduate,Yes,0.5773195876288659,0.41836734693877553,0.8888888888888888,0.5550000000000002,0.3820598006644519,Approved,0.5515999999999999,0.27252389668497046
Female,0.8,Graduate,Yes,0.3711340206185567,0.3494897959183674,0.2222222222222222,0.685,0.3765227021040975,Approved,0.8736000000000002,0.34716290420988405
Male,0.4,Graduate,No,0.6391752577319587,0.42346938775510207,0.7777777777777777,0.28666666666666674,0.41528239202657813,Rejected,0.4563999999999999,0.30364043115720973
Male,0.2,Graduate,Yes,0.5463917525773195,0.3010204081632653,0.1111111111111111,0.08333333333333337,0.434108527131783,Approved,0.28,0.5131177547284931
Female,0.2,Not Graduate,Yes,0.6804123711340205,0.3418367346938776,0.4444444444444445,0.9650000000000001,0.34883720930232565,Approved,0.20599999999999996,0.3209273947528981
Male,0.8,Not Graduate,No,0.6701030927835051,0.33418367346938777,0.4444444444444445,0.22666666666666668,0.3887043189368771,Rejected,0.19999999999999996,0.38621110433190975
Female,0.2,Graduate,Yes,0.5257731958762886,0.28571428571428575,0.6666666666666665,0.9133333333333333,0.27574750830564787,Approved,0.2679999999999999,0.2948952613382144
Male,0.4,Graduate,No,0.6597938144329897,0.5841836734693877,0.7777777777777777,0.42500000000000004,0.47176079734219273,Approved,0.806,0.22432377465934514
Male,0.4,Graduate,No,0.6597938144329897,0.326530612244898,1.0,0.9750000000000001,0.460686600221484,Approved,0.19399999999999995,0.49949155989424443
Male,0.0,Not Graduate,No,0.7628865979381443,0.6352040816326531,0.2222222222222222,0.9800000000000002,0.611295681063123,Approved,0.7263999999999999,0.2961155175920277
Male,0.8,Not Graduate,Yes,0.23711340206185563,0.14795918367346939,1.0,0.29666666666666675,0.21040974529346626,Rejected,0.3759999999999999,0.4942037827943868
Female,0.8,Not Graduate,No,0.09278350515463918,0.05612244897959184,0.1111111111111111,0.5050000000000001,0.08084163898117387,Rejected,0.30920000000000003,0.47386617856416513
Female,0.2,Not Graduate,No,0.21649484536082472,0.20153061224489796,0.3333333333333333,0.8066666666666666,0.11406423034330011,Rejected,0.8260000000000001,0.11287370347773032
Female,0.2,Graduate,Yes,0.3195876288659794,0.2908163265306123,0.1111111111111111,0.6366666666666667,0.24916943521594687,Approved,0.8180000000000001,0.2454748830587757
Male,0.8,Graduate,Yes,0.24742268041237112,0.14285714285714285,0.2222222222222222,0.28500000000000003,0.17386489479512737,Rejected,0.3076,0.4024811877160871
Female,0.8,Not Graduate,Yes,0.9381443298969072,0.9285714285714285,1.0,0.8466666666666667,0.7131782945736435,Approved,0.9784000000000002,0.20663005897905232
Female,0.8,Not Graduate,No,0.5257731958762886,0.4642857142857143,0.3333333333333333,0.28333333333333344,0.3499446290143965,Rejected,0.7964,0.19930852145617248
Female,0.4,Not Graduate,No,0.5360824742268041,0.34438775510204084,1.0,0.4566666666666668,0.26910299003322263,Rejected,0.4223999999999999,0.2115110839943055
Male,0.8,Not Graduate,Yes,0.3402061855670103,0.29846938775510207,0.3333333333333333,0.023333333333333317,0.2513842746400886,Rejected,0.7715999999999998,0.23896684970510476
Male,0.4,Graduate,No,0.4123711340206186,0.2525510204081633,0.6666666666666665,0.17833333333333334,0.2713178294573644,Rejected,0.37159999999999993,0.3439088875330486
Male,0.0,Not Graduate,Yes,0.9278350515463917,0.8826530612244897,0.1111111111111111,0.6700000000000002,0.735326688815061,Approved,0.9172,0.23672971323978034
Female,0.4,Graduate,No,0.422680412371134,0.2423469387755102,0.0,0.33166666666666667,0.29014396456256925,Rejected,0.3115999999999999,0.3994305470815538
Female,0.2,Graduate,Yes,0.7525773195876289,0.5,0.4444444444444445,0.615,0.3942414174972315,Approved,0.46120000000000005,0.21537522879804757
Female,1.0,Not Graduate,Yes,0.5360824742268041,0.4719387755102041,1.0,0.043333333333333335,0.41417497231450723,Rejected,0.7924,0.25645718934309547
Male,0.6000000000000001,Not Graduate,No,0.5463917525773195,0.4056122448979592,0.8888888888888888,0.7966666666666669,0.4031007751937985,Rejected,0.5779999999999998,0.309538336383974
Male,0.4,Not Graduate,Yes,0.1958762886597938,0.10714285714285715,0.0,0.8116666666666668,0.16943521594684388,Approved,0.2571999999999999,0.5570469798657718
Female,0.0,Graduate,No,0.36082474226804123,0.30612244897959184,0.7777777777777777,0.885,0.25913621262458475,Approved,0.7296,0.24100061012812693
Male,0.0,Graduate,No,0.8865979381443299,0.8316326530612245,0.8888888888888888,0.4600000000000001,0.5293466223698783,Approved,0.8956,0.14541387024608507
Male,1.0,Not Graduate,No,0.5773195876288659,0.5739795918367346,0.5555555555555556,0.5,0.4772978959025471,Rejected,0.9723999999999999,0.23550945698596706
Male,0.8,Graduate,No,0.7938144329896907,0.7729591836734694,0.0,0.44833333333333336,0.42192691029900337,Rejected,0.9492,0.10331502948952617
Male,0.2,Not Graduate,Yes,0.29896907216494845,0.15306122448979592,1.0,0.9450000000000001,0.20155038759689925,Approved,0.2128,0.44783404514948144
Female,0.0,Not Graduate,No,0.4020618556701031,0.3622448979591837,0.5555555555555556,0.2350000000000001,0.32558139534883723,Rejected,0.8148,0.26540573520439303
Male,0.4,Not Graduate,Yes,0.9896907216494845,0.8265306122448979,0.0,0.00666666666666671,0.6245847176079735,Approved,0.7348000000000001,0.200732153752288
Male,1.0,Not Graduate,No,0.3195876288659794,0.20663265306122447,0.8888888888888888,0.3666666666666667,0.23698781838316726,Rejected,0.4179999999999999,0.37522879804759
Male,0.0,Graduate,No,0.18556701030927833,0.15051020408163265,0.6666666666666665,0.5216666666666667,0.09080841638981174,Rejected,0.6400000000000001,0.1295505389465121
Male,0.4,Not Graduate,Yes,0.04123711340206186,0.020408163265306124,0.3333333333333333,0.9750000000000001,0.019933554817275746,Approved,0.13319999999999999,0.25422005287777105
Female,0.8,Not Graduate,Yes,0.3505154639175258,0.2346938775510204,0.0,0.9016666666666668,0.2713178294573644,Rejected,0.4555999999999998,0.38051657514744763
Female,0.4,Not Graduate,No,0.7525773195876289,0.7346938775510203,1.0,0.8583333333333334,0.6190476190476191,Approved,0.952,0.24100061012812693
Male,1.0,Graduate,Yes,0.0,0.0025510204081632647,0.8888888888888888,0.8700000000000001,0.01107419712070875,Rejected,0.19999999999999996,0.5592841163310962
Male,0.8,Not Graduate,No,0.9999999999999999,0.7346938775510203,0.8888888888888888,0.7866666666666668,0.903654485049834,Approved,0.5755999999999999,0.42058165548098436
Male,1.0,Graduate,Yes,0.6082474226804123,0.5663265306122449,0.2222222222222222,0.7933333333333334,0.5060908084163899,Approved,0.8755999999999999,0.26418547895057964
Male,0.8,Not Graduate,Yes,0.3402061855670103,0.25510204081632654,0.4444444444444445,0.06166666666666665,0.3233665559246955,Rejected,0.5771999999999999,0.4319707138499085
Male,0.0,Not Graduate,Yes,0.7835051546391752,0.4770408163265306,0.5555555555555556,0.05500000000000005,0.7763012181616834,Approved,0.37439999999999996,0.602196461256864
Male,0.6000000000000001,Not Graduate,Yes,0.8762886597938144,0.7397959183673469,0.1111111111111111,0.020000000000000018,0.5127353266888152,Rejected,0.7471999999999999,0.171649379703071
Female,0.4,Graduate,Yes,0.5463917525773195,0.30867346938775514,0.6666666666666665,0.9033333333333333,0.3089700996677741,Approved,0.30199999999999994,0.31157209680699616
Male,0.6000000000000001,Graduate,Yes,0.16494845360824742,0.12244897959183675,0.3333333333333333,0.8166666666666667,0.05980066445182725,Rejected,0.5332000000000001,0.07870652837095793
Female,0.4,Graduate,No,0.8041237113402061,0.8061224489795918,0.7777777777777777,0.8433333333333335,0.5526024363233666,Approved,0.9952000000000001,0.1681919869839333
Female,1.0,Not Graduate,Yes,0.7525773195876289,0.4260204081632653,0.3333333333333333,0.0,0.45736434108527135,Rejected,0.30679999999999996,0.34634940004067516
Male,1.0,Graduate,Yes,0.36082474226804123,0.29846938775510207,0.5555555555555556,0.5083333333333333,0.25027685492801777,Rejected,0.6972,0.23733984136668704
Female,0.4,Graduate,Yes,0.14432989690721648,0.11224489795918367,0.5555555555555556,0.4700000000000001,0.09523809523809525,Rejected,0.5751999999999999,0.2369330892820826
Female,1.0,Graduate,No,0.1134020618556701,0.06122448979591837,0.2222222222222222,0.5116666666666667,0.09080841638981174,Rejected,0.2307999999999999,0.49522066300589795
Female,1.0,Graduate,Yes,0.2268041237113402,0.20153061224489796,0.4444444444444445,0.6816666666666666,0.18826135105204875,Rejected,0.7667999999999999,0.27903193003864146
Female,0.8,Graduate,Yes,0.4020618556701031,0.288265306122449,0.6666666666666665,0.9233333333333333,0.28128460686600226,Approved,0.5316000000000001,0.29977628635346765
Female,0.4,Not Graduate,Yes,0.7319587628865979,0.38010204081632654,1.0,0.7933333333333334,0.602436323366556,Approved,0.2327999999999999,0.580638600772829
Female,0.2,Graduate,Yes,0.8041237113402061,0.6198979591836734,0.5555555555555556,0.5816666666666668,0.4761904761904762,Approved,0.6300000000000001,0.20622330689444787
Male,0.6000000000000001,Not Graduate,No,0.7938144329896907,0.7066326530612245,0.1111111111111111,0.15666666666666673,0.6389811738648948,Rejected,0.8176000000000001,0.26947325605043737
Female,0.8,Not Graduate,No,0.7216494845360825,0.4744897959183674,0.7777777777777777,0.1183333333333334,0.48837209302325585,Rejected,0.44999999999999996,0.32621517185275584
Female,0.6000000000000001,Not Graduate,No,0.6185567010309277,0.32908163265306123,0.6666666666666665,0.6783333333333335,0.5869324473975638,Approved,0.25159999999999993,0.6701240593858043
Female,0.4,Not Graduate,Yes,0.5670103092783505,0.45408163265306123,1.0,0.31833333333333336,0.31118493909191586,Rejected,0.6699999999999999,0.16778523489932887
Male,0.0,Graduate,Yes,0.5773195876288659,0.3520408163265306,0.7777777777777777,0.45000000000000007,0.3554817275747509,Approved,0.37239999999999995,0.31624974577994713
Female,0.2,Not Graduate,No,0.07216494845360825,0.0816326530612245,0.8888888888888888,0.15833333333333333,0.079734219269103,Rejected,0.9556,0.28899735611145005
Male,0.0,Not Graduate,Yes,0.20618556701030927,0.18367346938775508,0.4444444444444445,0.32833333333333337,0.12735326688815063,Rejected,0.7635999999999998,0.17022574740695548
Female,0.6000000000000001,Not Graduate,Yes,0.16494845360824742,0.12755102040816327,0.6666666666666665,0.2333333333333334,0.07087486157253599,Rejected,0.5775999999999999,0.10839943054708154
Male,0.0,Not Graduate,Yes,0.061855670103092786,0.05357142857142857,0.7777777777777777,0.875,0.049833887043189376,Approved,0.6000000000000001,0.2627618466544641
Male,0.4,Graduate,Yes,0.7628865979381443,0.45408163265306123,0.6666666666666665,0.033333333333333326,0.5924695459579181,Approved,0.3528,0.45312182224933906
Female,0.4,Graduate,Yes,0.4020618556701031,0.33673469387755106,0.1111111111111111,0.9100000000000001,0.33333333333333337,Approved,0.7172000000000001,0.3068944478340452
Female,0.6000000000000001,Graduate,Yes,0.4536082474226804,0.27040816326530615,0.5555555555555556,0.9266666666666667,0.34219269102990035,Approved,0.348,0.431563961765304
Male,0.6000000000000001,Graduate,No,0.21649484536082472,0.16581632653061223,0.4444444444444445,0.19666666666666666,0.141749723145072,Rejected,0.5828,0.24222086638194026
Female,0.0,Not Graduate,Yes,0.8041237113402061,0.5306122448979591,0.2222222222222222,0.010000000000000009,0.7131782945736435,Approved,0.4551999999999998,0.4720357941834452
Male,0.4,Not Graduate,Yes,0.3711340206185567,0.3622448979591837,0.7777777777777777,0.44500000000000006,0.20044296788482838,Rejected,0.9263999999999999,0.10697579825096606
Male,0.4,Not Graduate,Yes,0.9587628865979381,0.9311224489795918,0.2222222222222222,0.32166666666666677,0.8394241417497232,Approved,0.9496,0.2686597518812285
Male,0.4,Graduate,No,0.9381443298969072,0.5331632653061225,0.0,0.3483333333333334,0.5249169435215948,Approved,0.31199999999999983,0.3060809436648363
Male,0.8,Graduate,No,0.4639175257731959,0.4260204081632653,0.1111111111111111,0.10666666666666669,0.3554817275747509,Rejected,0.8468,0.23632296115517595
Male,1.0,Not Graduate,No,0.5979381443298969,0.6045918367346939,1.0,0.5650000000000002,0.3200442967884829,Rejected,1.0,0.09579011592434414
Female,0.4,Graduate,Yes,0.5463917525773195,0.5459183673469388,0.0,0.015000000000000013,0.460686600221484,Rejected,0.978,0.24100061012812693
Male,0.0,Not Graduate,Yes,0.4536082474226804,0.36989795918367346,0.2222222222222222,0.22166666666666668,0.3776301218161684,Rejected,0.6868000000000001,0.32153752287980475
Male,1.0,Not Graduate,No,0.9999999999999999,0.8494897959183673,1.0,0.4666666666666667,0.7696566998892581,Rejected,0.7576,0.2704901362619484
Female,0.2,Graduate,Yes,0.6185567010309277,0.4056122448979592,0.1111111111111111,0.9800000000000002,0.44075304540420823,Approved,0.44520000000000004,0.3520439292251373
Male,0.8,Not Graduate,Yes,0.020618556701030927,0.020408163265306124,0.2222222222222222,0.5733333333333335,0.032115171650055375,Rejected,0.5,0.4575960951799878
Female,0.2,Not Graduate,Yes,0.7835051546391752,0.5586734693877551,0.4444444444444445,0.7716666666666667,0.48837209302325585,Approved,0.5384,0.2552369330892821
Female,0.0,Graduate,Yes,0.27835051546391754,0.2678571428571429,1.0,0.6566666666666667,0.2093023255813954,Approved,0.8896000000000002,0.21090095586739885
Female,0.6000000000000001,Not Graduate,No,0.03092783505154639,0.022959183673469385,0.2222222222222222,0.7616666666666667,0.031007751937984503,Rejected,0.3599999999999999,0.3898718730933496
Male,0.0,Not Graduate,No,0.23711340206185563,0.1683673469387755,0.5555555555555556,0.28500000000000003,0.19269102990033224,Rejected,0.5039999999999998,0.3721781574130567
Male,1.0,Not Graduate,No,0.9072164948453608,0.8903061224489796,0.0,0.2283333333333334,0.7142857142857144,Rejected,0.9643999999999999,0.22249339027862522
Male,0.8,Not Graduate,Yes,0.5154639175257731,0.28316326530612246,0.4444444444444445,0.17666666666666675,0.37320044296788485,Rejected,0.27680000000000005,0.45576571079926786
Female,1.0,Not Graduate,No,0.5979381443298969,0.49489795918367346,1.0,0.1266666666666667,0.5271317829457365,Rejected,0.7132000000000001,0.3430953833638397
Male,0.2,Graduate,No,0.5051546391752577,0.34438775510204084,0.6666666666666665,0.08333333333333337,0.26799557032115173,Rejected,0.48239999999999994,0.21008745169818996
Female,1.0,Not Graduate,Yes,0.8041237113402061,0.5663265306122449,1.0,0.8066666666666666,0.5681063122923589,Approved,0.5247999999999999,0.3148261134838316
Male,0.8,Graduate,Yes,0.9278350515463917,0.6403061224489796,0.6666666666666665,0.7750000000000001,0.6434108527131783,Approved,0.5044,0.31584299369534274
Female,0.8,Not Graduate,No,0.9896907216494845,0.8137755102040816,0.8888888888888888,0.4883333333333334,0.6400885935769658,Rejected,0.7143999999999999,0.21496847671344319
Male,0.6000000000000001,Graduate,Yes,0.7628865979381443,0.7576530612244897,0.4444444444444445,0.07333333333333336,0.7862679955703212,Approved,0.9788000000000001,0.33150294895261334
Male,0.2,Graduate,No,0.5051546391752577,0.29336734693877553,0.5555555555555556,0.023333333333333317,0.434108527131783,Rejected,0.3256,0.529997966239577
Male,0.8,Graduate,Yes,0.13402061855670103,0.07653061224489796,0.7777777777777777,0.13666666666666671,0.07198228128460686,Rejected,0.28,0.2727272727272728
Female,0.4,Not Graduate,Yes,0.6185567010309277,0.413265306122449,0.1111111111111111,0.3500000000000001,0.4750830564784054,Approved,0.4643999999999999,0.3811267032743543
Female,0.4,Graduate,Yes,0.6288659793814433,0.6198979591836734,0.3333333333333333,0.27333333333333343,0.32558139534883723,Rejected,0.962,0.09375635550132197
Male,0.2,Graduate,Yes,0.5463917525773195,0.37244897959183676,0.0,0.17166666666666675,0.4396456256921374,Approved,0.48360000000000003,0.3947528981086028
Male,0.6000000000000001,Not Graduate,No,0.8144329896907216,0.7678571428571428,0.5555555555555556,0.51,0.4994462901439646,Rejected,0.9012,0.15192190359975596
Female,0.2,Graduate,No,0.6288659793814433,0.5535714285714285,1.0,0.5766666666666667,0.398671096345515,Approved,0.7968,0.18405531828350621
Female,0.2,Graduate,No,0.09278350515463918,0.08418367346938777,1.0,0.32500000000000007,0.06533776301218162,Rejected,0.7092,0.20337604230221681
Female,0.6000000000000001,Not Graduate,Yes,0.7216494845360825,0.5433673469387755,0.0,0.5433333333333334,0.469545957918051,Approved,0.6000000000000001,0.25035590807402897
Male,0.2,Not Graduate,Yes,0.288659793814433,0.14540816326530612,0.7777777777777777,0.3633333333333334,0.22812846068660025,Rejected,0.19999999999999996,0.5592841163310962
Female,1.0,Graduate,No,0.2577319587628866,0.18622448979591835,0.3333333333333333,0.7433333333333334,0.14728682170542637,Rejected,0.526,0.2141549725442343
Male,0.0,Not Graduate,No,0.49484536082474223,0.40816326530612246,0.5555555555555556,0.7283333333333335,0.24141749723145076,Approved,0.704,0.12446613788895669
Female,0.0,Not Graduate,No,0.845360824742268,0.5612244897959183,0.6666666666666665,0.1183333333333334,0.4761904761904762,Approved,0.46199999999999997,0.2432377465934513
Male,0.2,Graduate,No,0.7731958762886597,0.6887755102040816,0.3333333333333333,0.3483333333333334,0.4750830564784054,Approved,0.8180000000000001,0.17002237136465329
Female,0.2,Graduate,No,0.4639175257731959,0.3494897959183674,0.0,0.18500000000000005,0.2613510520487265,Rejected,0.5915999999999999,0.19605450477933703
Female,0.4,Not Graduate,No,0.422680412371134,0.29336734693877553,1.0,0.6683333333333334,0.36877076411960136,Approved,0.49760000000000004,0.42830994508846854
Female,1.0,Not Graduate,No,0.23711340206185563,0.21683673469387754,0.4444444444444445,0.7816666666666667,0.17497231450719825,Rejected,0.808,0.22188326215171852
Female,1.0,Not Graduate,Yes,0.4329896907216495,0.3112244897959184,0.2222222222222222,0.7333333333333334,0.28128460686600226,Rejected,0.5364,0.26723611958511295
Female,1.0,Not Graduate,No,0.5670103092783505,0.288265306122449,0.1111111111111111,0.9866666666666668,0.4772978959025471,Approved,0.21399999999999997,0.6101281269066504
Male,0.4,Not Graduate,No,0.5257731958762886,0.326530612244898,0.6666666666666665,0.19500000000000006,0.39534883720930236,Rejected,0.3887999999999999,0.40797234085824685
Female,1.0,Graduate,No,0.4536082474226804,0.35969387755102045,0.2222222222222222,0.8083333333333333,0.36877076411960136,Rejected,0.6519999999999999,0.32336790726052467
Female,0.6000000000000001,Not Graduate,No,0.020618556701030927,0.020408163265306124,0.7777777777777777,0.3400000000000001,0.01550387596899225,Rejected,0.5,0.18019117347976407
Female,0.0,Not Graduate,No,0.1958762886597938,0.14285714285714285,0.6666666666666665,0.17000000000000004,0.10852713178294573,Rejected,0.524,0.19910514541387028
Male,0.4,Graduate,Yes,0.10309278350515465,0.0816326530612245,0.7777777777777777,0.4,0.09745293466223699,Rejected,0.5668,0.3821435834858654
Female,0.4,Graduate,Yes,0.8041237113402061,0.7168367346938775,0.4444444444444445,0.5116666666666667,0.6135105204872647,Approved,0.8199999999999998,0.24710189139719343
Male,0.2,Graduate,Yes,0.49484536082474223,0.4872448979591837,0.4444444444444445,0.18333333333333335,0.372093023255814,Rejected,0.952,0.20398617042912345
Female,0.0,Not Graduate,No,0.8556701030927835,0.43112244897959184,0.5555555555555556,0.54,0.42303433001107427,Approved,0.2096,0.303843807199512
Female,0.8,Graduate,No,0.4536082474226804,0.4158163265306123,0.7777777777777777,0.8416666666666668,0.29568106312292364,Rejected,0.8435999999999999,0.17958104535285743
Male,0.4,Graduate,No,0.4536082474226804,0.4030612244897959,0.8888888888888888,0.6816666666666666,0.3864894795127354,Approved,0.8,0.2934716290420989
Female,0.4,Not Graduate,Yes,0.8556701030927835,0.7806122448979591,0.6666666666666665,0.3516666666666667,0.6057585825027686,Approved,0.8539999999999999,0.21008745169818996
Male,0.2,Graduate,Yes,0.7835051546391752,0.6326530612244897,0.8888888888888888,0.7766666666666668,0.44850498338870437,Approved,0.6872,0.1787675411836486
Male,0.6000000000000001,Not Graduate,Yes,0.12371134020618556,0.08928571428571429,0.7777777777777777,0.2516666666666667,0.10631229235880399,Rejected,0.48560000000000003,0.38275371161277205
Female,0.2,Not Graduate,Yes,0.36082474226804123,0.2525510204081633,0.1111111111111111,0.245,0.2170542635658915,Rejected,0.5027999999999999,0.2462883872279846
Male,0.6000000000000001,Not Graduate,Yes,0.08247422680412371,0.05612244897959184,0.8888888888888888,0.7716666666666667,0.05094130675526025,Rejected,0.3999999999999999,0.25422005287777105
Female,1.0,Not Graduate,No,0.07216494845360825,0.07142857142857144,1.0,0.8900000000000001,0.054263565891472874,Rejected,0.7776000000000001,0.19524100061012814
Female,0.4,Graduate,No,0.556701030927835,0.489795918367347,0.3333333333333333,0.21500000000000008,0.40088593576965675,Rejected,0.7928000000000002,0.22920479967459836
Male,0.8,Not Graduate,No,0.30927835051546393,0.26275510204081637,0.7777777777777777,0.655,0.2713178294573644,Rejected,0.7247999999999999,0.3251982916412447
Male,0.2,Graduate,No,0.27835051546391754,0.2755102040816327,1.0,0.29666666666666675,0.20155038759689925,Rejected,0.9312,0.18832621517185275
Male,0.4,Graduate,Yes,0.010309278350515465,0.012755102040816325,0.4444444444444445,0.7533333333333334,0.021040974529346626,Approved,0.4667999999999999,0.43217408989221073
Male,0.0,Graduate,Yes,0.2268041237113402,0.14285714285714285,0.6666666666666665,0.03166666666666673,0.20598006644518274,Rejected,0.3832,0.5023388244864756
Female,0.6000000000000001,Graduate,No,0.49484536082474223,0.4413265306122449,0.3333333333333333,0.0050000000000000044,0.38981173864894797,Rejected,0.808,0.25889770185072203
Female,0.6000000000000001,Not Graduate,Yes,0.49484536082474223,0.41836734693877553,1.0,0.20000000000000007,0.3466223698781839,Rejected,0.736,0.2334756965629449
Male,0.4,Not Graduate,Yes,0.0,0.007653061224489796,0.3333333333333333,0.42000000000000004,0.012181616832779624,Rejected,0.6000000000000001,0.35590807402887936
Female,0.6000000000000001,Not Graduate,Yes,0.5979381443298969,0.4005102040816327,0.5555555555555556,0.51,0.45293466223698786,Rejected,0.4667999999999999,0.37238153345535896
Female,0.4,Not Graduate,No,0.556701030927835,0.3418367346938776,0.0,0.43000000000000005,0.38981173864894797,Approved,0.37840000000000007,0.3760423022167989
Female,0.2,Not Graduate,No,0.443298969072165,0.30867346938775514,0.2222222222222222,0.3400000000000001,0.33333333333333337,Rejected,0.5024,0.3477730323367907
Female,1.0,Not Graduate,Yes,0.0,0.0,0.3333333333333333,0.18666666666666676,0.00221483942414175,Rejected,0.0,0.25422005287777105
Male,0.8,Not Graduate,Yes,0.6185567010309277,0.45918367346938777,0.1111111111111111,1.0,0.460686600221484,Approved,0.5808,0.31421598535692497
Male,0.8,Not Graduate,Yes,0.9896907216494845,0.5994897959183673,0.3333333333333333,0.5566666666666666,0.7242524916943522,Approved,0.37159999999999993,0.4098027252389669
Female,1.0,Graduate,Yes,0.3814432989690722,0.22193877551020408,0.3333333333333333,0.06666666666666665,0.2823920265780731,Rejected,0.32319999999999993,0.4327842180191174
Male,0.6000000000000001,Not Graduate,Yes,0.8350515463917525,0.5255102040816326,0.1111111111111111,0.5250000000000001,0.363233665559247,Approved,0.4071999999999998,0.17063249949155992
Male,0.4,Graduate,Yes,0.4845360824742268,0.3035714285714286,0.8888888888888888,0.08833333333333337,0.274640088593577,Rejected,0.396,0.26764287166971734
Male,0.8,Graduate,Yes,0.6907216494845361,0.40816326530612246,0.3333333333333333,0.51,0.372093023255814,Approved,0.3448,0.2717103925157617
Female,0.4,Not Graduate,No,0.443298969072165,0.3622448979591837,0.8888888888888888,0.33000000000000007,0.2879291251384275,Rejected,0.6888000000000001,0.2178157413056742
Female,0.8,Not Graduate,No,0.7525773195876289,0.5510204081632653,0.0,0.4750000000000001,0.6002214839424143,Approved,0.5679999999999998,0.35448444173276383
Female,0.2,Not Graduate,Yes,0.21649484536082472,0.15561224489795916,0.3333333333333333,0.4633333333333334,0.16611295681063126,Approved,0.5131999999999999,0.33679072605247107
Male,0.2,Graduate,No,0.7422680412371133,0.38775510204081637,0.0,0.655,0.5149501661129569,Approved,0.238,0.4628838722798454
Female,0.8,Graduate,No,0.4742268041237114,0.35714285714285715,0.2222222222222222,0.8250000000000002,0.212624584717608,Rejected,0.5915999999999999,0.12629652226967666
Female,0.2,Graduate,No,0.24742268041237112,0.24489795918367344,0.2222222222222222,0.4900000000000001,0.17718715393134,Rejected,0.9232,0.18446207036811066
Male,0.6000000000000001,Not Graduate,Yes,0.2577319587628866,0.26275510204081637,0.3333333333333333,0.9000000000000001,0.1550387596899225,Rejected,0.9704000000000002,0.12365263371974786
Female,0.6000000000000001,Not Graduate,No,0.36082474226804123,0.27040816326530615,0.7777777777777777,0.0016666666666667052,0.2513842746400886,Rejected,0.5784,0.2784218019117348
Female,0.8,Graduate,Yes,0.24742268041237112,0.23214285714285712,0.8888888888888888,0.30166666666666675,0.19601328903654489,Rejected,0.8460000000000001,0.23917022574740696
Male,1.0,Not Graduate,Yes,0.8865979381443299,0.5816326530612245,0.7777777777777777,0.385,0.5880398671096346,Rejected,0.44999999999999996,0.31848688224527155
Male,0.4,Not Graduate,No,0.7525773195876289,0.3852040816326531,0.3333333333333333,0.053333333333333344,0.4440753045404209,Rejected,0.22119999999999995,0.38234695952816755
Male,0.0,Graduate,No,0.4639175257731959,0.4642857142857143,0.1111111111111111,0.3600000000000001,0.2823920265780731,Approved,0.9743999999999999,0.13219442749644092
Female,0.4,Not Graduate,No,0.7113402061855669,0.6709183673469388,0.2222222222222222,0.7116666666666667,0.6079734219269104,Approved,0.8984000000000001,0.27028676021964615
Female,0.6000000000000001,Not Graduate,Yes,0.5463917525773195,0.48469387755102045,0.4444444444444445,0.07333333333333336,0.37984496124031014,Rejected,0.8035999999999999,0.2131380923327232
Female,0.4,Graduate,No,0.9587628865979381,0.7959183673469388,0.5555555555555556,0.5833333333333335,0.7464008859357697,Approved,0.7263999999999999,0.28513321130770797
Male,0.6000000000000001,Graduate,Yes,0.4123711340206186,0.3852040816326531,0.3333333333333333,0.10333333333333339,0.3975636766334441,Rejected,0.8668,0.3268252999796625
Male,1.0,Graduate,Yes,0.6907216494845361,0.4668367346938776,0.8888888888888888,0.011666666666666714,0.41417497231450723,Rejected,0.47839999999999994,0.26072808623144195
Female,1.0,Graduate,No,0.9999999999999999,0.6198979591836734,0.0,0.3833333333333334,0.7751937984496124,Approved,0.3939999999999999,0.4295302013422819
Female,1.0,Graduate,No,0.6701030927835051,0.4438775510204082,0.2222222222222222,0.30333333333333334,0.41417497231450723,Rejected,0.4567999999999999,0.2818791946308725
Male,0.0,Not Graduate,Yes,0.9381443298969072,0.5586734693877551,0.6666666666666665,0.6683333333333334,0.5747508305647842,Approved,0.3548,0.3266219239373602
Male,0.4,Graduate,No,0.556701030927835,0.43112244897959184,0.7777777777777777,0.4766666666666667,0.3765227021040975,Approved,0.6284000000000001,0.25422005287777105
Male,0.0,Graduate,Yes,0.8144329896907216,0.4413265306122449,0.7777777777777777,0.14,0.7751937984496124,Approved,0.2692,0.6609721374822046
Male,0.8,Not Graduate,No,0.5979381443298969,0.451530612244898,0.8888888888888888,0.9700000000000002,0.31561461794019935,Rejected,0.6000000000000001,0.17408989221069762
Female,1.0,Not Graduate,Yes,0.4123711340206186,0.2780612244897959,0.0,0.7633333333333334,0.274640088593577,Rejected,0.4667999999999999,0.30506406345332526
Male,1.0,Graduate,No,0.14432989690721648,0.09438775510204082,0.8888888888888888,0.3816666666666667,0.09302325581395349,Rejected,0.3999999999999999,0.2948952613382144
Female,0.6000000000000001,Graduate,Yes,0.061855670103092786,0.030612244897959183,0.0,0.4816666666666667,0.0487264673311185,Rejected,0.1499999999999999,0.49827130364043126
Female,0.2,Graduate,No,0.03092783505154639,0.025510204081632654,0.2222222222222222,0.6166666666666667,0.035437430786268,Rejected,0.43999999999999995,0.41061622940817577
Female,1.0,Not Graduate,Yes,0.422680412371134,0.3520408163265306,0.5555555555555556,0.3866666666666667,0.3820598006644519,Rejected,0.7116,0.350823672971324
Male,0.0,Not Graduate,No,0.3917525773195876,0.3112244897959184,0.8888888888888888,0.9466666666666668,0.31118493909191586,Approved,0.6499999999999999,0.31116534472239166
Male,0.4,Not Graduate,No,0.27835051546391754,0.17857142857142858,0.0,0.7933333333333334,0.2524916943521595,Approved,0.40679999999999983,0.4937970307097824
Male,1.0,Graduate,Yes,0.21649484536082472,0.22448979591836735,0.7777777777777777,0.5733333333333335,0.17607973421926912,Rejected,0.9827999999999999,0.21171446003660768
Male,0.0,Graduate,Yes,0.16494845360824742,0.14540816326530612,0.5555555555555556,0.5966666666666667,0.12956810631229237,Approved,0.7332000000000001,0.25767744559690864
Female,0.2,Graduate,Yes,0.8762886597938144,0.8571428571428571,0.4444444444444445,0.7766666666666668,0.4994462901439646,Approved,0.9587999999999999,0.12039861704291235
Male,0.6000000000000001,Not Graduate,No,0.7835051546391752,0.5306122448979591,0.5555555555555556,0.6950000000000001,0.416389811738649,Rejected,0.482,0.21374822045962985
Male,0.4,Graduate,No,0.30927835051546393,0.15306122448979592,0.4444444444444445,0.06500000000000006,0.16389811738648952,Rejected,0.1876,0.3382143583485865
Female,0.0,Not Graduate,No,0.14432989690721648,0.10714285714285715,0.8888888888888888,0.2716666666666667,0.08416389811738649,Rejected,0.5247999999999999,0.20907057148667887
Male,0.8,Not Graduate,No,0.2268041237113402,0.17857142857142858,0.1111111111111111,0.4,0.1373200442967885,Rejected,0.6168,0.20398617042912345
Female,0.2,Graduate,No,0.16494845360824742,0.14285714285714285,0.7777777777777777,0.8400000000000001,0.09856035437430787,Approved,0.7112,0.16798861094163112
Female,0.2,Graduate,No,0.7525773195876289,0.4005102040816327,0.4444444444444445,0.4016666666666667,0.5304540420819491,Approved,0.2532,0.46146023998373
Female,0.8,Not Graduate,Yes,0.6701030927835051,0.46173469387755106,0.4444444444444445,0.1183333333333334,0.25470653377630126,Rejected,0.49839999999999995,0.10616229408175717
Female,1.0,Graduate,No,0.5773195876288659,0.3418367346938776,0.2222222222222222,0.11499999999999999,0.3089700996677741,Rejected,0.3448,0.26764287166971734
Female,0.0,Not Graduate,No,0.03092783505154639,0.03826530612244898,0.0,0.585,0.02436323366555925,Rejected,0.8400000000000001,0.14114297335773848
Female,0.0,Graduate,Yes,0.9484536082474226,0.7755102040816326,0.4444444444444445,0.29500000000000004,0.5714285714285715,Approved,0.7063999999999999,0.1919869839332927
Female,0.8,Not Graduate,No,0.14432989690721648,0.15051020408163265,0.8888888888888888,0.42333333333333334,0.11295681063122924,Rejected,0.95,0.19524100061012814
Female,0.0,Graduate,Yes,0.9381443298969072,0.6301020408163265,0.6666666666666665,0.10333333333333339,0.8183831672203766,Approved,0.47520000000000007,0.4519015659955258
Male,1.0,Graduate,No,0.36082474226804123,0.3494897959183674,0.0,0.28166666666666673,0.16389811738648952,Rejected,0.9136,0.06833435021354486
Male,0.6000000000000001,Not Graduate,No,0.07216494845360825,0.04081632653061224,0.5555555555555556,0.41166666666666674,0.06423034330011074,Rejected,0.24440000000000006,0.5110839943054708
Male,0.8,Not Graduate,No,0.03092783505154639,0.025510204081632654,0.2222222222222222,0.8483333333333334,0.016611295681063128,Rejected,0.43999999999999995,0.14480374211917837
Male,0.2,Graduate,Yes,0.7835051546391752,0.4056122448979592,0.0,0.05833333333333335,0.5260243632336656,Approved,0.2307999999999999,0.44885092536099247
Female,1.0,Not Graduate,Yes,0.5257731958762886,0.3418367346938776,0.8888888888888888,0.6800000000000002,0.3676633444075305,Rejected,0.43399999999999994,0.34634940004067516
Male,0.0,Graduate,No,0.010309278350515465,0.01020408163265306,0.7777777777777777,0.7983333333333333,0.0132890365448505,Approved,0.33320000000000005,0.31238560097620505
Female,0.0,Graduate,Yes,0.49484536082474223,0.5,0.2222222222222222,0.7466666666666668,0.3399778516057586,Approved,0.992,0.16534472239170225
Male,0.0,Graduate,No,0.7938144329896907,0.721938775510204,0.8888888888888888,0.4016666666666667,0.36434108527131787,Approved,0.8480000000000001,0.08419768151311774
Male,0.8,Graduate,No,0.5257731958762886,0.39540816326530615,0.0,0.3783333333333334,0.35658914728682173,Rejected,0.5923999999999998,0.2670327435428107
Male,0.0,Not Graduate,Yes,0.5463917525773195,0.38265306122448983,0.1111111111111111,0.9316666666666669,0.4208194905869325,Approved,0.5127999999999999,0.35794183445190153
Female,0.0,Graduate,No,0.13402061855670103,0.13520408163265304,0.8888888888888888,0.5066666666666668,0.11295681063122924,Approved,0.8932,0.2324588163514338
Male,1.0,Graduate,No,0.6597938144329897,0.5051020408163265,0.8888888888888888,0.08000000000000007,0.4285714285714286,Rejected,0.6179999999999999,0.2430343705511491
Female,0.8,Graduate,Yes,0.6185567010309277,0.4056122448979592,1.0,0.7233333333333334,0.34772978959025475,Approved,0.44520000000000004,0.24669513931258905
Female,0.6000000000000001,Graduate,No,0.6288659793814433,0.4260204081632653,0.7777777777777777,0.14666666666666672,0.3621262458471761,Rejected,0.47919999999999985,0.24344112263575354
Male,0.0,Graduate,Yes,0.3711340206185567,0.1989795918367347,1.0,0.885,0.19379844961240314,Approved,0.2528,0.2969290217612366
Male,1.0,Not Graduate,No,0.03092783505154639,0.030612244897959183,0.2222222222222222,0.22166666666666668,0.031007751937984503,Rejected,0.6000000000000001,0.2812690665039659
Male,0.4,Graduate,Yes,0.49484536082474223,0.3979591836734694,0.7777777777777777,0.665,0.4385382059800665,Approved,0.6720000000000002,0.3591620907057149
Female,0.0,Not Graduate,No,0.443298969072165,0.4285714285714286,0.3333333333333333,0.0050000000000000044,0.407530454042082,Rejected,0.9199999999999999,0.28981086028065894
Male,0.8,Not Graduate,No,0.08247422680412371,0.08928571428571429,0.0,0.5183333333333333,0.06866002214839424,Rejected,0.9199999999999999,0.200732153752288
Female,0.4,Graduate,No,0.15463917525773194,0.08673469387755102,1.0,0.43000000000000005,0.13953488372093026,Rejected,0.2704,0.5621313809233273
Female,0.8,Graduate,Yes,0.10309278350515465,0.11479591836734694,0.0,0.7533333333333334,0.07641196013289037,Rejected,1.0,0.15680292861500914
Male,1.0,Not Graduate,Yes,0.8556701030927835,0.6505102040816326,0.6666666666666665,0.81,0.7552602436323367,Approved,0.6140000000000001,0.3882448647549318
Male,0.0,Graduate,No,0.8659793814432989,0.7321428571428571,0.8888888888888888,0.30166666666666675,0.6256921373200444,Approved,0.7487999999999999,0.2464917632702868
Female,0.4,Graduate,No,0.020618556701030927,0.025510204081632654,0.7777777777777777,0.3450000000000001,0.019933554817275746,Rejected,0.7,0.19158023184868825
Female,0.8,Graduate,No,0.8762886597938144,0.4974489795918367,0.6666666666666665,0.6916666666666667,0.7419712070874862,Approved,0.3103999999999999,0.5397600162700834
Female,0.0,Not Graduate,No,0.16494845360824742,0.1377551020408163,1.0,0.15333333333333332,0.11849390919158362,Rejected,0.6667999999999998,0.24344112263575354
Male,0.0,Graduate,Yes,0.4639175257731959,0.4438775510204082,0.7777777777777777,0.9783333333333335,0.28460686600221485,Approved,0.9064000000000001,0.14744763066910724
Female,0.0,Not Graduate,No,0.7319587628865979,0.5433673469387755,0.0,0.29833333333333334,0.5891472868217055,Approved,0.5835999999999999,0.3520439292251373
Male,0.4,Graduate,No,0.845360824742268,0.8112244897959183,1.0,0.046666666666666745,0.53156146179402,Rejected,0.9284000000000001,0.15415904006508033
Female,0.4,Graduate,Yes,0.4742268041237114,0.32142857142857145,0.3333333333333333,0.7333333333333334,0.2713178294573644,Approved,0.47520000000000007,0.23998372991661585
Female,0.4,Graduate,No,0.9278350515463917,0.8647959183673469,0.0,0.26,0.6046511627906977,Approved,0.8868,0.17449664429530207
Male,0.2,Not Graduate,No,0.6185567010309277,0.5306122448979591,0.4444444444444445,0.27833333333333343,0.6035437430786269,Approved,0.7612000000000001,0.37665243034370555
Female,0.0,Graduate,Yes,0.0,0.01020408163265306,0.4444444444444445,0.4783333333333334,0.00221483942414175,Rejected,0.8,0.021761236526337213
Male,0.0,Not Graduate,Yes,0.23711340206185563,0.16326530612244897,0.7777777777777777,0.44833333333333336,0.16611295681063126,Approved,0.472,0.31502948952613385
Male,0.6000000000000001,Not Graduate,Yes,0.8041237113402061,0.6147959183673469,0.6666666666666665,0.16500000000000004,0.6234772978959026,Rejected,0.6199999999999999,0.3201138905836892
Female,0.2,Not Graduate,No,0.4536082474226804,0.38010204081632654,0.1111111111111111,0.4883333333333334,0.363233665559247,Rejected,0.7216,0.291641244661379
Male,0.6000000000000001,Not Graduate,Yes,0.4845360824742268,0.3163265306122449,0.3333333333333333,0.18166666666666675,0.31118493909191586,Rejected,0.4368000000000001,0.303843807199512
Male,0.8,Not Graduate,No,0.9587628865979381,0.5357142857142857,0.8888888888888888,0.08833333333333337,0.6345514950166113,Rejected,0.29679999999999995,0.39841366687004276
Female,1.0,Graduate,Yes,0.443298969072165,0.288265306122449,1.0,0.010000000000000009,0.26467331118493914,Rejected,0.4311999999999998,0.2735407768964817
Male,0.4,Graduate,Yes,0.5876288659793814,0.3545918367346939,0.5555555555555556,0.33166666666666667,0.49833887043189373,Approved,0.3628,0.4976611755135245
Male,0.8,Graduate,No,0.4123711340206186,0.364795918367347,0.2222222222222222,0.040000000000000036,0.2934662236987819,Rejected,0.7904,0.22208663819402077
Male,0.4,Not Graduate,Yes,0.3195876288659794,0.2806122448979592,0.2222222222222222,0.5783333333333334,0.3089700996677741,Approved,0.7696000000000001,0.35672157819808825
Female,0.4,Graduate,Yes,0.4845360824742268,0.3137755102040817,0.0,0.7783333333333333,0.27574750830564787,Approved,0.4284000000000001,0.2558470612161887
Male,0.8,Not Graduate,No,0.5257731958762886,0.2653061224489796,0.5555555555555556,0.8683333333333334,0.5027685492801772,Approved,0.2076,0.7179174293268253
Female,0.8,Not Graduate,No,0.7216494845360825,0.4438775510204082,0.2222222222222222,0.06333333333333335,0.5957918050941308,Rejected,0.3832,0.4702054098027252
Female,0.0,Graduate,No,0.845360824742268,0.6122448979591837,0.1111111111111111,0.8083333333333333,0.6279069767441862,Approved,0.5571999999999999,0.32540166768354695
Male,0.6000000000000001,Graduate,No,0.3711340206185567,0.29336734693877553,0.1111111111111111,0.6566666666666667,0.14950166112956814,Rejected,0.6419999999999999,0.0870449461053488
Male,0.0,Not Graduate,No,0.9999999999999999,0.5612244897959183,1.0,0.5216666666666667,0.7242524916943522,Approved,0.3012,0.4476306691071792
Male,0.8,Graduate,Yes,0.27835051546391754,0.20408163265306123,0.4444444444444445,0.030000000000000027,0.28128460686600226,Rejected,0.5448,0.47956070774862725
Female,0.6000000000000001,Not Graduate,Yes,0.5979381443298969,0.46938775510204084,0.8888888888888888,0.8050000000000002,0.44296788482835,Approved,0.6468,0.28676021964612575
Male,0.4,Not Graduate,No,0.15463917525773194,0.12755102040816327,1.0,0.7683333333333333,0.08305647840531562,Rejected,0.6472,0.15070164734594269
Male,0.8,Graduate,Yes,0.5257731958762886,0.29846938775510207,0.4444444444444445,0.04833333333333334,0.5271317829457365,Rejected,0.30559999999999987,0.6609721374822046
Male,1.0,Not Graduate,Yes,0.7525773195876289,0.375,0.6666666666666665,0.6016666666666668,0.5736434108527132,Approved,0.19999999999999996,0.5552165954850519
Male,0.8,Not Graduate,No,0.020618556701030927,0.015306122448979593,0.8888888888888888,0.06500000000000006,0.016611295681063128,Rejected,0.29999999999999993,0.27679479357331715
Male,0.2,Graduate,Yes,0.8350515463917525,0.4438775510204082,0.4444444444444445,0.6216666666666668,0.6810631229235881,Approved,0.2532,0.5586739882041896
Female,0.6000000000000001,Graduate,No,0.443298969072165,0.42346938775510207,0.8888888888888888,0.7466666666666668,0.40974529346622374,Approved,0.9023999999999999,0.29753914988814323
Female,0.6000000000000001,Graduate,No,0.4536082474226804,0.24744897959183673,0.1111111111111111,0.6700000000000002,0.31561461794019935,Approved,0.26959999999999995,0.43522473052674404
Male,0.8,Not Graduate,No,0.4639175257731959,0.25510204081632654,0.5555555555555556,0.6833333333333333,0.4241417497231451,Rejected,0.27639999999999987,0.6115517592027659
Male,0.0,Graduate,Yes,0.07216494845360825,0.0816326530612245,0.2222222222222222,0.05166666666666675,0.08859357696567,Rejected,0.9556,0.3355704697986577
Male,0.2,Not Graduate,No,0.2268041237113402,0.18622448979591835,0.5555555555555556,0.12,0.19601328903654489,Rejected,0.6667999999999998,0.33190970103721784
Male,0.0,Not Graduate,Yes,0.3814432989690722,0.23724489795918366,0.4444444444444445,0.8050000000000002,0.292358803986711,Approved,0.38480000000000003,0.41529387838112664
Female,0.0,Graduate,No,0.8350515463917525,0.7933673469387755,0.8888888888888888,0.43000000000000005,0.53156146179402,Approved,0.9132,0.16087044946105347
Male,0.8,Graduate,Yes,0.4639175257731959,0.3239795918367347,0.2222222222222222,0.42000000000000004,0.30786267995570327,Rejected,0.5064,0.28859060402684567
Female,0.8,Not Graduate,No,0.3814432989690722,0.26275510204081637,1.0,0.40666666666666673,0.25027685492801777,Rejected,0.48719999999999986,0.2887939800691479
Female,0.4,Not Graduate,No,0.020618556701030927,0.017857142857142856,0.2222222222222222,0.20833333333333337,0.018826135105204873,Rejected,0.3999999999999999,0.27455765710799274
Male,0.4,Not Graduate,Yes,0.15463917525773194,0.12244897959183675,0.8888888888888888,0.03500000000000003,0.12181616832779625,Rejected,0.6000000000000001,0.30201342281879195
Female,0.4,Graduate,Yes,0.6082474226804123,0.38775510204081637,0.3333333333333333,0.7633333333333334,0.36544850498338877,Approved,0.4163999999999999,0.2857433394346146
Female,1.0,Graduate,Yes,0.7319587628865979,0.4923469387755102,0.4444444444444445,0.1216666666666667,0.49612403100775204,Rejected,0.474,0.3164531218222494
Female,0.6000000000000001,Not Graduate,Yes,0.010309278350515465,0.005102040816326531,0.2222222222222222,0.9600000000000002,0.01550387596899225,Rejected,0.06679999999999997,0.5796217205613179
Female,0.4,Not Graduate,No,0.422680412371134,0.3622448979591837,0.4444444444444445,0.4900000000000001,0.34330011074197125,Rejected,0.7487999999999999,0.287980475899939
Male,0.6000000000000001,Not Graduate,No,0.7010309278350515,0.46173469387755106,0.8888888888888888,0.895,0.34772978959025475,Approved,0.4516,0.19890176937156803
Male,0.0,Not Graduate,Yes,0.4845360824742268,0.413265306122449,0.1111111111111111,0.5,0.34772978959025475,Approved,0.7467999999999999,0.2393736017897092
Female,0.8,Graduate,No,0.6185567010309277,0.30867346938775514,1.0,0.41166666666666674,0.5514950166112957,Approved,0.19999999999999996,0.6707341875127111
Male,0.2,Not Graduate,No,0.4020618556701031,0.39540816326530615,0.5555555555555556,0.21833333333333338,0.41528239202657813,Rejected,0.9416,0.33536709375635554
Male,0.0,Not Graduate,Yes,0.7319587628865979,0.5688775510204082,0.5555555555555556,0.9183333333333334,0.4031007751937985,Approved,0.6384000000000001,0.17856416514134635
Male,0.8,Not Graduate,Yes,0.9278350515463917,0.7091836734693877,0.5555555555555556,0.7666666666666668,0.7497231450719823,Approved,0.6215999999999999,0.34024811877160877
Male,0.0,Not Graduate,No,0.061855670103092786,0.05357142857142857,0.0,0.6933333333333334,0.05537098560354375,Rejected,0.6000000000000001,0.30506406345332526
Male,0.8,Not Graduate,No,0.27835051546391754,0.2780612244897959,0.4444444444444445,0.74,0.21151716500553713,Rejected,0.9448000000000001,0.2015456579214969
Female,0.6000000000000001,Not Graduate,No,0.8144329896907216,0.5433673469387755,0.1111111111111111,0.7333333333333334,0.5813953488372093,Approved,0.4667999999999999,0.3455358958714664
Male,0.0,Graduate,No,0.9381443298969072,0.5102040816326531,0.6666666666666665,0.7650000000000001,0.8372093023255814,Approved,0.2731999999999999,0.6089078706528371
Male,0.8,Graduate,Yes,0.9278350515463917,0.7423469387755102,0.6666666666666665,0.3616666666666667,0.5326688815060908,Approved,0.6784000000000001,0.18303843807199513
Male,0.6000000000000001,Not Graduate,Yes,0.29896907216494845,0.15306122448979592,0.8888888888888888,0.9916666666666667,0.221483942414175,Approved,0.2128,0.5059995932479154
Male,0.6000000000000001,Not Graduate,Yes,0.7010309278350515,0.3852040816326531,1.0,0.025000000000000022,0.5470653377630122,Rejected,0.28,0.5051860890787065
Female,0.8,Not Graduate,No,0.3814432989690722,0.21683673469387754,0.6666666666666665,0.3783333333333334,0.30011074197120713,Rejected,0.3023999999999999,0.48301810046776494
Female,0.6000000000000001,Graduate,No,0.5463917525773195,0.4974489795918367,0.6666666666666665,0.9216666666666669,0.31561461794019935,Approved,0.8400000000000001,0.14439699003457393
Female,0.0,Graduate,No,0.6597938144329897,0.3418367346938776,1.0,0.7450000000000001,0.3931339977851606,Approved,0.23039999999999994,0.3803131991051455
Female,0.4,Not Graduate,No,0.9999999999999999,0.798469387755102,0.7777777777777777,0.9866666666666668,0.7242524916943522,Approved,0.6768000000000001,0.2708968883465528
Male,0.8,Graduate,Yes,0.6597938144329897,0.5153061224489796,0.3333333333333333,0.9266666666666667,0.5348837209302326,Approved,0.6423999999999999,0.33068944478340456
Female,0.6000000000000001,Graduate,No,0.8659793814432989,0.5943877551020408,0.1111111111111111,0.040000000000000036,0.5537098560354375,Rejected,0.49760000000000004,0.2818791946308725
Male,1.0,Graduate,No,0.7938144329896907,0.721938775510204,0.5555555555555556,0.8533333333333335,0.7508305647840532,Approved,0.8480000000000001,0.3325198291641245
Male,1.0,Graduate,Yes,0.6804123711340205,0.5688775510204082,0.0,0.8400000000000001,0.48394241417497236,Approved,0.7296,0.24425462680496243
Male,0.8,Graduate,No,0.05154639175257732,0.03826530612244898,0.3333333333333333,0.9566666666666668,0.04208194905869325,Rejected,0.4284000000000001,0.32194427496440925
Male,0.4,Not Graduate,Yes,0.3711340206185567,0.24744897959183673,0.5555555555555556,0.3600000000000001,0.2823920265780731,Rejected,0.4528000000000001,0.3742119178360789
Male,1.0,Graduate,Yes,0.6907216494845361,0.45918367346938777,0.1111111111111111,0.17000000000000004,0.6046511627906977,Rejected,0.4608000000000001,0.4586129753914989
Female,0.2,Graduate,Yes,0.36082474226804123,0.30867346938775514,0.5555555555555556,0.050000000000000044,0.1904761904761905,Rejected,0.7404,0.13605857230018306
Female,0.2,Graduate,No,0.7938144329896907,0.6045918367346939,0.5555555555555556,0.9450000000000001,0.7774086378737542,Approved,0.6152,0.4458002847264593
Female,0.8,Graduate,Yes,0.8865979381443299,0.8647959183673469,0.7777777777777777,0.9066666666666667,0.6722037652270211,Approved,0.9544000000000001,0.21090095586739885
Female,1.0,Not Graduate,Yes,0.3195876288659794,0.1913265306122449,0.3333333333333333,0.01666666666666672,0.21040974529346626,Rejected,0.3455999999999999,0.35326418547895055
Male,0.8,Not Graduate,No,0.5773195876288659,0.3545918367346939,1.0,0.3916666666666667,0.4241417497231451,Rejected,0.3792,0.4016676835468782
Female,0.2,Graduate,Yes,0.7422680412371133,0.7448979591836734,0.7777777777777777,0.03833333333333333,0.5703211517165007,Rejected,0.9944000000000002,0.20520642668293673
Male,0.2,Graduate,No,0.8247422680412371,0.645408163265306,0.1111111111111111,0.6433333333333333,0.3233665559246955,Approved,0.6488,0.08257067317470002
Female,0.0,Not Graduate,Yes,0.3195876288659794,0.23724489795918366,0.3333333333333333,0.275,0.20044296788482838,Rejected,0.5635999999999999,0.2393736017897092
Male,0.8,Graduate,Yes,0.5257731958762886,0.2653061224489796,0.5555555555555556,0.41166666666666674,0.31118493909191586,Approved,0.2076,0.38926174496644295
Male,0.2,Not Graduate,No,0.5670103092783505,0.4795918367346939,0.5555555555555556,0.5816666666666668,0.4440753045404209,Approved,0.7404,0.2786251779540371
Female,0.4,Not Graduate,No,0.9072164948453608,0.7831632653061225,0.6666666666666665,0.6166666666666667,0.7785160575858251,Approved,0.7776000000000001,0.311368720764694
Male,0.6000000000000001,Graduate,No,0.5876288659793814,0.35969387755102045,0.4444444444444445,0.18000000000000005,0.37430786267995575,Rejected,0.37639999999999985,0.3304860687411023
Male,0.4,Not Graduate,No,0.5360824742268041,0.29591836734693877,0.2222222222222222,0.0050000000000000044,0.5105204872646734,Rejected,0.2816000000000001,0.6422615415904006
Female,0.0,Graduate,No,0.9896907216494845,0.8801020408163265,0.6666666666666665,0.32833333333333337,0.42303433001107427,Approved,0.8204,0.07301199918649584
Male,0.8,Graduate,Yes,0.9896907216494845,0.8622448979591837,0.6666666666666665,0.7333333333333334,0.611295681063123,Approved,0.792,0.1789709172259508
Female,0.8,Not Graduate,Yes,0.3711340206185567,0.20153061224489796,0.1111111111111111,0.015000000000000013,0.3089700996677741,Rejected,0.2631999999999999,0.5493186902582876
Female,0.0,Not Graduate,No,0.9587628865979381,0.6147959183673469,0.6666666666666665,0.7816666666666667,0.6799557032115172,Approved,0.4272,0.3626194834248525
Female,0.6000000000000001,Graduate,Yes,0.23711340206185563,0.17346938775510204,0.2222222222222222,0.20000000000000007,0.203765227021041,Rejected,0.5359999999999998,0.3860077282896075
Male,0.2,Graduate,No,0.17525773195876287,0.14540816326530612,1.0,0.4,0.08527131782945736,Rejected,0.6632,0.12202562538133013
Male,1.0,Graduate,Yes,0.4329896907216495,0.26275510204081637,1.0,0.8433333333333335,0.29014396456256925,Approved,0.3635999999999999,0.3577384584095993
Male,0.8,Graduate,Yes,0.12371134020618556,0.0663265306122449,0.2222222222222222,0.7050000000000001,0.10741971207087486,Rejected,0.22840000000000005,0.5558267236119585
Female,1.0,Not Graduate,Yes,0.30927835051546393,0.29336734693877553,0.7777777777777777,0.44166666666666676,0.23698781838316726,Rejected,0.8752,0.22310351840553186
Male,0.2,Graduate,Yes,0.29896907216494845,0.22704081632653061,0.7777777777777777,0.1233333333333334,0.17829457364341086,Rejected,0.5871999999999999,0.21212121212121213
Female,0.8,Graduate,No,0.443298969072165,0.24489795918367344,0.4444444444444445,0.3483333333333334,0.31782945736434115,Rejected,0.28,0.44519015659955263
Female,0.6000000000000001,Not Graduate,Yes,0.9381443298969072,0.5918367346938775,0.7777777777777777,0.7133333333333334,0.5548172757475084,Approved,0.41080000000000005,0.28452308318080133
Male,0.4,Graduate,No,0.6907216494845361,0.4566326530612245,1.0,0.16000000000000003,0.5293466223698783,Rejected,0.4551999999999998,0.3860077282896075
Female,0.0,Not Graduate,Yes,0.3814432989690722,0.211734693877551,0.0,0.6116666666666668,0.2879291251384275,Approved,0.28200000000000003,0.47183241814114296
Male,1.0,Not Graduate,No,0.30927835051546393,0.18112244897959182,0.5555555555555556,0.4716666666666667,0.31782945736434115,Rejected,0.32479999999999987,0.6471425666056538
Male,0.2,Not Graduate,Yes,0.556701030927835,0.5306122448979591,0.4444444444444445,0.265,0.3621262458471761,Rejected,0.9072,0.1665649786455156
Male,0.8,Not Graduate,Yes,0.36082474226804123,0.29591836734693877,0.8888888888888888,0.5583333333333333,0.310077519379845,Rejected,0.6864000000000001,0.332926581248729
Male,0.6000000000000001,Not Graduate,No,0.845360824742268,0.6862244897959183,0.5555555555555556,0.5066666666666668,0.6445182724252493,Approved,0.6952,0.28553996339231236
Male,0.0,Not Graduate,Yes,0.4123711340206186,0.2193877551020408,0.6666666666666665,0.8266666666666667,0.24695459579180512,Approved,0.24760000000000004,0.36628025218629245
Female,0.8,Graduate,No,0.3711340206185567,0.20918367346938774,0.4444444444444445,0.19333333333333336,0.327796234772979,Rejected,0.29479999999999995,0.5651820215578605
Female,0.6000000000000001,Graduate,No,0.30927835051546393,0.20153061224489796,0.3333333333333333,0.018333333333333313,0.24806201550387602,Rejected,0.42479999999999984,0.4128533658735001
Female,0.2,Graduate,No,0.979381443298969,0.8571428571428571,0.4444444444444445,0.8883333333333334,0.8338870431893689,Approved,0.798,0.30160667073418757
Male,0.2,Not Graduate,Yes,0.422680412371134,0.23214285714285712,0.2222222222222222,0.405,0.345514950166113,Approved,0.2744,0.5312182224933903
Male,1.0,Graduate,Yes,0.8144329896907216,0.5102040816326531,0.8888888888888888,0.7516666666666667,0.5337763012181618,Approved,0.40239999999999987,0.3343502135448445
Male,1.0,Not Graduate,Yes,0.9484536082474226,0.5841836734693877,0.6666666666666665,0.9750000000000001,0.6345514950166113,Approved,0.3872,0.35326418547895055
Female,0.8,Not Graduate,Yes,0.8144329896907216,0.4872448979591837,0.2222222222222222,0.07666666666666666,0.5592469545957919,Rejected,0.358,0.3811267032743543
Male,0.8,Graduate,No,0.6494845360824741,0.3622448979591837,0.1111111111111111,0.4800000000000001,0.5382059800664453,Approved,0.2923999999999999,0.5346756152125279
Female,0.4,Graduate,No,0.9484536082474226,0.5816326530612245,0.1111111111111111,0.31333333333333335,0.6943521594684386,Approved,0.3827999999999999,0.40309131584299374
Female,0.2,Not Graduate,Yes,0.24742268041237112,0.1607142857142857,1.0,0.7750000000000001,0.09302325581395349,Approved,0.4151999999999998,0.11856823266219238
Male,0.6000000000000001,Not Graduate,Yes,0.8041237113402061,0.645408163265306,0.2222222222222222,0.06166666666666665,0.416389811738649,Rejected,0.6800000000000002,0.14927801504982716
Male,0.2,Graduate,No,0.4639175257731959,0.22959183673469388,0.3333333333333333,0.3583333333333334,0.283499446290144,Approved,0.1916,0.4161073825503355
Female,0.4,Graduate,Yes,0.7628865979381443,0.5612244897959183,0.5555555555555556,0.42500000000000004,0.4462901439645626,Approved,0.5736000000000001,0.21862924547488308
Male,0.2,Graduate,Yes,0.6804123711340205,0.6862244897959183,0.0,0.6700000000000002,0.44296788482835,Approved,1.0,0.1494813910921294
Female,0.4,Not Graduate,Yes,0.6597938144329897,0.4260204081632653,0.0,0.2616666666666667,0.34883720930232565,Rejected,0.4303999999999999,0.2290014236322961
Male,0.4,Graduate,No,0.8247422680412371,0.6862244897959183,0.4444444444444445,0.20833333333333337,0.5503875968992249,Approved,0.7268000000000001,0.22208663819402077
Male,0.2,Graduate,Yes,0.4329896907216495,0.30612244897959184,0.2222222222222222,0.4716666666666667,0.37320044296788485,Approved,0.518,0.4112263575350823
Female,0.2,Not Graduate,No,0.8350515463917525,0.7372448979591837,0.2222222222222222,0.9616666666666667,0.7109634551495018,Approved,0.8071999999999999,0.297335773845841
Male,0.0,Graduate,No,0.9278350515463917,0.923469387755102,0.6666666666666665,0.3700000000000001,0.5647840531561462,Approved,0.9868000000000001,0.13382143583485864
Female,1.0,Not Graduate,Yes,0.2577319587628866,0.21428571428571427,1.0,0.645,0.1517165005537099,Rejected,0.6888000000000001,0.17714053284523087
Male,0.0,Graduate,No,0.6082474226804123,0.5943877551020408,1.0,0.9266666666666667,0.35658914728682173,Approved,0.9476,0.12833028269269883
Female,0.8,Not Graduate,Yes,0.9175257731958762,0.8341836734693877,0.3333333333333333,0.405,0.6688815060908085,Approved,0.8504,0.22208663819402077
Female,1.0,Not Graduate,Yes,0.7628865979381443,0.3852040816326531,0.6666666666666665,0.4600000000000001,0.3754152823920266,Rejected,0.21039999999999992,0.3003864144803742
Male,0.4,Not Graduate,No,0.7216494845360825,0.4260204081632653,0.4444444444444445,0.9266666666666667,0.5780730897009967,Approved,0.34440000000000004,0.4767134431563962
Female,0.0,Graduate,Yes,0.24742268041237112,0.20153061224489796,0.3333333333333333,0.7033333333333334,0.194905869324474,Approved,0.6616,0.2938783811267033
Male,0.8,Graduate,Yes,0.6494845360824741,0.5076530612244897,0.5555555555555556,0.5883333333333334,0.5514950166112957,Approved,0.6432,0.35285743339434616
Male,1.0,Graduate,No,0.8969072164948453,0.8979591836734694,0.7777777777777777,0.30000000000000004,0.6445182724252493,Rejected,0.9956,0.18324181411429738
Male,0.4,Graduate,Yes,0.5360824742268041,0.35714285714285715,0.6666666666666665,0.29500000000000004,0.30011074197120713,Approved,0.45920000000000005,0.23856009762050032
Female,0.0,Graduate,No,0.010309278350515465,0.005102040816326531,0.0,0.9750000000000001,0.012181616832779624,Approved,0.06679999999999997,0.4575960951799878
Female,0.0,Not Graduate,No,0.845360824742268,0.4923469387755102,0.8888888888888888,0.3833333333333334,0.6279069767441862,Approved,0.33320000000000005,0.4399023794996949
Male,0.6000000000000001,Graduate,No,0.8350515463917525,0.43112244897959184,0.3333333333333333,0.9500000000000002,0.45847176079734225,Approved,0.2288,0.3416717510677243
Male,0.8,Not Graduate,No,0.15463917525773194,0.13520408163265304,0.3333333333333333,0.15833333333333333,0.09966777408637874,Rejected,0.7176,0.18893634329875944
Female,0.4,Not Graduate,No,0.13402061855670103,0.09948979591836735,0.7777777777777777,0.7850000000000001,0.10741971207087486,Rejected,0.5199999999999998,0.3365873500101688
Male,0.2,Not Graduate,Yes,0.0,0.005102040816326531,0.0,0.4650000000000001,0.008859357696567,Rejected,0.3999999999999999,0.3355704697986577
Male,0.2,Graduate,Yes,0.08247422680412371,0.08673469387755102,0.6666666666666665,0.8300000000000001,0.07751937984496124,Approved,0.8800000000000001,0.25422005287777105
Female,0.6000000000000001,Not Graduate,Yes,0.8865979381443299,0.6326530612244897,0.3333333333333333,0.28833333333333333,0.6002214839424143,Approved,0.5408,0.28981086028065894
Male,0.0,Graduate,Yes,0.08247422680412371,0.07397959183673469,0.3333333333333333,0.00666666666666671,0.05647840531561463,Rejected,0.6800000000000002,0.19707138499084811
Female,0.0,Not Graduate,Yes,0.8659793814432989,0.5790816326530612,0.6666666666666665,0.6300000000000001,0.7718715393133999,Approved,0.4696,0.46735814521049424
Male,1.0,Graduate,Yes,0.2268041237113402,0.2193877551020408,0.0,0.7416666666666667,0.16168327796234774,Rejected,0.8832,0.19015659955257272
Female,0.2,Graduate,No,0.2268041237113402,0.2193877551020408,0.3333333333333333,0.8916666666666668,0.10852713178294573,Rejected,0.8832,0.08053691275167785
Male,1.0,Not Graduate,Yes,0.5979381443298969,0.3010204081632653,1.0,0.9133333333333333,0.44186046511627913,Approved,0.20679999999999987,0.5249135651820216
Male,1.0,Not Graduate,No,0.7628865979381443,0.40816326530612246,0.8888888888888888,0.9533333333333334,0.35769656699889263,Rejected,0.258,0.25544030913158433
Female,0.6000000000000001,Not Graduate,No,0.8041237113402061,0.5051020408163265,0.4444444444444445,0.5133333333333334,0.6223698781838317,Approved,0.40480000000000005,0.42017490339637986
Male,0.0,Graduate,Yes,0.5360824742268041,0.489795918367347,0.7777777777777777,0.7633333333333334,0.3233665559246955,Approved,0.8444,0.1561928004881025
Female,0.0,Not Graduate,Yes,0.12371134020618556,0.08673469387755102,0.1111111111111111,0.9016666666666668,0.1018826135105205,Approved,0.45719999999999983,0.37522879804759
Male,0.0,Not Graduate,Yes,0.061855670103092786,0.058673469387755105,0.0,0.53,0.0398671096345515,Approved,0.7,0.1602603213341469
Female,0.8,Graduate,Yes,0.010309278350515465,0.020408163265306124,0.1111111111111111,0.2616666666666667,0.021040974529346626,Rejected,0.8668,0.2727272727272728
Female,0.0,Graduate,No,0.4020618556701031,0.35969387755102045,0.1111111111111111,0.9066666666666667,0.24806201550387602,Approved,0.8048,0.1694122432377466
Female,0.4,Not Graduate,No,0.13402061855670103,0.08928571428571429,0.1111111111111111,0.7933333333333334,0.10077519379844961,Rejected,0.4132,0.35590807402887936
Female,0.2,Not Graduate,No,0.4536082474226804,0.3469387755102041,0.3333333333333333,0.3666666666666667,0.3466223698781839,Rejected,0.6088,0.311368720764694
Male,0.2,Graduate,Yes,0.3195876288659794,0.18367346938775508,0.5555555555555556,0.5800000000000001,0.1993355481727575,Approved,0.30920000000000003,0.34634940004067516
Male,0.8,Not Graduate,Yes,0.7938144329896907,0.7933673469387755,0.4444444444444445,0.5900000000000001,0.6832779623477299,Approved,0.99,0.24974577994712224
Female,0.0,Not Graduate,No,0.8144329896907216,0.6683673469387755,1.0,0.07000000000000006,0.44850498338870437,Rejected,0.7087999999999999,0.16127720154565792
Female,1.0,Not Graduate,No,0.07216494845360825,0.06377551020408163,0.7777777777777777,0.8466666666666667,0.07198228128460686,Rejected,0.6444000000000001,0.3485865365059996
Female,0.2,Graduate,Yes,0.4845360824742268,0.38010204081632654,0.4444444444444445,0.21500000000000008,0.3355481727574751,Approved,0.6408,0.2582875737238154
Male,0.6000000000000001,Graduate,Yes,0.6082474226804123,0.45408163265306123,0.6666666666666665,0.3966666666666667,0.4352159468438539,Approved,0.5868,0.2934716290420989
Male,0.6000000000000001,Not Graduate,No,0.443298969072165,0.41071428571428575,0.2222222222222222,0.3883333333333334,0.2558139534883721,Rejected,0.8576000000000001,0.13890583689241412
Male,0.4,Graduate,Yes,0.27835051546391754,0.17857142857142858,0.3333333333333333,0.15666666666666673,0.239202657807309,Rejected,0.40679999999999983,0.46044335977221884
Male,0.2,Not Graduate,No,0.7938144329896907,0.7397959183673469,0.0,0.7850000000000001,0.602436323366556,Approved,0.8835999999999999,0.22778116737848284
Female,1.0,Graduate,Yes,0.4020618556701031,0.24999999999999997,0.1111111111111111,0.8200000000000001,0.2613510520487265,Approved,0.3852,0.33068944478340456
Female,1.0,Not Graduate,Yes,0.7731958762886597,0.38775510204081637,0.3333333333333333,0.17833333333333334,0.5105204872646734,Rejected,0.20519999999999994,0.4575960951799878
Female,0.0,Not Graduate,No,0.556701030927835,0.48469387755102045,0.8888888888888888,0.40666666666666673,0.3887043189368771,Approved,0.7784,0.22147651006711414
Male,1.0,Graduate,No,0.9072164948453608,0.451530612244898,0.8888888888888888,0.3483333333333334,0.6146179401993356,Rejected,0.19999999999999996,0.47915395566402275
Male,0.8,Not Graduate,Yes,0.6391752577319587,0.46173469387755106,0.7777777777777777,0.033333333333333326,0.4772978959025471,Rejected,0.55,0.3282489322757779
Male,0.8,Graduate,No,0.6907216494845361,0.3673469387755102,0.0,0.32666666666666677,0.42192691029900337,Rejected,0.2519999999999999,0.38010982306284324
Female,0.6000000000000001,Not Graduate,No,0.9175257731958762,0.6913265306122449,0.8888888888888888,0.5866666666666667,0.5968992248062016,Approved,0.6044,0.2505592841163311
Female,0.4,Graduate,Yes,0.09278350515463918,0.08673469387755102,0.0,0.8433333333333335,0.07198228128460686,Approved,0.7456,0.22676428716697175
Male,0.8,Not Graduate,No,0.15463917525773194,0.10714285714285715,0.5555555555555556,0.8683333333333334,0.12292358803986712,Rejected,0.4587999999999999,0.3672971323978036
Female,1.0,Graduate,Yes,0.9278350515463917,0.7270408163265306,1.0,0.53,0.7663344407530455,Approved,0.6519999999999999,0.3390278625177954
Male,0.4,Not Graduate,Yes,0.8350515463917525,0.5178571428571428,0.5555555555555556,0.7150000000000001,0.7840531561461794,Approved,0.39280000000000004,0.5503355704697986
Male,1.0,Not Graduate,Yes,0.49484536082474223,0.26275510204081637,0.2222222222222222,0.8983333333333334,0.48837209302325585,Approved,0.248,0.7012405938580436
Female,0.6000000000000001,Graduate,No,0.20618556701030927,0.15561224489795916,0.0,0.030000000000000027,0.09856035437430787,Rejected,0.5635999999999999,0.14297335773845846
Male,0.4,Graduate,No,0.443298969072165,0.23724489795918366,0.7777777777777777,0.17333333333333334,0.30011074197120713,Rejected,0.2532,0.43014032946918856
Female,1.0,Not Graduate,Yes,0.4020618556701031,0.22193877551020408,0.2222222222222222,0.4683333333333334,0.24806201550387602,Rejected,0.2779999999999999,0.3626194834248525
Male,0.2,Not Graduate,No,0.26804123711340205,0.16581632653061223,0.8888888888888888,0.4933333333333334,0.18493909191583613,Rejected,0.37159999999999993,0.35895871466341267
Female,0.2,Not Graduate,No,0.6597938144329897,0.520408163265306,0.1111111111111111,0.19166666666666676,0.5083056478405317,Rejected,0.6544000000000001,0.30242017490339645
Female,0.6000000000000001,Not Graduate,Yes,0.30927835051546393,0.1760204081632653,0.2222222222222222,0.7133333333333334,0.21040974529346626,Approved,0.29999999999999993,0.39536302623550945
Female,0.0,Not Graduate,No,0.6288659793814433,0.3316326530612245,0.0,0.6100000000000001,0.34883720930232565,Approved,0.24440000000000006,0.3351637177140533
Male,0.4,Graduate,No,0.4639175257731959,0.4438775510204082,0.6666666666666665,0.625,0.35658914728682173,Approved,0.9064000000000001,0.22208663819402077
Male,0.0,Graduate,No,0.4020618556701031,0.3852040816326531,0.7777777777777777,0.00666666666666671,0.30011074197120713,Rejected,0.9023999999999999,0.21069757982509665
Female,1.0,Graduate,Yes,0.7113402061855669,0.38775510204081637,0.1111111111111111,0.29000000000000004,0.53156146179402,Approved,0.2731999999999999,0.48261134838316055
Female,0.8,Graduate,Yes,0.4845360824742268,0.2525510204081633,0.8888888888888888,0.1166666666666667,0.36544850498338877,Rejected,0.2327999999999999,0.5135245068130975
Male,0.8,Graduate,No,0.556701030927835,0.5102040816326531,1.0,0.4933333333333334,0.40088593576965675,Rejected,0.8500000000000001,0.2141549725442343
Male,0.8,Graduate,No,0.32989690721649484,0.20408163265306123,0.0,0.44500000000000006,0.2225913621262459,Rejected,0.37639999999999985,0.34980679275981297
Male,0.6000000000000001,Not Graduate,No,0.443298969072165,0.4030612244897959,0.7777777777777777,0.6183333333333334,0.35326688815060914,Rejected,0.8311999999999999,0.25544030913158433
Female,0.4,Graduate,No,0.010309278350515465,0.012755102040816325,0.8888888888888888,0.865,0.016611295681063128,Rejected,0.4667999999999999,0.3304860687411023
Male,1.0,Not Graduate,Yes,0.7628865979381443,0.5790816326530612,0.4444444444444445,0.8816666666666668,0.3864894795127354,Approved,0.6103999999999998,0.1596501932072402
Male,1.0,Graduate,No,0.03092783505154639,0.022959183673469385,0.5555555555555556,0.2566666666666667,0.031007751937984503,Rejected,0.3599999999999999,0.3898718730933496
Female,0.0,Graduate,Yes,0.5876288659793814,0.38010204081632654,0.7777777777777777,0.16500000000000004,0.40642303433001115,Approved,0.4303999999999999,0.3439088875330486
Male,0.0,Graduate,No,0.7113402061855669,0.520408163265306,0.4444444444444445,0.8066666666666666,0.6312292358803987,Approved,0.5660000000000001,0.41142973357738466
Male,0.4,Not Graduate,Yes,0.8556701030927835,0.6785714285714285,0.2222222222222222,0.3966666666666667,0.7021040974529348,Approved,0.6659999999999999,0.3298759406141957
Male,0.0,Graduate,Yes,0.6391752577319587,0.42346938775510207,0.7777777777777777,0.7650000000000001,0.4562569213732005,Approved,0.4563999999999999,0.3481797844213952
Female,0.4,Graduate,No,0.7113402061855669,0.5382653061224489,0.5555555555555556,0.665,0.5736434108527132,Approved,0.6055999999999999,0.3435021354484442
Female,1.0,Not Graduate,No,0.16494845360824742,0.13010204081632654,0.6666666666666665,0.07833333333333337,0.12513842746400888,Rejected,0.6000000000000001,0.28818385194224116
Female,0.6000000000000001,Not Graduate,Yes,0.6597938144329897,0.6352040816326531,1.0,0.4966666666666667,0.504983388704319,Rejected,0.9272,0.21862924547488308
Female,0.8,Graduate,Yes,0.8865979381443299,0.6836734693877551,0.0,0.17666666666666675,0.5980066445182725,Rejected,0.6320000000000001,0.2556436851738866
Female,0.4,Not Graduate,No,0.4742268041237114,0.39540816326530615,1.0,0.9333333333333333,0.2558139534883721,Approved,0.7167999999999999,0.1498881431767338
Female,1.0,Graduate,Yes,0.4329896907216495,0.413265306122449,0.4444444444444445,0.8433333333333335,0.23809523809523814,Approved,0.8999999999999999,0.1173479764083791
Female,0.0,Not Graduate,No,0.18556701030927833,0.1683673469387755,0.0,0.2466666666666667,0.16389811738648952,Rejected,0.78,0.29550538946512106
Male,0.4,Graduate,No,0.6804123711340205,0.5688775510204082,1.0,0.15500000000000003,0.3588039867109635,Rejected,0.7296,0.142566605653854
Male,1.0,Not Graduate,Yes,0.6597938144329897,0.4005102040816327,0.5555555555555556,0.8516666666666668,0.41417497231450723,Approved,0.36959999999999993,0.3278421801911735
Female,0.4,Graduate,No,0.3195876288659794,0.19387755102040816,1.0,0.8816666666666668,0.24695459579180512,Approved,0.35760000000000003,0.43176733780760634
Male,0.6000000000000001,Not Graduate,No,0.7422680412371133,0.5892857142857143,0.7777777777777777,0.6666666666666667,0.5703211517165007,Rejected,0.6648000000000001,0.29855603009965426
Male,0.0,Not Graduate,Yes,0.443298969072165,0.30867346938775514,0.8888888888888888,0.6983333333333335,0.24806201550387602,Approved,0.5024,0.22147651006711414
Female,0.2,Not Graduate,Yes,0.9587628865979381,0.770408163265306,0.5555555555555556,0.21666666666666667,0.6013289036544851,Approved,0.6843999999999999,0.21212121212121213
Male,0.2,Graduate,No,0.061855670103092786,0.06887755102040817,0.1111111111111111,0.06333333333333335,0.049833887043189376,Rejected,0.8999999999999999,0.17958104535285743
Male,0.4,Graduate,No,0.3917525773195876,0.3239795918367347,0.1111111111111111,0.6583333333333334,0.3610188261351052,Approved,0.7,0.36363636363636365
Male,0.4,Not Graduate,No,0.7010309278350515,0.6479591836734694,0.8888888888888888,0.1233333333333334,0.39977851605758585,Rejected,0.8683999999999998,0.13626194834248526
Male,0.6000000000000001,Graduate,No,0.3402061855670103,0.20918367346938774,0.8888888888888888,0.5150000000000001,0.24473975636766337,Rejected,0.37159999999999993,0.38580435224730525
Male,0.6000000000000001,Graduate,Yes,0.979381443298969,0.9107142857142857,0.2222222222222222,0.5516666666666667,0.49390919158361024,Approved,0.8843999999999999,0.1016880211511084
Female,0.0,Not Graduate,No,0.32989690721649484,0.2678571428571429,0.2222222222222222,0.2316666666666667,0.21926910299003324,Rejected,0.6704000000000001,0.22778116737848284
Female,0.2,Graduate,Yes,0.4536082474226804,0.33673469387755106,1.0,0.895,0.3023255813953489,Approved,0.5740000000000001,0.2647956070774863
Female,0.8,Graduate,No,0.3711340206185567,0.25765306122448983,0.4444444444444445,0.8883333333333334,0.3089700996677741,Approved,0.4947999999999999,0.4008541793776693
Male,0.8,Not Graduate,Yes,0.4123711340206186,0.23724489795918366,1.0,0.9383333333333335,0.2259136212624585,Approved,0.3144,0.28818385194224116
Female,0.4,Graduate,No,0.23711340206185563,0.21428571428571427,0.1111111111111111,0.6400000000000001,0.13842746400885939,Rejected,0.792,0.14907463900752496
Male,0.0,Not Graduate,Yes,0.7010309278350515,0.6198979591836734,0.2222222222222222,0.40333333333333343,0.4186046511627907,Approved,0.8055999999999999,0.16331096196868009
Male,0.2,Not Graduate,No,0.5257731958762886,0.28571428571428575,0.3333333333333333,0.7550000000000001,0.345514950166113,Approved,0.2679999999999999,0.4063453325198292
Male,0.0,Not Graduate,No,0.6391752577319587,0.3545918367346939,0.0,0.3533333333333334,0.40974529346622374,Approved,0.28759999999999986,0.38316046369737644
Male,0.6000000000000001,Not Graduate,No,0.32989690721649484,0.1989795918367347,0.5555555555555556,0.14166666666666672,0.2702104097452935,Rejected,0.3528,0.4702054098027252
Female,0.8,Not Graduate,No,0.6701030927835051,0.4719387755102041,0.0,0.7483333333333335,0.5714285714285715,Approved,0.5224,0.41000610128126913
Female,0.2,Not Graduate,Yes,0.4536082474226804,0.24999999999999997,0.1111111111111111,0.53,0.21151716500553713,Approved,0.2784,0.2401871059589181
Male,0.8,Graduate,Yes,0.07216494845360825,0.05612244897959184,0.1111111111111111,0.4716666666666667,0.05094130675526025,Rejected,0.5111999999999999,0.25422005287777105
Female,0.0,Graduate,No,0.5051546391752577,0.5,0.8888888888888888,0.5916666666666668,0.31229235880398676,Approved,0.9608000000000001,0.13971934106162295
Male,0.0,Not Graduate,Yes,0.7010309278350515,0.5255102040816326,1.0,0.13333333333333341,0.5481727574750831,Approved,0.5944,0.3331299572910311
Female,0.6000000000000001,Graduate,Yes,0.4020618556701031,0.3673469387755102,0.2222222222222222,0.6316666666666668,0.2879291251384275,Approved,0.8340000000000001,0.21273134024811882
Female,0.4,Graduate,No,0.4536082474226804,0.36989795918367346,0.2222222222222222,0.18333333333333335,0.4562569213732005,Rejected,0.6868000000000001,0.41915802318486883
Male,0.4,Graduate,Yes,0.3505154639175258,0.28571428571428575,0.3333333333333333,0.4833333333333334,0.22480620155038764,Approved,0.6776,0.21354484441732766
Female,1.0,Graduate,No,0.5876288659793814,0.34438775510204084,0.6666666666666665,0.16166666666666674,0.398671096345515,Rejected,0.3355999999999999,0.38397396786658533
Male,0.4,Graduate,No,0.04123711340206186,0.04591836734693877,0.7777777777777777,0.20833333333333337,0.0398671096345515,Rejected,0.8,0.23489932885906042
Female,0.0,Graduate,No,0.4845360824742268,0.41071428571428575,0.0,0.13833333333333342,0.301218161683278,Rejected,0.7387999999999999,0.18974984746796833
Male,1.0,Graduate,Yes,0.6391752577319587,0.6020408163265306,0.2222222222222222,0.17666666666666675,0.6245847176079735,Rejected,0.8936,0.3308928208257067
Male,0.4,Graduate,No,0.7010309278350515,0.4974489795918367,0.4444444444444445,0.43833333333333335,0.48394241417497236,Approved,0.5316000000000001,0.3003864144803742
Female,0.6000000000000001,Graduate,Yes,0.6701030927835051,0.33418367346938777,0.6666666666666665,0.8033333333333335,0.4861572535991141,Approved,0.19999999999999996,0.5198291641244661
Female,0.2,Not Graduate,Yes,0.061855670103092786,0.04846938775510204,0.1111111111111111,0.9200000000000002,0.043189368770764125,Approved,0.5,0.24506813097417127
Male,1.0,Not Graduate,No,0.7628865979381443,0.7015306122448979,0.0,0.7550000000000001,0.6101882613510521,Approved,0.8632,0.25340654870856216
Female,1.0,Graduate,Yes,0.30927835051546393,0.18622448979591835,0.1111111111111111,0.31500000000000006,0.221483942414175,Rejected,0.35,0.3933292658124873
Female,0.4,Not Graduate,Yes,0.4845360824742268,0.34438775510204084,0.0,0.4766666666666667,0.30786267995570327,Rejected,0.5264,0.26296522269676637
Male,0.6000000000000001,Not Graduate,No,0.7216494845360825,0.5229591836734694,0.7777777777777777,0.43333333333333335,0.41085271317829464,Rejected,0.5555999999999999,0.2141549725442343
Male,0.6000000000000001,Graduate,No,0.556701030927835,0.5178571428571428,0.2222222222222222,0.31166666666666676,0.44296788482835,Rejected,0.8715999999999999,0.2462883872279846
Female,0.8,Graduate,Yes,0.7319587628865979,0.45918367346938777,0.3333333333333333,0.22333333333333338,0.5094130675526025,Approved,0.40280000000000005,0.36322961155175926
Male,0.8,Not Graduate,No,0.3195876288659794,0.17091836734693877,1.0,0.3400000000000001,0.230343300110742,Rejected,0.24839999999999995,0.46349400040675204
Male,0.4,Graduate,Yes,0.9278350515463917,0.6377551020408163,0.1111111111111111,0.8783333333333334,0.7940199335548174,Approved,0.5,0.42708968883465526
Male,0.6000000000000001,Not Graduate,Yes,0.8144329896907216,0.586734693877551,1.0,0.595,0.5813953488372093,Approved,0.5508,0.3091315842993696
Female,1.0,Graduate,No,0.6597938144329897,0.5382653061224489,0.4444444444444445,0.245,0.5537098560354375,Rejected,0.6968000000000001,0.326418547895058
Female,0.0,Graduate,Yes,0.4123711340206186,0.3392857142857143,0.1111111111111111,0.8900000000000001,0.2967884828349945,Approved,0.6952,0.25422005287777105
Male,0.4,Graduate,No,0.5773195876288659,0.5459183673469388,0.3333333333333333,0.09000000000000008,0.36987818383167226,Rejected,0.8964000000000001,0.16432784218019122
Female,0.4,Graduate,Yes,0.556701030927835,0.5280612244897959,0.8888888888888888,0.9716666666666667,0.4197120708748616,Approved,0.8999999999999999,0.21842586943258088
Male,0.0,Not Graduate,Yes,0.3505154639175258,0.24489795918367344,0.5555555555555556,0.5683333333333334,0.2668881506090809,Approved,0.5,0.350823672971324
Female,0.2,Graduate,Yes,0.7731958762886597,0.42346938775510207,0.2222222222222222,0.5350000000000001,0.7497231450719823,Approved,0.2779999999999999,0.6670734187512711
Male,0.0,Graduate,Yes,0.7835051546391752,0.586734693877551,0.4444444444444445,0.4783333333333334,0.6489479512735328,Approved,0.5948,0.36241610738255037
Male,0.6000000000000001,Not Graduate,No,0.5670103092783505,0.3852040816326531,0.7777777777777777,0.20666666666666667,0.3244739756367664,Rejected,0.4807999999999999,0.23978035387431365
Female,1.0,Graduate,No,0.6288659793814433,0.5153061224489796,0.6666666666666665,0.3583333333333334,0.3864894795127354,Rejected,0.7016,0.19768151311775475
Male,1.0,Not Graduate,Yes,0.21649484536082472,0.11224489795918367,0.8888888888888888,0.4866666666666667,0.15614617940199338,Rejected,0.21720000000000006,0.47488305877567627
Female,0.8,Graduate,Yes,0.9690721649484536,0.5,0.2222222222222222,0.03166666666666673,0.5980066445182725,Approved,0.22919999999999996,0.4034980679275981
Female,0.2,Not Graduate,Yes,0.08247422680412371,0.09183673469387756,0.7777777777777777,0.10000000000000009,0.05647840531561463,Rejected,0.96,0.1342281879194631
Male,1.0,Graduate,Yes,0.7216494845360825,0.6836734693877551,0.5555555555555556,0.3916666666666667,0.5946843853820598,Approved,0.9056,0.25340654870856216
Male,0.4,Not Graduate,Yes,0.3711340206185567,0.28316326530612246,0.7777777777777777,0.6100000000000001,0.2524916943521595,Approved,0.6000000000000001,0.2613382143583487
Female,0.8,Not Graduate,Yes,0.9381443298969072,0.6198979591836734,0.7777777777777777,0.19833333333333336,0.5481727574750831,Rejected,0.45799999999999996,0.25991458206223306
Male,0.4,Not Graduate,Yes,0.7216494845360825,0.5510204081632653,0.5555555555555556,0.5666666666666667,0.32558139534883723,Approved,0.6168,0.1242627618466545
Male,0.0,Graduate,No,0.7628865979381443,0.49489795918367346,0.5555555555555556,0.40833333333333344,0.5083056478405317,Approved,0.4368000000000001,0.32540166768354695
Male,0.8,Graduate,No,0.443298969072165,0.38265306122448983,0.4444444444444445,0.905,0.3621262458471761,Approved,0.76,0.2873703477730323
Male,0.2,Not Graduate,Yes,0.9999999999999999,0.7806122448979591,1.0,0.43166666666666675,0.7585825027685493,Approved,0.6484000000000001,0.3009965426072809
Male,0.0,Not Graduate,Yes,0.05154639175257732,0.04336734693877551,0.8888888888888888,0.5833333333333335,0.05094130675526025,Approved,0.5428,0.35590807402887936
Female,0.0,Graduate,No,0.3402061855670103,0.30612244897959184,0.7777777777777777,0.29833333333333334,0.3089700996677741,Approved,0.8055999999999999,0.31543624161073835
Female,0.2,Graduate,Yes,0.010309278350515465,0.017857142857142856,0.6666666666666665,0.040000000000000036,0.01107419712070875,Rejected,0.7332000000000001,0.13219442749644092
Male,1.0,Not Graduate,Yes,0.5360824742268041,0.41836734693877553,0.0,0.09000000000000008,0.3289036544850499,Rejected,0.6372,0.2139515965019321
Male,0.8,Not Graduate,Yes,0.26804123711340205,0.20663265306122447,0.4444444444444445,0.3683333333333334,0.16722037652270214,Rejected,0.6000000000000001,0.22269676632092741
Male,1.0,Not Graduate,Yes,0.4845360824742268,0.3979591836734694,0.3333333333333333,0.3416666666666667,0.4197120708748616,Rejected,0.698,0.3374008541793777
Female,0.8,Not Graduate,No,0.04123711340206186,0.03571428571428571,0.5555555555555556,0.22666666666666668,0.026578073089700997,Rejected,0.5332000000000001,0.1824283099450885
Male,0.0,Graduate,No,0.288659793814433,0.1989795918367347,0.2222222222222222,0.6383333333333334,0.23366555924695462,Approved,0.48,0.3872279845434208
Female,0.0,Graduate,No,0.16494845360824742,0.14030612244897958,0.8888888888888888,0.08000000000000007,0.12070874861572538,Rejected,0.6888000000000001,0.24364449867805574
Female,0.8,Graduate,Yes,0.5051546391752577,0.3928571428571429,0.2222222222222222,0.9450000000000001,0.46400885935769665,Approved,0.6312,0.39536302623550945
Female,1.0,Graduate,No,0.12371134020618556,0.09693877551020409,0.6666666666666665,0.9666666666666668,0.1107419712070875,Rejected,0.5715999999999999,0.3634329875940614
Male,0.4,Graduate,Yes,0.6701030927835051,0.6428571428571428,0.4444444444444445,0.6216666666666668,0.5470653377630122,Approved,0.9224000000000001,0.24466137888956682
Female,0.6000000000000001,Not Graduate,No,0.422680412371134,0.3137755102040817,0.8888888888888888,0.30333333333333334,0.32225913621262464,Rejected,0.5720000000000001,0.32357128330282703
Male,0.6000000000000001,Graduate,Yes,0.7835051546391752,0.4923469387755102,0.1111111111111111,0.7783333333333333,0.6245847176079735,Approved,0.4052,0.4368517388651617
Female,0.6000000000000001,Not Graduate,No,0.5360824742268041,0.39540816326530615,0.8888888888888888,0.7666666666666668,0.42303433001107427,Rejected,0.5704,0.3443156396176531
Male,0.0,Not Graduate,No,0.03092783505154639,0.04081632653061224,0.0,0.9283333333333335,0.036544850498338874,Rejected,0.9199999999999999,0.24344112263575354
Female,0.2,Graduate,No,0.8659793814432989,0.673469387755102,0.4444444444444445,0.7250000000000001,0.5802879291251385,Approved,0.6419999999999999,0.24974577994712224
Male,0.6000000000000001,Graduate,No,0.23711340206185563,0.22959183673469388,0.1111111111111111,0.8500000000000001,0.20708748615725361,Rejected,0.8880000000000001,0.2652023591620907
Female,0.8,Not Graduate,No,0.288659793814433,0.1760204081632653,0.0,0.6333333333333333,0.168327796234773,Rejected,0.3599999999999999,0.28818385194224116
Male,1.0,Not Graduate,Yes,0.7010309278350515,0.6785714285714285,0.1111111111111111,0.9816666666666667,0.3875968992248062,Approved,0.9372,0.11511083994305474
Male,0.2,Not Graduate,Yes,0.020618556701030927,0.030612244897959183,0.7777777777777777,0.6466666666666667,0.018826135105204873,Rejected,0.8999999999999999,0.13219442749644092
Male,1.0,Not Graduate,No,0.5154639175257731,0.3418367346938776,0.7777777777777777,0.385,0.34883720930232565,Rejected,0.45399999999999996,0.3209273947528981
Male,0.6000000000000001,Graduate,No,0.3195876288659794,0.2755102040816327,0.0,0.6000000000000001,0.29457364341085274,Rejected,0.7456,0.3420785031523287
Female,0.2,Not Graduate,Yes,0.2268041237113402,0.21683673469387754,0.8888888888888888,0.19000000000000006,0.16611295681063126,Rejected,0.8668,0.20337604230221681
Female,0.8,Graduate,Yes,0.5773195876288659,0.39540816326530615,0.6666666666666665,0.38,0.39977851605758585,Rejected,0.48960000000000004,0.3172666259914583
Male,0.8,Not Graduate,Yes,0.9484536082474226,0.5025510204081632,0.5555555555555556,0.8616666666666668,0.522702104097453,Approved,0.2512,0.33150294895261334
Female,0.4,Not Graduate,No,0.6082474226804123,0.38265306122448983,0.0,0.8316666666666668,0.39091915836101887,Approved,0.4032,0.32194427496440925
Male,0.2,Graduate,Yes,0.7525773195876289,0.5382653061224489,1.0,0.5916666666666668,0.6544850498338871,Approved,0.5412000000000001,0.4128533658735001
Male,0.4,Not Graduate,No,0.4020618556701031,0.4056122448979592,0.2222222222222222,0.41000000000000003,0.27685492801771877,Rejected,0.9803999999999999,0.1663616026032134
Female,0.6000000000000001,Not Graduate,No,0.8556701030927835,0.7780612244897959,0.6666666666666665,0.7416666666666667,0.5027685492801772,Approved,0.8496000000000001,0.1498881431767338
Male,0.0,Graduate,No,0.422680412371134,0.42346938775510207,0.3333333333333333,0.9733333333333334,0.301218161683278,Approved,0.972,0.17958104535285743
Male,1.0,Not Graduate,No,0.9381443298969072,0.5535714285714285,0.1111111111111111,0.8700000000000001,0.7397563676633445,Approved,0.34640000000000004,0.46878177750660976
Female,0.8,Not Graduate,No,0.5979381443298969,0.46938775510204084,0.0,0.5383333333333333,0.3621262458471761,Rejected,0.6468,0.20744356314826115
Male,0.2,Not Graduate,Yes,0.5257731958762886,0.4744897959183674,0.7777777777777777,0.10166666666666668,0.24695459579180512,Rejected,0.8264,0.0917225950782998
Male,1.0,Not Graduate,Yes,0.7422680412371133,0.4056122448979592,0.0,0.7966666666666669,0.5304540420819491,Approved,0.27559999999999996,0.4537319503762457
Male,0.2,Not Graduate,Yes,0.09278350515463918,0.08928571428571429,0.3333333333333333,0.7983333333333333,0.08416389811738649,Approved,0.782,0.27557453731950377
Male,0.2,Graduate,Yes,0.6597938144329897,0.520408163265306,0.1111111111111111,0.4900000000000001,0.44186046511627913,Approved,0.6544000000000001,0.24344112263575354
Female,0.6000000000000001,Graduate,No,0.8247422680412371,0.7142857142857143,0.0,0.3833333333333334,0.6356589147286822,Approved,0.7804,0.2627618466544641
Female,0.6000000000000001,Not Graduate,No,0.3195876288659794,0.22959183673469388,0.5555555555555556,0.040000000000000036,0.18826135105204875,Rejected,0.5271999999999999,0.22798454342078503
Female,0.8,Graduate,Yes,0.23711340206185563,0.22193877551020408,0.4444444444444445,0.15666666666666673,0.20598006644518274,Rejected,0.8400000000000001,0.27679479357331715
Male,0.6000000000000001,Graduate,Yes,0.3195876288659794,0.25765306122448983,0.5555555555555556,0.8600000000000001,0.3289036544850499,Approved,0.6608,0.4360382346959528
Male,1.0,Not Graduate,No,0.08247422680412371,0.05102040816326531,0.7777777777777777,0.20500000000000007,0.06976744186046512,Rejected,0.31999999999999984,0.4399023794996949
Female,1.0,Graduate,Yes,0.6185567010309277,0.31887755102040816,0.0,0.39833333333333343,0.4662236987818384,Approved,0.22599999999999998,0.5226764287166972
Male,0.2,Graduate,No,0.7010309278350515,0.5280612244897959,1.0,0.42333333333333334,0.47951273532668887,Approved,0.6000000000000001,0.27069351230425054
Male,0.4,Graduate,Yes,0.7010309278350515,0.4770408163265306,0.2222222222222222,0.3716666666666667,0.5481727574750831,Approved,0.48560000000000003,0.38153345535895866
Male,0.2,Not Graduate,Yes,0.5257731958762886,0.29846938775510207,0.4444444444444445,0.9200000000000002,0.37984496124031014,Approved,0.30559999999999987,0.43563148261134843
Male,0.0,Not Graduate,Yes,0.16494845360824742,0.08673469387755102,0.0,0.3416666666666667,0.13067552602436325,Rejected,0.22239999999999993,0.5179987797437462
Female,0.0,Graduate,Yes,0.21649484536082472,0.19387755102040816,0.4444444444444445,0.21666666666666667,0.21040974529346626,Approved,0.774,0.3469595281675819
Female,0.4,Graduate,No,0.3917525773195876,0.22704081632653061,0.7777777777777777,0.8066666666666666,0.23588039867109636,Approved,0.31999999999999984,0.32723205206426687
Female,0.2,Not Graduate,No,0.8969072164948453,0.6045918367346939,0.2222222222222222,0.13333333333333341,0.6500553709856036,Approved,0.4787999999999999,0.3481797844213952
Male,0.6000000000000001,Graduate,No,0.8041237113402061,0.4668367346938776,1.0,0.44166666666666676,0.46179401993355484,Approved,0.33000000000000007,0.30770795200325407
Female,0.8,Graduate,Yes,0.7938144329896907,0.6785714285714285,0.6666666666666665,0.2433333333333334,0.5481727574750831,Rejected,0.762,0.22473052674394958
Female,1.0,Graduate,Yes,0.6701030927835051,0.5076530612244897,0.3333333333333333,0.17666666666666675,0.37430786267995575,Rejected,0.6060000000000001,0.1917836078909905
Male,0.8,Not Graduate,No,0.2268041237113402,0.14540816326530612,0.2222222222222222,0.6866666666666668,0.17497231450719825,Rejected,0.3999999999999999,0.39658328248932284
Male,0.8,Not Graduate,No,0.8659793814432989,0.5688775510204082,0.6666666666666665,0.7150000000000001,0.5370985603543744,Approved,0.45120000000000005,0.28757372381533464
Female,0.2,Not Graduate,Yes,0.5257731958762886,0.364795918367347,1.0,0.3466666666666667,0.38981173864894797,Approved,0.502,0.3432987594061421
Female,0.0,Graduate,No,0.7422680412371133,0.6275510204081632,1.0,0.5800000000000001,0.48837209302325585,Approved,0.746,0.21090095586739885
Female,0.0,Not Graduate,Yes,0.8762886597938144,0.46938775510204084,0.4444444444444445,0.07666666666666666,0.4595791805094131,Approved,0.25959999999999994,0.30323367907260534
Female,1.0,Graduate,No,0.8247422680412371,0.4642857142857143,0.1111111111111111,0.15666666666666673,0.5913621262458473,Rejected,0.3023999999999999,0.4388854992881839
Male,0.0,Not Graduate,Yes,0.36082474226804123,0.23979591836734693,0.5555555555555556,0.3350000000000001,0.25027685492801777,Approved,0.44879999999999987,0.3296725645718934
Female,1.0,Not Graduate,Yes,0.9278350515463917,0.9183673469387755,0.0,0.5916666666666668,0.49501661129568114,Rejected,0.9784000000000002,0.10006101281269067
Female,0.8,Not Graduate,No,0.6082474226804123,0.5255102040816326,0.1111111111111111,0.6033333333333335,0.48947951273532675,Rejected,0.7704,0.281472442546268
Male,0.4,Graduate,Yes,0.8865979381443299,0.7780612244897959,1.0,0.8666666666666667,0.48394241417497236,Approved,0.8,0.13870246085011187
Female,1.0,Not Graduate,No,0.9278350515463917,0.4744897959183674,0.4444444444444445,0.3683333333333334,0.5836101882613511,Rejected,0.2215999999999999,0.4189546471425666
Male,0.6000000000000001,Graduate,No,0.7216494845360825,0.7040816326530612,0.5555555555555556,0.28833333333333333,0.7308970099667775,Approved,0.95,0.33150294895261334
Male,0.2,Graduate,No,0.04123711340206186,0.022959183673469385,0.4444444444444445,0.43500000000000005,0.031007751937984503,Rejected,0.19999999999999996,0.3898718730933496
Male,1.0,Graduate,No,0.8041237113402061,0.5816326530612245,1.0,0.2683333333333334,0.4916943521594685,Rejected,0.5551999999999999,0.24181411429733582
Female,0.8,Graduate,Yes,0.6907216494845361,0.34438775510204084,0.7777777777777777,0.6916666666666667,0.4086378737541529,Approved,0.19999999999999996,0.39719341061622937
Female,0.0,Not Graduate,Yes,0.422680412371134,0.3903061224489796,0.8888888888888888,0.2333333333333334,0.24141749723145076,Rejected,0.8512,0.13687207646939195
Male,0.6000000000000001,Not Graduate,Yes,0.8556701030927835,0.6275510204081632,0.8888888888888888,0.7483333333333335,0.5780730897009967,Approved,0.5715999999999999,0.2769981696156193
Female,0.8,Not Graduate,No,0.8659793814432989,0.4362244897959184,0.0,0.8116666666666668,0.5636766334440754,Approved,0.20920000000000005,0.44702054098027255
Female,0.6000000000000001,Graduate,No,0.6288659793814433,0.3469387755102041,0.8888888888888888,0.7466666666666668,0.6245847176079735,Approved,0.2824,0.6784624771201954
Male,0.6000000000000001,Not Graduate,Yes,0.5773195876288659,0.3392857142857143,0.5555555555555556,0.03500000000000003,0.3355481727574751,Rejected,0.3380000000000001,0.3064876957494408
Male,0.6000000000000001,Graduate,Yes,0.08247422680412371,0.05102040816326531,0.4444444444444445,0.0050000000000000044,0.049833887043189376,Rejected,0.31999999999999984,0.28065893837705924
Female,0.0,Not Graduate,Yes,0.15463917525773194,0.13010204081632654,0.3333333333333333,0.6366666666666667,0.09966777408637874,Rejected,0.6704000000000001,0.2015456579214969
Male,0.4,Not Graduate,No,0.30927835051546393,0.211734693877551,0.8888888888888888,0.5633333333333335,0.194905869324474,Rejected,0.47520000000000007,0.2731340248118772
Female,0.0,Graduate,Yes,0.7525773195876289,0.4158163265306123,0.6666666666666665,0.2333333333333334,0.7275747508305649,Approved,0.2852,0.6573113687207648
Female,0.2,Not Graduate,Yes,0.18556701030927833,0.1607142857142857,0.4444444444444445,0.9550000000000001,0.10963455149501662,Approved,0.72,0.1649379703070978
Female,0.6000000000000001,Not Graduate,No,0.9175257731958762,0.49489795918367346,1.0,0.2283333333333334,0.6223698781838317,Rejected,0.266,0.43176733780760634
Female,0.8,Graduate,Yes,0.845360824742268,0.49489795918367346,0.3333333333333333,0.8266666666666667,0.6046511627906977,Approved,0.3380000000000001,0.41529387838112664
Male,0.8,Graduate,No,0.7113402061855669,0.6862244897959183,0.7777777777777777,0.8733333333333335,0.4019933554817276,Approved,0.9323999999999999,0.12182224933902788
Male,0.4,Not Graduate,No,0.0,0.012755102040816325,0.2222222222222222,0.06333333333333335,0.00221483942414175,Rejected,1.0,0.0
Male,0.0,Not Graduate,Yes,0.49484536082474223,0.37244897959183676,0.5555555555555556,0.45833333333333337,0.363233665559247,Approved,0.5919999999999999,0.30058979052267654
Male,0.0,Not Graduate,Yes,0.443298969072165,0.42346938775510207,0.3333333333333333,0.7883333333333333,0.3621262458471761,Approved,0.9023999999999999,0.24588163514338016
Female,0.4,Not Graduate,Yes,0.5051546391752577,0.49489795918367346,0.0,0.7216666666666667,0.256921373200443,Approved,0.9452,0.09111246695139313
Female,0.6000000000000001,Graduate,Yes,0.4020618556701031,0.26275510204081637,0.6666666666666665,0.29166666666666674,0.30675526024363237,Approved,0.43399999999999994,0.38661785641651414
Male,0.2,Not Graduate,No,0.7216494845360825,0.375,0.4444444444444445,0.6283333333333334,0.47286821705426363,Approved,0.23320000000000007,0.43176733780760634
Female,0.6000000000000001,Not Graduate,No,0.7835051546391752,0.4438775510204082,0.2222222222222222,0.17166666666666675,0.5603543743078627,Rejected,0.3076,0.433394346146024
Female,0.6000000000000001,Graduate,Yes,0.7525773195876289,0.6377551020408163,0.5555555555555556,0.7783333333333333,0.5825027685492803,Approved,0.7492000000000001,0.2735407768964817
Female,0.6000000000000001,Graduate,Yes,0.6391752577319587,0.5280612244897959,0.0,0.855,0.4352159468438539,Approved,0.7124000000000001,0.23184868822452717
Male,0.8,Graduate,No,0.7010309278350515,0.6479591836734694,1.0,0.4950000000000001,0.7818383167220377,Approved,0.8683999999999998,0.4093959731543624
Male,0.8,Not Graduate,Yes,0.9072164948453608,0.7857142857142857,0.3333333333333333,0.9933333333333334,0.5271317829457365,Approved,0.7824,0.16127720154565792
Male,0.4,Not Graduate,Yes,0.4329896907216495,0.3469387755102041,0.2222222222222222,0.8500000000000001,0.4119601328903655,Approved,0.6636,0.39760016270083387
Female,0.4,Not Graduate,No,0.07216494845360825,0.04336734693877551,0.6666666666666665,0.06166666666666665,0.044296788482835,Rejected,0.28879999999999995,0.2948952613382144
Male,0.2,Graduate,No,0.9896907216494845,0.6785714285714285,0.8888888888888888,0.8200000000000001,0.7386489479512736,Approved,0.498,0.3546878177750662
Male,0.8,Not Graduate,No,0.04123711340206186,0.033163265306122444,0.2222222222222222,0.8066666666666666,0.026578073089700997,Rejected,0.4667999999999999,0.20337604230221681
Male,1.0,Graduate,Yes,0.979381443298969,0.7602040816326531,0.5555555555555556,0.22333333333333338,0.7198228128460687,Approved,0.6412,0.28940410819605455
Male,0.4,Graduate,Yes,0.845360824742268,0.8239795918367346,0.4444444444444445,0.14,0.48394241417497236,Approved,0.9523999999999999,0.12263575350823672
Male,0.2,Graduate,No,0.8350515463917525,0.6275510204081632,0.4444444444444445,0.5700000000000001,0.5968992248062016,Approved,0.6000000000000001,0.2910311165344722
Male,0.8,Graduate,No,0.7938144329896907,0.7551020408163265,0.3333333333333333,0.023333333333333317,0.6677740863787376,Rejected,0.9140000000000001,0.26032133414683745
Female,0.2,Not Graduate,No,0.8659793814432989,0.6530612244897959,0.0,0.51,0.6987818383167221,Approved,0.6048,0.346146023998373
Female,1.0,Not Graduate,Yes,0.6701030927835051,0.4413265306122449,0.6666666666666665,0.905,0.416389811738649,Approved,0.45079999999999987,0.2865568436038235
Male,0.0,Graduate,No,0.2577319587628866,0.18112244897959182,0.4444444444444445,0.7966666666666669,0.1727574750830565,Approved,0.49639999999999995,0.28716697173073014
Male,0.0,Not Graduate,No,0.6597938144329897,0.645408163265306,0.3333333333333333,0.6966666666666668,0.6101882613510521,Approved,0.9516,0.2883872279845435
Female,0.2,Graduate,Yes,0.7113402061855669,0.5229591836734694,1.0,0.2283333333333334,0.5537098560354375,Approved,0.5720000000000001,0.34024811877160877
Female,1.0,Graduate,Yes,0.010309278350515465,0.01020408163265306,0.4444444444444445,0.4766666666666667,0.012181616832779624,Rejected,0.33320000000000005,0.28330282692698794
Male,0.4,Graduate,No,0.20618556701030927,0.17091836734693877,0.2222222222222222,0.7950000000000002,0.15282392026578076,Approved,0.6728000000000001,0.2601179581045353
Male,0.2,Graduate,Yes,0.8762886597938144,0.8010204081632653,0.5555555555555556,0.3750000000000001,0.5980066445182725,Approved,0.8576000000000001,0.19646125686394142
Male,0.8,Graduate,No,0.7216494845360825,0.5816326530612245,0.5555555555555556,0.5533333333333335,0.40420819490586934,Approved,0.6832,0.17225950782997765
Male,0.0,Not Graduate,No,0.18556701030927833,0.11479591836734694,1.0,0.06166666666666665,0.11406423034330011,Rejected,0.3599999999999999,0.3007931665649787
Female,0.8,Graduate,Yes,0.8659793814432989,0.7040816326530612,0.3333333333333333,0.2633333333333334,0.7696566998892581,Approved,0.6976,0.3569249542403905
Male,0.4,Graduate,Yes,0.21649484536082472,0.13010204081632654,0.3333333333333333,0.10666666666666669,0.15060908084163901,Rejected,0.33919999999999995,0.3748220459629855
Male,0.4,Not Graduate,Yes,0.9690721649484536,0.7525510204081632,0.7777777777777777,0.33166666666666667,0.815060908084164,Approved,0.6416,0.3524506813097418
Male,0.4,Graduate,Yes,0.17525773195876287,0.15816326530612243,0.7777777777777777,0.9783333333333335,0.09966777408637874,Approved,0.7684,0.14154972544234293
Male,0.2,Graduate,No,0.1958762886597938,0.15306122448979592,0.7777777777777777,0.9700000000000002,0.18050941306755264,Approved,0.6000000000000001,0.38661785641651414
Female,0.2,Not Graduate,Yes,0.3814432989690722,0.21428571428571427,0.3333333333333333,0.8616666666666668,0.17497231450719825,Approved,0.2923999999999999,0.2261541590400651
Female,1.0,Not Graduate,Yes,0.0,0.0,0.4444444444444445,0.6733333333333333,0.0132890365448505,Rejected,0.0,0.9320724018710597
Female,0.2,Not Graduate,Yes,0.17525773195876287,0.10714285714285715,0.5555555555555556,0.7366666666666668,0.09302325581395349,Approved,0.34719999999999995,0.24527150701647346
Male,0.0,Not Graduate,Yes,0.30927835051546393,0.288265306122449,0.1111111111111111,0.15500000000000003,0.17386489479512737,Rejected,0.8500000000000001,0.1297539149888143
Male,0.0,Not Graduate,No,0.09278350515463918,0.10204081632653061,0.8888888888888888,0.8800000000000001,0.054263565891472874,Approved,0.9636,0.09823062843197075
Female,1.0,Graduate,Yes,0.8041237113402061,0.5408163265306122,0.5555555555555556,0.7983333333333333,0.6367663344407531,Approved,0.47520000000000007,0.3951596501932073
Male,0.8,Graduate,Yes,0.6082474226804123,0.5459183673469388,0.2222222222222222,0.9333333333333333,0.3776301218161684,Approved,0.8228,0.17083587553386212
Male,1.0,Graduate,No,0.30927835051546393,0.26275510204081637,0.0,0.22000000000000008,0.2735326688815061,Rejected,0.7247999999999999,0.3290624364449868
Female,0.8,Graduate,Yes,0.9072164948453608,0.7678571428571428,1.0,0.3866666666666667,0.7929125138427465,Approved,0.7512000000000001,0.3290624364449868
Female,0.0,Not Graduate,Yes,0.10309278350515465,0.07397959183673469,0.0,0.6300000000000001,0.07087486157253599,Approved,0.4667999999999999,0.2796420581655481
Female,0.6000000000000001,Graduate,No,0.7938144329896907,0.6811224489795918,0.2222222222222222,0.5016666666666667,0.7109634551495018,Approved,0.7672000000000001,0.33414683750254215
Female,0.6000000000000001,Graduate,Yes,0.7731958762886597,0.5816326530612245,0.3333333333333333,0.8450000000000002,0.4396456256921374,Approved,0.6000000000000001,0.20052877770998576
Male,0.4,Not Graduate,No,0.4329896907216495,0.413265306122449,0.7777777777777777,0.9650000000000001,0.33887043189368776,Approved,0.8999999999999999,0.2296115517592028
Male,0.2,Not Graduate,No,0.29896907216494845,0.2780612244897959,0.8888888888888888,0.6083333333333334,0.23809523809523814,Rejected,0.8452,0.24506813097417127
Female,1.0,Not Graduate,Yes,0.24742268041237112,0.22959183673469388,0.7777777777777777,0.6616666666666668,0.19158361018826137,Rejected,0.8308,0.23449257677445598
Male,0.8,Graduate,No,0.5463917525773195,0.5459183673469388,0.6666666666666665,0.9450000000000001,0.3499446290143965,Approved,0.978,0.14744763066910724
Female,0.2,Graduate,No,0.5670103092783505,0.38775510204081637,0.3333333333333333,0.40666666666666673,0.5171650055370987,Approved,0.4875999999999998,0.4655277608297743
Female,1.0,Graduate,No,0.6082474226804123,0.520408163265306,1.0,0.30333333333333334,0.37430786267995575,Rejected,0.7571999999999999,0.18344519015659957
Male,0.4,Graduate,No,0.8247422680412371,0.5663265306122449,0.8888888888888888,0.9283333333333335,0.7098560354374308,Approved,0.49760000000000004,0.43054708155379295
Female,0.2,Graduate,No,0.5979381443298969,0.5331632653061225,0.5555555555555556,0.41500000000000004,0.540420819490587,Approved,0.8131999999999999,0.3195037624567827
Male,0.2,Graduate,Yes,0.8041237113402061,0.7729591836734694,0.4444444444444445,0.7000000000000002,0.735326688815061,Approved,0.9300000000000002,0.2914378686190766
Male,0.8,Not Graduate,No,0.18556701030927833,0.11479591836734694,0.3333333333333333,0.0033333333333334103,0.09413067552602436,Rejected,0.3599999999999999,0.2245271507016474
Male,1.0,Graduate,Yes,0.1134020618556701,0.0663265306122449,0.5555555555555556,0.615,0.08194905869324474,Rejected,0.2923999999999999,0.39454952206630056
Male,0.2,Graduate,No,0.7010309278350515,0.6836734693877551,0.2222222222222222,0.4850000000000001,0.4972314507198229,Approved,0.9483999999999999,0.1875127110026439
Female,0.6000000000000001,Graduate,No,0.4020618556701031,0.38265306122448983,0.2222222222222222,0.2333333333333334,0.24806201550387602,Rejected,0.8928,0.15049827130364044
Male,0.6000000000000001,Graduate,No,0.8041237113402061,0.6607142857142857,0.7777777777777777,0.9833333333333334,0.5393133997785161,Approved,0.71,0.22859467154769172
Female,0.8,Not Graduate,No,0.8144329896907216,0.7066326530612245,0.3333333333333333,0.605,0.566998892580288,Rejected,0.7827999999999999,0.22229001423632297
Female,0.8,Graduate,Yes,0.9587628865979381,0.5688775510204082,0.6666666666666665,0.22166666666666668,0.5204872646733112,Approved,0.3515999999999999,0.2739475289810861
Female,0.0,Graduate,No,0.9278350515463917,0.5663265306122449,0.4444444444444445,0.02833333333333332,0.7796234772978959,Approved,0.37840000000000007,0.48749237339841367
Female,0.4,Graduate,No,0.3814432989690722,0.3673469387755102,0.7777777777777777,0.10000000000000009,0.15060908084163901,Rejected,0.9076,0.041081960545047785
Male,0.2,Graduate,No,0.9175257731958762,0.6607142857142857,0.3333333333333333,0.7116666666666667,0.7109634551495018,Approved,0.5515999999999999,0.3489932885906041
Male,0.6000000000000001,Graduate,Yes,0.288659793814433,0.20408163265306123,0.1111111111111111,0.6416666666666668,0.25470653377630126,Approved,0.5067999999999999,0.4207850315232866
Female,0.8,Graduate,No,0.18556701030927833,0.10204081632653061,0.3333333333333333,0.1216666666666667,0.15725359911406425,Rejected,0.2599999999999999,0.5379296318893635
Female,1.0,Graduate,No,0.6288659793814433,0.364795918367347,0.3333333333333333,0.28166666666666673,0.5681063122923589,Rejected,0.3268,0.5676225340654871
Male,0.6000000000000001,Not Graduate,Yes,0.4020618556701031,0.27040816326530615,0.3333333333333333,0.41333333333333344,0.3444075304540421,Rejected,0.4635999999999998,0.43522473052674404
Female,0.0,Not Graduate,No,0.9896907216494845,0.7423469387755102,1.0,0.53,0.6367663344407531,Approved,0.6000000000000001,0.24791539556640232
Male,0.4,Graduate,No,0.5154639175257731,0.3852040816326531,0.3333333333333333,0.5966666666666667,0.26910299003322263,Approved,0.5848,0.17368314012609318
Female,0.6000000000000001,Graduate,No,0.7628865979381443,0.7244897959183673,0.8888888888888888,0.8016666666666667,0.7851605758582504,Approved,0.9103999999999999,0.3526540573520439
Male,0.6000000000000001,Not Graduate,No,0.9278350515463917,0.8979591836734694,0.0,0.6916666666666667,0.5980066445182725,Approved,0.9436,0.15904006508033355
Female,1.0,Not Graduate,No,0.20618556701030927,0.1989795918367347,0.1111111111111111,0.18166666666666675,0.079734219269103,Rejected,0.8728,0.038234695952816755
Female,0.4,Not Graduate,Yes,0.8350515463917525,0.5178571428571428,0.4444444444444445,0.3400000000000001,0.44850498338870437,Approved,0.39280000000000004,0.25116941224323774
Male,0.6000000000000001,Graduate,Yes,0.6082474226804123,0.5433673469387755,0.7777777777777777,0.21333333333333337,0.34219269102990035,Rejected,0.8164,0.14215985356924957
Female,0.4,Graduate,No,0.443298969072165,0.4158163265306123,1.0,0.6733333333333333,0.32668881506090813,Approved,0.8755999999999999,0.21374822045962985
Female,0.6000000000000001,Not Graduate,No,0.6597938144329897,0.4719387755102041,0.5555555555555556,0.8900000000000001,0.5116279069767442,Approved,0.5391999999999999,0.3516371771405329
Male,0.8,Not Graduate,No,0.8969072164948453,0.8826530612244897,0.6666666666666665,0.6566666666666667,0.5260243632336656,Approved,0.9683999999999999,0.12649989831197891
Female,0.8,Graduate,Yes,0.3814432989690722,0.3316326530612245,1.0,0.255,0.2978959025470654,Rejected,0.764,0.26499898311978853
Male,0.6000000000000001,Graduate,Yes,0.8969072164948453,0.8954081632653061,0.6666666666666665,0.17333333333333334,0.6854928017718717,Approved,0.9912000000000001,0.20540980272523898
Male,1.0,Not Graduate,No,0.6391752577319587,0.5612244897959183,0.5555555555555556,0.7933333333333334,0.4330011074197121,Rejected,0.7936000000000001,0.20764693919056335
Female,0.2,Not Graduate,Yes,0.9587628865979381,0.7244897959183673,0.7777777777777777,0.3766666666666667,0.7475083056478407,Approved,0.6084,0.3286556843603824
Female,0.6000000000000001,Graduate,Yes,0.010309278350515465,0.017857142857142856,0.3333333333333333,0.5683333333333334,0.019933554817275746,Rejected,0.7332000000000001,0.2948952613382144
Female,1.0,Not Graduate,No,0.4020618556701031,0.30612244897959184,0.2222222222222222,0.4700000000000001,0.37873754152823924,Rejected,0.6000000000000001,0.41956477526947333
Female,0.4,Graduate,No,0.8144329896907216,0.5229591836734694,0.8888888888888888,0.7966666666666669,0.5149501661129569,Approved,0.4272,0.3060809436648363
Female,0.8,Graduate,No,0.9999999999999999,0.7168367346938775,0.4444444444444445,0.7716666666666667,0.859357696566999,Approved,0.5476000000000001,0.4059385804352248
Female,0.0,Not Graduate,No,0.4742268041237114,0.4770408163265306,0.5555555555555556,0.5833333333333335,0.310077519379845,Approved,0.9832000000000001,0.15151515151515157
Female,0.0,Graduate,Yes,0.27835051546391754,0.23979591836734693,0.0,0.8666666666666667,0.23145071982281287,Approved,0.738,0.29408175716900553
Male,0.2,Not Graduate,Yes,0.3402061855670103,0.33673469387755106,0.5555555555555556,0.8733333333333335,0.3056478405315615,Approved,0.9428000000000001,0.269269880008135
Female,0.2,Not Graduate,Yes,0.4845360824742268,0.3137755102040817,0.1111111111111111,0.6966666666666668,0.37984496124031014,Approved,0.4284000000000001,0.40756558877364246
Male,0.4,Not Graduate,Yes,0.5051546391752577,0.3316326530612245,0.6666666666666665,0.021666666666666723,0.39091915836101887,Rejected,0.44320000000000004,0.3933292658124873
Female,1.0,Graduate,No,0.7319587628865979,0.6607142857142857,0.4444444444444445,0.7516666666666667,0.5570321151716501,Approved,0.8355999999999999,0.24100061012812693
Female,0.0,Graduate,Yes,0.0,0.0,0.8888888888888888,0.3666666666666667,0.007751937984496124,Rejected,0.0,0.5932479153955664
Male,0.4,Graduate,No,0.12371134020618556,0.11224489795918367,0.1111111111111111,0.09166666666666667,0.08970099667774087,Rejected,0.7428000000000001,0.21537522879804757
Female,0.6000000000000001,Graduate,Yes,0.8762886597938144,0.8494897959183673,0.6666666666666665,0.023333333333333317,0.5005537098560355,Rejected,0.9448000000000001,0.1234492576774456
Female,0.2,Not Graduate,Yes,0.26804123711340205,0.14285714285714285,1.0,0.7133333333333334,0.17165005537098563,Approved,0.24280000000000002,0.3955664022778117
Male,0.6000000000000001,Graduate,Yes,0.9175257731958762,0.7602040816326531,0.6666666666666665,0.44000000000000006,0.7131782945736435,Approved,0.7231999999999998,0.2853365873500102
Female,0.0,Not Graduate,Yes,0.6804123711340205,0.38265306122448983,0.6666666666666665,0.665,0.4905869324473976,Approved,0.29999999999999993,0.44173276388041494
Female,0.0,Not Graduate,Yes,0.49484536082474223,0.4260204081632653,0.2222222222222222,0.54,0.37430786267995575,Approved,0.76,0.2566605653853976
Female,0.0,Graduate,Yes,0.4329896907216495,0.42091836734693877,0.6666666666666665,0.8250000000000002,0.36544850498338877,Approved,0.9272,0.2517795403701444
Male,1.0,Not Graduate,Yes,0.845360824742268,0.4668367346938776,1.0,0.6716666666666666,0.5260243632336656,Approved,0.28559999999999997,0.3711612772015457
Female,0.8,Graduate,No,0.7835051546391752,0.43367346938775514,0.1111111111111111,0.15666666666666673,0.5293466223698783,Rejected,0.2871999999999999,0.41407362212731347
Female,0.8,Graduate,Yes,0.4742268041237114,0.24489795918367344,0.6666666666666665,0.7983333333333333,0.3942414174972315,Approved,0.2247999999999999,0.5869432580841978
Female,0.2,Graduate,No,0.30927835051546393,0.21683673469387754,0.1111111111111111,0.17500000000000004,0.19158361018826137,Rejected,0.5,0.25645718934309547
Female,1.0,Graduate,Yes,0.21649484536082472,0.16326530612244897,0.7777777777777777,0.52,0.2259136212624585,Rejected,0.5651999999999999,0.47874720357941836
Male,1.0,Not Graduate,Yes,0.9278350515463917,0.7091836734693877,0.4444444444444445,0.2466666666666667,0.7652270210409746,Rejected,0.6215999999999999,0.3504169208867195
Male,0.4,Not Graduate,Yes,0.4639175257731959,0.3418367346938776,0.2222222222222222,0.3433333333333334,0.32115171650055374,Rejected,0.5660000000000001,0.2839129550538947
Female,0.0,Not Graduate,Yes,0.8041237113402061,0.7678571428571428,0.0,0.7933333333333334,0.6035437430786269,Approved,0.9199999999999999,0.214765100671141
Female,0.2,Graduate,Yes,0.24742268041237112,0.211734693877551,0.2222222222222222,0.7166666666666668,0.1373200442967885,Approved,0.7231999999999998,0.150091519219036
Male,0.6000000000000001,Not Graduate,No,0.0,0.012755102040816325,1.0,0.7166666666666668,0.006644518272425249,Rejected,1.0,0.1016880211511084
Male,1.0,Graduate,No,0.7319587628865979,0.43112244897959184,0.0,0.07500000000000007,0.46733111849390924,Rejected,0.3423999999999999,0.3512304250559284
Female,0.8,Not Graduate,No,0.3195876288659794,0.29336734693877553,0.0,0.9116666666666668,0.27574750830564787,Rejected,0.8304,0.2835062029692903
Male,0.8,Not Graduate,No,0.8350515463917525,0.586734693877551,1.0,0.16333333333333333,0.6267995570321152,Rejected,0.5227999999999999,0.34492576774455974
Female,1.0,Not Graduate,Yes,0.4020618556701031,0.23724489795918366,0.0,0.011666666666666714,0.30786267995570327,Rejected,0.33640000000000003,0.4449867805572504
Male,0.2,Not Graduate,No,0.7319587628865979,0.596938775510204,0.7777777777777777,0.9200000000000002,0.5193798449612403,Approved,0.6987999999999999,0.25340654870856216
Male,0.2,Not Graduate,No,0.9381443298969072,0.6938775510204082,0.2222222222222222,0.10666666666666669,0.6832779623477299,Approved,0.5828,0.30669107179174293
Male,0.4,Graduate,Yes,0.422680412371134,0.38010204081632654,0.5555555555555556,0.42000000000000004,0.25027685492801777,Approved,0.8140000000000001,0.1551759202765914
Male,0.6000000000000001,Not Graduate,No,0.24742268041237112,0.1989795918367347,0.0,0.20166666666666666,0.1727574750830565,Rejected,0.6460000000000001,0.2491356518202156
Female,1.0,Graduate,No,0.27835051546391754,0.2423469387755102,0.5555555555555556,0.4800000000000001,0.19379844961240314,Rejected,0.7516,0.21903599755948752
Male,0.4,Graduate,Yes,0.07216494845360825,0.0816326530612245,0.2222222222222222,0.7716666666666667,0.053156146179402,Approved,0.9556,0.1496847671344316
Male,0.6000000000000001,Not Graduate,Yes,0.4845360824742268,0.4387755102040817,1.0,0.8716666666666668,0.44296788482835,Approved,0.8284,0.317063249949156
Female,0.0,Graduate,No,0.7731958762886597,0.625,0.4444444444444445,0.5700000000000001,0.6533776301218163,Approved,0.6884000000000001,0.33455358958714665
Male,0.2,Graduate,No,0.4639175257731959,0.42091836734693877,0.5555555555555556,0.5783333333333334,0.35769656699889263,Approved,0.8295999999999999,0.2432377465934513
Male,1.0,Not Graduate,No,0.288659793814433,0.2193877551020408,1.0,0.9766666666666668,0.18383167220376526,Rejected,0.5868,0.2359162090705715
Female,0.8,Not Graduate,No,0.979381443298969,0.6607142857142857,0.1111111111111111,0.3633333333333334,0.6899224806201552,Rejected,0.48039999999999994,0.33414683750254215
Male,0.0,Graduate,Yes,0.6907216494845361,0.6760204081632653,1.0,0.3583333333333334,0.4197120708748616,Approved,0.9536,0.13809233272320523
Female,0.4,Not Graduate,Yes,0.3711340206185567,0.30867346938775514,0.3333333333333333,0.06666666666666665,0.18050941306755264,Rejected,0.7052,0.12141549725442344
Female,0.6000000000000001,Not Graduate,Yes,0.04123711340206186,0.03571428571428571,0.6666666666666665,0.3683333333333334,0.032115171650055375,Rejected,0.5332000000000001,0.24222086638194026
Female,0.4,Not Graduate,Yes,0.10309278350515465,0.0663265306122449,0.5555555555555556,0.050000000000000044,0.0664451827242525,Rejected,0.3667999999999999,0.29631889363432984
Female,0.8,Not Graduate,Yes,0.7835051546391752,0.6760204081632653,0.0,0.29000000000000004,0.48394241417497236,Rejected,0.7744,0.18222493390278624
Male,0.0,Not Graduate,No,0.9072164948453608,0.8877551020408163,0.2222222222222222,0.9966666666666668,0.5105204872646734,Approved,0.96,0.11694122432377466
Female,0.2,Not Graduate,No,0.26804123711340205,0.22448979591836735,0.5555555555555556,0.22666666666666668,0.16722037652270214,Rejected,0.7,0.19381736831401267
Male,0.2,Not Graduate,No,0.7835051546391752,0.5357142857142857,0.4444444444444445,0.043333333333333335,0.6212624584717609,Approved,0.49239999999999995,0.3870246085011185
Male,0.8,Graduate,Yes,0.4639175257731959,0.2346938775510204,0.8888888888888888,0.9600000000000002,0.4440753045404209,Approved,0.20839999999999992,0.7144600366076876
Male,0.4,Graduate,No,0.4536082474226804,0.4387755102040817,1.0,0.4950000000000001,0.39091915836101887,Rejected,0.9216,0.2623550945698597
Male,0.8,Graduate,No,0.5051546391752577,0.4030612244897959,0.6666666666666665,0.22666666666666668,0.3709856035437431,Rejected,0.6628000000000001,0.275777913361806
Male,0.6000000000000001,Not Graduate,Yes,0.6082474226804123,0.5739795918367346,0.8888888888888888,0.5666666666666667,0.5459579180509414,Rejected,0.8952,0.2908277404921701
Male,0.0,Not Graduate,No,0.5979381443298969,0.5765306122448979,0.7777777777777777,0.0033333333333334103,0.4772978959025471,Rejected,0.9268000000000001,0.23388244864754934
Male,0.4,Not Graduate,No,0.845360824742268,0.5841836734693877,0.7777777777777777,0.29333333333333333,0.5260243632336656,Approved,0.5047999999999999,0.2674394956274151
Male,0.4,Graduate,No,0.9381443298969072,0.5535714285714285,0.6666666666666665,0.15500000000000003,0.5537098560354375,Approved,0.34640000000000004,0.3134024811877161
Male,0.0,Graduate,No,0.4123711340206186,0.25510204081632654,0.4444444444444445,0.3433333333333334,0.35215946843853824,Approved,0.3807999999999999,0.4832214765100671
Male,0.6000000000000001,Graduate,No,0.9690721649484536,0.9566326530612245,0.4444444444444445,0.19666666666666666,0.6423034330011075,Rejected,0.9752000000000001,0.16168395363026236
Female,0.6000000000000001,Graduate,No,0.556701030927835,0.33418367346938777,0.2222222222222222,0.9416666666666667,0.4706533776301219,Approved,0.35719999999999985,0.4984746796827334
Female,0.8,Graduate,No,0.7835051546391752,0.721938775510204,0.0,0.6716666666666666,0.5813953488372093,Approved,0.8668,0.2237136465324385
Female,0.4,Graduate,Yes,0.443298969072165,0.3137755102040817,0.0,0.44666666666666677,0.3444075304540421,Approved,0.5199999999999998,0.35590807402887936
Male,0.6000000000000001,Graduate,No,0.2268041237113402,0.14285714285714285,0.0,0.20833333333333337,0.12292358803986712,Rejected,0.3832,0.243847874720358
Female,0.0,Not Graduate,No,0.3814432989690722,0.2806122448979592,0.5555555555555556,0.008333333333333415,0.23698781838316726,Rejected,0.5588,0.23978035387431365
Female,1.0,Graduate,Yes,0.9690721649484536,0.5178571428571428,0.2222222222222222,0.26,0.6777408637873755,Approved,0.25839999999999996,0.4555623347569657
Female,0.8,Not Graduate,No,0.07216494845360825,0.058673469387755105,0.0,0.5033333333333334,0.0575858250276855,Rejected,0.5555999999999999,0.28553996339231236
Male,0.6000000000000001,Graduate,Yes,0.09278350515463918,0.08928571428571429,1.0,0.8566666666666667,0.0753045404208195,Approved,0.782,0.23286556843603826
Male,0.8,Not Graduate,No,0.6391752577319587,0.6275510204081632,0.0,0.5666666666666667,0.4462901439645626,Rejected,0.9563999999999999,0.17998779743746188
Male,0.4,Graduate,No,0.4536082474226804,0.375,0.1111111111111111,0.8616666666666668,0.318936877076412,Approved,0.7044000000000001,0.24344112263575354
Male,0.8,Graduate,No,0.7628865979381443,0.7525510204081632,1.0,0.10166666666666668,0.44739756367663347,Rejected,0.9683999999999999,0.12588977018507222
Female,1.0,Not Graduate,No,0.6804123711340205,0.5051020408163265,0.6666666666666665,0.8983333333333334,0.2790697674418605,Rejected,0.5824,0.10656904616636162
Female,1.0,Graduate,No,0.7113402061855669,0.6811224489795918,1.0,0.4866666666666667,0.4662236987818384,Rejected,0.9212,0.16758185885702667
Female,0.8,Not Graduate,Yes,0.6701030927835051,0.6224489795918366,0.2222222222222222,0.33000000000000007,0.44739756367663347,Rejected,0.8748,0.18344519015659957
Female,1.0,Not Graduate,Yes,0.5773195876288659,0.30867346938775514,0.2222222222222222,0.9116666666666668,0.39202657807308977,Approved,0.25519999999999987,0.4346146023998373
Male,0.0,Graduate,Yes,0.8659793814432989,0.7423469387755102,0.7777777777777777,0.5716666666666668,0.6644518272425249,Approved,0.7676000000000001,0.2652023591620907
Male,0.0,Graduate,Yes,0.3402061855670103,0.26275510204081637,0.1111111111111111,0.14833333333333343,0.26910299003322263,Approved,0.6115999999999999,0.3213341468375026
Male,0.4,Graduate,Yes,0.4742268041237114,0.4387755102040817,1.0,0.135,0.3023255813953489,Rejected,0.8584,0.1694122432377466
Female,1.0,Graduate,Yes,0.6082474226804123,0.35969387755102045,0.7777777777777777,0.16666666666666674,0.45404208194905876,Rejected,0.34440000000000004,0.43217408989221073
Male,1.0,Graduate,Yes,0.5154639175257731,0.3163265306122449,0.7777777777777777,0.6966666666666668,0.40642303433001115,Approved,0.3768,0.4415293878381127
Male,1.0,Not Graduate,Yes,0.4020618556701031,0.30867346938775514,0.3333333333333333,0.015000000000000013,0.2779623477297896,Rejected,0.6095999999999999,0.2656091112466952
Female,1.0,Not Graduate,No,0.30927835051546393,0.18112244897959182,0.0,0.8966666666666667,0.20487264673311187,Rejected,0.32479999999999987,0.3668903803131991
Female,0.6000000000000001,Not Graduate,Yes,0.7525773195876289,0.5433673469387755,0.6666666666666665,0.6300000000000001,0.5736434108527132,Approved,0.5519999999999998,0.3390278625177954
Male,0.4,Not Graduate,Yes,0.13402061855670103,0.10714285714285715,0.6666666666666665,0.8766666666666667,0.11849390919158362,Rejected,0.6000000000000001,0.3491966646329062
Male,0.8,Graduate,Yes,0.10309278350515465,0.07142857142857144,0.7777777777777777,0.08000000000000007,0.09080841638981174,Rejected,0.43320000000000003,0.4116331096196868
Male,0.2,Graduate,Yes,0.845360824742268,0.49489795918367346,0.2222222222222222,0.29333333333333333,0.9379844961240311,Approved,0.3380000000000001,0.726052471018914
Male,0.0,Not Graduate,Yes,0.7938144329896907,0.6632653061224489,0.3333333333333333,0.6100000000000001,0.4828349944629015,Approved,0.7316,0.18771608704494616
Male,0.2,Graduate,Yes,0.1958762886597938,0.10204081632653061,1.0,0.9933333333333334,0.13067552602436325,Approved,0.21919999999999995,0.42444580028472656
Male,0.4,Graduate,No,0.23711340206185563,0.17091836734693877,1.0,0.41166666666666674,0.10077519379844961,Rejected,0.5199999999999998,0.1234492576774456
Female,0.4,Not Graduate,Yes,0.36082474226804123,0.3469387755102041,0.0,0.17500000000000004,0.25802879291251385,Rejected,0.9028,0.19422412039861706
Female,1.0,Graduate,No,0.09278350515463918,0.09438775510204082,0.7777777777777777,0.33000000000000007,0.03433001107419713,Rejected,0.8544,0.025422005287777105
Female,1.0,Graduate,No,0.6494845360824741,0.625,0.3333333333333333,0.7983333333333333,0.4507198228128461,Approved,0.9259999999999999,0.18446207036811066
Male,0.0,Not Graduate,Yes,0.8247422680412371,0.7959183673469388,0.3333333333333333,0.17166666666666675,0.49833887043189373,Approved,0.9364000000000001,0.14053284523083184
Female,0.4,Not Graduate,No,0.49484536082474223,0.30867346938775514,0.3333333333333333,0.6816666666666666,0.38981173864894797,Rejected,0.3919999999999999,0.43136058572300184
Male,0.2,Not Graduate,No,0.13402061855670103,0.14540816326530612,0.2222222222222222,0.3450000000000001,0.1284606866002215,Rejected,1.0,0.25422005287777105
Male,1.0,Not Graduate,No,0.36082474226804123,0.22448979591836735,0.8888888888888888,0.1133333333333334,0.18936877076411962,Rejected,0.38359999999999994,0.23856009762050032
Female,0.6000000000000001,Graduate,Yes,0.4020618556701031,0.364795918367347,0.7777777777777777,0.7666666666666668,0.318936877076412,Approved,0.8244,0.25422005287777105
Male,0.4,Not Graduate,No,0.7216494845360825,0.42091836734693877,0.2222222222222222,0.8266666666666667,0.40420819490586934,Approved,0.33320000000000005,0.29408175716900553
Male,0.2,Graduate,No,0.18556701030927833,0.11989795918367348,0.2222222222222222,0.9600000000000002,0.11406423034330011,Approved,0.3999999999999999,0.2826926988000814
Female,0.6000000000000001,Not Graduate,No,0.18556701030927833,0.11224489795918367,0.6666666666666665,0.6216666666666668,0.124031007751938,Rejected,0.33999999999999997,0.34940004067520847
Female,0.2,Graduate,Yes,0.5051546391752577,0.28571428571428575,0.1111111111111111,0.7450000000000001,0.38316722037652273,Approved,0.30199999999999994,0.4663412649989832
Female,0.2,Not Graduate,No,0.5979381443298969,0.3392857142857143,0.5555555555555556,0.4816666666666667,0.31672203765227025,Approved,0.30679999999999996,0.28106569046166363
Male,0.2,Graduate,No,0.4845360824742268,0.45408163265306123,0.3333333333333333,0.13666666666666671,0.34883720930232565,Rejected,0.8775999999999999,0.20581655480984343
Female,0.6000000000000001,Not Graduate,Yes,0.07216494845360825,0.05102040816326531,0.5555555555555556,1.0,0.05869324473975638,Rejected,0.4223999999999999,0.35143380109823064
Female,0.2,Graduate,Yes,0.7525773195876289,0.6301020408163265,0.8888888888888888,0.5466666666666666,0.3510520487264674,Approved,0.7332000000000001,0.10860280658938379
Male,0.4,Graduate,No,0.6391752577319587,0.6301020408163265,0.5555555555555556,0.6116666666666668,0.5481727574750831,Approved,0.9624000000000001,0.25340654870856216
Female,0.4,Graduate,Yes,0.8762886597938144,0.6658163265306122,0.0,0.7966666666666669,0.5492801771871539,Approved,0.6135999999999999,0.232662192393736
Female,0.8,Graduate,Yes,0.7319587628865979,0.43112244897959184,0.8888888888888888,0.885,0.5603543743078627,Approved,0.3423999999999999,0.45047793369941014
Female,1.0,Graduate,No,0.7422680412371133,0.6836734693877551,0.1111111111111111,0.033333333333333326,0.7596899224806203,Rejected,0.8648,0.3652633719747813
Male,0.4,Graduate,No,0.2577319587628866,0.22959183673469388,0.7777777777777777,0.5933333333333335,0.21926910299003324,Rejected,0.7776000000000001,0.2892007321537523
Male,0.6000000000000001,Graduate,No,0.32989690721649484,0.2193877551020408,0.2222222222222222,0.9933333333333334,0.25470653377630126,Approved,0.4471999999999998,0.3821435834858654
Male,0.6000000000000001,Not Graduate,Yes,0.1958762886597938,0.18112244897959182,0.1111111111111111,0.033333333333333326,0.15614617940199338,Rejected,0.8096000000000001,0.24588163514338016
Male,0.4,Not Graduate,No,0.29896907216494845,0.2602040816326531,0.4444444444444445,0.7516666666666667,0.239202657807309,Approved,0.7547999999999999,0.2735407768964817
Female,1.0,Not Graduate,No,0.4639175257731959,0.4362244897959184,0.0,0.3716666666666667,0.36877076411960136,Rejected,0.8808,0.24140736221273137
Male,1.0,Graduate,No,0.29896907216494845,0.2602040816326531,0.2222222222222222,0.4733333333333334,0.256921373200443,Rejected,0.7547999999999999,0.3046573113687209
Male,0.4,Not Graduate,No,0.5670103092783505,0.5127551020408163,0.0,0.55,0.345514950166113,Rejected,0.8316000000000001,0.16249745779947125
Female,0.6000000000000001,Graduate,Yes,0.21649484536082472,0.19642857142857142,0.6666666666666665,0.28666666666666674,0.186046511627907,Rejected,0.7912000000000001,0.2847264592231036
Female,0.0,Not Graduate,Yes,0.6597938144329897,0.4642857142857143,0.7777777777777777,0.8366666666666667,0.5182724252491695,Approved,0.5211999999999999,0.36628025218629245
Female,0.4,Graduate,Yes,0.2577319587628866,0.15561224489795916,0.8888888888888888,0.41166666666666674,0.1904761904761905,Approved,0.348,0.4067520846044336
Male,0.2,Not Graduate,Yes,0.061855670103092786,0.06377551020408163,0.7777777777777777,0.7100000000000002,0.079734219269103,Rejected,0.8,0.3994305470815538
Male,0.2,Graduate,No,0.6597938144329897,0.4642857142857143,0.3333333333333333,0.6866666666666668,0.41085271317829464,Approved,0.5211999999999999,0.2597112060199309
Male,0.6000000000000001,Graduate,No,0.3814432989690722,0.2653061224489796,0.2222222222222222,0.8166666666666667,0.3023255813953489,Approved,0.49760000000000004,0.37400854179377674
Female,1.0,Not Graduate,No,0.0,0.007653061224489796,0.7777777777777777,0.16000000000000003,0.0033222591362126247,Rejected,0.6000000000000001,0.08480780964002443
Female,0.6000000000000001,Graduate,No,0.18556701030927833,0.09948979591836735,0.2222222222222222,0.885,0.11849390919158362,Approved,0.24,0.38499084807809636
Male,0.4,Graduate,Yes,0.9175257731958762,0.5255102040816326,1.0,0.5533333333333335,0.5249169435215948,Approved,0.3188,0.3125889770185072
Female,0.6000000000000001,Graduate,No,0.4639175257731959,0.2678571428571429,0.3333333333333333,0.3783333333333334,0.380952380952381,Rejected,0.31919999999999993,0.50274557657108
Female,0.6000000000000001,Not Graduate,Yes,0.30927835051546393,0.2755102040816327,0.2222222222222222,0.6800000000000002,0.26356589147286824,Rejected,0.7875999999999999,0.2908277404921701
Female,0.4,Not Graduate,No,0.15463917525773194,0.09948979591836735,0.6666666666666665,0.8816666666666668,0.08416389811738649,Rejected,0.38839999999999997,0.23489932885906042
Male,0.2,Not Graduate,No,0.24742268041237112,0.1989795918367347,0.5555555555555556,0.9233333333333333,0.1993355481727575,Approved,0.6460000000000001,0.309538336383974
Female,0.6000000000000001,Not Graduate,Yes,0.2577319587628866,0.16326530612244897,0.6666666666666665,0.9983333333333335,0.15725359911406425,Approved,0.39239999999999986,0.29062436444986783
Female,0.0,Not Graduate,Yes,0.3505154639175258,0.33418367346938777,0.2222222222222222,0.4816666666666667,0.203765227021041,Approved,0.8888,0.13280455562334761
Male,0.8,Graduate,Yes,0.7216494845360825,0.6556122448979591,0.2222222222222222,0.45166666666666677,0.3444075304540421,Approved,0.8444,0.09395973154362416
Male,0.4,Not Graduate,Yes,0.23711340206185563,0.15561224489795916,0.2222222222222222,0.6800000000000002,0.2225913621262459,Rejected,0.42399999999999993,0.4988814317673378
Female,0.4,Not Graduate,No,0.5463917525773195,0.4923469387755102,0.7777777777777777,0.046666666666666745,0.23698781838316726,Rejected,0.8256000000000001,0.07362212731340251
Female,0.6000000000000001,Graduate,Yes,0.9278350515463917,0.846938775510204,0.3333333333333333,0.44000000000000006,0.850498338870432,Approved,0.8564,0.3160463697376449
Male,0.6000000000000001,Not Graduate,No,0.9072164948453608,0.4770408163265306,0.3333333333333333,0.655,0.655592469545958,Approved,0.24440000000000006,0.4854586129753915
Male,0.8,Not Graduate,Yes,0.5876288659793814,0.375,0.6666666666666665,0.5433333333333334,0.513842746400886,Approved,0.41679999999999984,0.4820012202562538
Female,0.8,Graduate,No,0.556701030927835,0.3903061224489796,0.5555555555555556,0.28333333333333344,0.46290143964562575,Rejected,0.5144,0.39760016270083387
Female,0.4,Not Graduate,Yes,0.30927835051546393,0.3112244897959184,0.3333333333333333,0.915,0.2225913621262459,Approved,0.9624000000000001,0.18100467764897296
Female,1.0,Not Graduate,No,0.9175257731958762,0.7015306122448979,0.7777777777777777,0.41166666666666674,0.7729789590254708,Rejected,0.6220000000000001,0.36099247508643484
Female,0.0,Not Graduate,Yes,0.4536082474226804,0.3775510204081633,0.0,0.19500000000000006,0.3045404208194906,Approved,0.7132000000000001,0.2233068944478341
Male,0.8,Graduate,No,0.7319587628865979,0.37244897959183676,0.0,0.09666666666666668,0.5891472868217055,Rejected,0.21639999999999993,0.5790115924344112
Female,1.0,Not Graduate,Yes,0.1134020618556701,0.07142857142857144,0.7777777777777777,0.8766666666666667,0.08859357696567,Rejected,0.35399999999999987,0.3986170429123449
Female,0.0,Not Graduate,No,0.16494845360824742,0.09948979591836735,0.2222222222222222,0.8933333333333333,0.1284606866002215,Approved,0.33320000000000005,0.4285133211307709
Male,0.6000000000000001,Graduate,No,0.03092783505154639,0.03571428571428571,0.4444444444444445,0.3483333333333334,0.0221483942414175,Rejected,0.76,0.13463494000406753
Female,0.4,Not Graduate,Yes,0.5670103092783505,0.5153061224489796,1.0,0.4683333333333334,0.4706533776301219,Approved,0.8384,0.2731340248118772
Male,0.8,Graduate,No,0.010309278350515465,0.020408163265306124,0.1111111111111111,0.09833333333333338,0.009966777408637875,Rejected,0.8668,0.08785845027455766
Female,1.0,Graduate,Yes,0.1958762886597938,0.17346938775510204,0.4444444444444445,0.3616666666666667,0.11627906976744187,Rejected,0.7524,0.1596501932072402
Female,0.2,Not Graduate,Yes,0.5670103092783505,0.5051020408163265,0.6666666666666665,0.2366666666666667,0.4761904761904762,Approved,0.8104,0.2865568436038235
Male,0.2,Not Graduate,Yes,0.09278350515463918,0.06122448979591837,0.7777777777777777,0.07666666666666666,0.053156146179402,Rejected,0.382,0.23917022574740696
Male,1.0,Graduate,No,0.9381443298969072,0.8596938775510203,0.2222222222222222,0.7366666666666668,0.5027685492801772,Approved,0.8624,0.12141549725442344
Female,0.2,Graduate,Yes,0.3402061855670103,0.1989795918367347,0.4444444444444445,0.5433333333333334,0.24695459579180512,Approved,0.3256,0.4173276388041489
Female,0.0,Not Graduate,Yes,0.8247422680412371,0.7270408163265306,0.1111111111111111,0.5316666666666667,0.43189368770764125,Approved,0.8048,0.12568639414277002
Female,0.4,Not Graduate,Yes,0.7525773195876289,0.4489795918367347,1.0,0.7233333333333334,0.4662236987818384,Approved,0.3548,0.3302826926988002
Male,0.2,Graduate,Yes,0.7010309278350515,0.645408163265306,0.2222222222222222,0.20000000000000007,0.5559246954595792,Approved,0.8628,0.24954240390482005
Female,1.0,Not Graduate,Yes,0.3814432989690722,0.20408163265306123,0.8888888888888888,0.5,0.2225913621262459,Rejected,0.2512,0.34980679275981297
Male,0.6000000000000001,Graduate,Yes,0.4639175257731959,0.32908163265306123,0.5555555555555556,0.2333333333333334,0.30786267995570327,Rejected,0.5236000000000001,0.2818791946308725
Male,1.0,Not Graduate,Yes,0.15463917525773194,0.125,0.7777777777777777,0.8666666666666667,0.08305647840531562,Rejected,0.6236000000000002,0.1563961765304047
Female,0.0,Graduate,No,0.23711340206185563,0.1913265306122449,0.3333333333333333,0.2283333333333334,0.16057585825027687,Rejected,0.6480000000000001,0.2359162090705715
Male,0.2,Not Graduate,Yes,0.020618556701030927,0.028061224489795915,0.5555555555555556,0.28,0.02436323366555925,Rejected,0.8,0.22513727882855403
Female,0.0,Not Graduate,Yes,0.2268041237113402,0.22448979591836735,0.3333333333333333,0.1133333333333334,0.12070874861572538,Rejected,0.9167999999999998,0.10006101281269067
Female,0.8,Graduate,No,0.5670103092783505,0.5510204081632653,0.0,0.9516666666666667,0.27685492801771877,Rejected,0.9368000000000001,0.08338417734390888
Female,0.2,Graduate,No,0.9896907216494845,0.9591836734693877,0.1111111111111111,0.8600000000000001,0.7552602436323367,Approved,0.9468000000000001,0.21557860484034982
Female,1.0,Graduate,No,0.9072164948453608,0.8290816326530612,0.1111111111111111,0.7883333333333333,0.49501661129568114,Approved,0.8576000000000001,0.1271100264388855
Female,0.6000000000000001,Not Graduate,No,0.061855670103092786,0.06887755102040817,0.6666666666666665,0.4600000000000001,0.05647840531561463,Rejected,0.8999999999999999,0.2202562538133008
Male,0.2,Graduate,No,0.14432989690721648,0.10714285714285715,0.6666666666666665,0.6216666666666668,0.1018826135105205,Rejected,0.5247999999999999,0.2812690665039659
Male,0.0,Graduate,Yes,0.9896907216494845,0.8622448979591837,1.0,0.7666666666666668,0.8582502768549282,Approved,0.792,0.31197884889160055
Female,1.0,Not Graduate,Yes,0.27835051546391754,0.18367346938775508,0.5555555555555556,0.6300000000000001,0.22812846068660025,Rejected,0.4343999999999999,0.4169208867195444
Female,0.8,Not Graduate,Yes,0.3814432989690722,0.29846938775510207,0.6666666666666665,0.9883333333333335,0.3145071982281285,Approved,0.6308,0.3355704697986577
Male,0.0,Graduate,Yes,0.3195876288659794,0.22193877551020408,0.8888888888888888,0.7566666666666668,0.2347729789590255,Approved,0.4907999999999999,0.3355704697986577
Male,0.6000000000000001,Graduate,Yes,0.05154639175257732,0.04846938775510204,0.3333333333333333,0.5283333333333333,0.054263565891472874,Rejected,0.6572,0.3374008541793777
Male,0.6000000000000001,Not Graduate,Yes,0.845360824742268,0.7448979591836734,1.0,0.6016666666666668,0.6356589147286822,Approved,0.8048,0.24588163514338016
Male,0.2,Graduate,Yes,0.3917525773195876,0.3010204081632653,0.5555555555555556,0.09333333333333338,0.3676633444075305,Approved,0.6099999999999999,0.41224323774659344
Female,0.0,Not Graduate,Yes,0.17525773195876287,0.15306122448979592,0.7777777777777777,0.8516666666666668,0.08637873754152824,Approved,0.7263999999999999,0.11226357535082368
Female,0.0,Not Graduate,No,0.3814432989690722,0.364795918367347,0.0,0.7166666666666668,0.363233665559247,Approved,0.8976000000000002,0.3099450884685785
Male,1.0,Not Graduate,No,0.7422680412371133,0.451530612244898,0.0,0.8200000000000001,0.43743078626799564,Approved,0.3727999999999999,0.2983526540573521
Female,1.0,Not Graduate,Yes,0.5876288659793814,0.4005102040816327,0.2222222222222222,0.8300000000000001,0.3975636766334441,Rejected,0.4848000000000001,0.30892820825706735
Male,0.4,Not Graduate,No,0.12371134020618556,0.0663265306122449,0.5555555555555556,0.31666666666666676,0.09523809523809525,Rejected,0.22840000000000005,0.4785438275371162
Female,0.4,Graduate,Yes,0.16494845360824742,0.13265306122448978,0.2222222222222222,0.2466666666666667,0.10741971207087486,Rejected,0.6224000000000001,0.2208663819402075
Male,0.0,Graduate,Yes,0.08247422680412371,0.07142857142857144,0.2222222222222222,0.3750000000000001,0.08194905869324474,Approved,0.6400000000000001,0.3591620907057149
Female,0.2,Graduate,No,0.7422680412371133,0.48214285714285715,1.0,0.19166666666666676,0.4739756367663345,Approved,0.43799999999999994,0.30506406345332526
Male,1.0,Graduate,No,0.2577319587628866,0.26275510204081637,0.7777777777777777,0.32666666666666677,0.17054263565891475,Rejected,0.9704000000000002,0.15070164734594269
Male,0.2,Not Graduate,Yes,0.3505154639175258,0.326530612244898,0.3333333333333333,0.405,0.168327796234773,Approved,0.8555999999999999,0.08968883465527763
Female,1.0,Graduate,No,0.7010309278350515,0.46173469387755106,0.5555555555555556,0.3666666666666667,0.40974529346622374,Rejected,0.4516,0.2609314622737442
Male,0.8,Not Graduate,Yes,0.49484536082474223,0.451530612244898,0.6666666666666665,0.011666666666666714,0.29457364341085274,Rejected,0.8400000000000001,0.1525320317266626
Female,0.4,Graduate,No,0.16494845360824742,0.1377551020408163,0.6666666666666665,0.33666666666666667,0.08637873754152824,Rejected,0.6667999999999998,0.1401260931462274
Female,0.4,Graduate,Yes,0.4639175257731959,0.29846938775510207,0.2222222222222222,0.3416666666666667,0.30011074197120713,Rejected,0.4212,0.3136058572300183
Male,0.4,Not Graduate,Yes,0.6701030927835051,0.5816326530612245,0.1111111111111111,0.00666666666666671,0.6135105204872647,Rejected,0.7791999999999999,0.33882448647549324
Female,1.0,Not Graduate,No,0.5773195876288659,0.4387755102040817,0.4444444444444445,0.6983333333333335,0.2524916943521595,Rejected,0.6068,0.1171446003660769
Female,0.0,Graduate,Yes,0.5876288659793814,0.5714285714285714,0.8888888888888888,0.925,0.4186046511627907,Approved,0.9388000000000001,0.18974984746796833
Female,0.8,Not Graduate,No,0.5979381443298969,0.39540816326530615,0.8888888888888888,0.4883333333333334,0.3410852713178295,Rejected,0.45320000000000005,0.2491356518202156
Female,0.2,Not Graduate,Yes,0.05154639175257732,0.028061224489795915,0.4444444444444445,0.3716666666666667,0.043189368770764125,Rejected,0.19999999999999996,0.4720357941834452
Female,0.0,Not Graduate,Yes,0.36082474226804123,0.326530612244898,0.6666666666666665,0.14166666666666672,0.3444075304540421,Rejected,0.8164,0.3365873500101688
Male,0.0,Graduate,Yes,0.7113402061855669,0.48469387755102045,0.2222222222222222,0.8050000000000002,0.3887043189368771,Approved,0.48719999999999986,0.22147651006711414
Female,1.0,Graduate,Yes,0.09278350515463918,0.09183673469387756,0.0,0.3966666666666667,0.079734219269103,Rejected,0.8180000000000001,0.243847874720358
Female,0.6000000000000001,Not Graduate,Yes,0.9587628865979381,0.5051020408163265,0.0,0.3433333333333334,0.6744186046511629,Approved,0.24639999999999995,0.4677648972950986
Female,0.8,Not Graduate,Yes,0.20618556701030927,0.211734693877551,0.0,0.2683333333333334,0.11960132890365449,Rejected,0.9636,0.11226357535082368
Female,0.8,Not Graduate,Yes,0.5463917525773195,0.5025510204081632,0.3333333333333333,0.6100000000000001,0.3765227021040975,Rejected,0.8544,0.1972747610331503
Female,0.6000000000000001,Not Graduate,Yes,0.4329896907216495,0.40816326530612246,1.0,0.43500000000000005,0.32225913621262464,Rejected,0.8820000000000001,0.21557860484034982
Male,1.0,Not Graduate,No,0.49484536082474223,0.2678571428571429,0.4444444444444445,0.07500000000000007,0.4130675526024364,Rejected,0.264,0.5574537319503763
Female,0.8,Not Graduate,Yes,0.6082474226804123,0.3112244897959184,0.6666666666666665,0.9366666666666668,0.4551495016611296,Approved,0.2195999999999999,0.5226764287166972
Male,0.6000000000000001,Not Graduate,No,0.8144329896907216,0.5612244897959183,0.4444444444444445,0.6433333333333333,0.5991140642303434,Approved,0.5012000000000001,0.34451901565995524
Male,0.8,Graduate,Yes,0.7010309278350515,0.4923469387755102,0.3333333333333333,0.6800000000000002,0.5382059800664453,Approved,0.5199999999999998,0.35590807402887936
Male,0.8,Not Graduate,No,0.556701030927835,0.36989795918367346,1.0,0.5933333333333335,0.40420819490586934,Rejected,0.45719999999999983,0.35448444173276383
Male,0.8,Graduate,No,0.16494845360824742,0.17091836734693877,0.6666666666666665,0.7383333333333335,0.1018826135105205,Rejected,0.9556,0.12629652226967666
Female,0.4,Graduate,No,0.3505154639175258,0.3010204081632653,0.6666666666666665,0.18000000000000005,0.35769656699889263,Rejected,0.7444000000000002,0.39699003457392723
Male,1.0,Graduate,No,0.04123711340206186,0.025510204081632654,0.6666666666666665,0.18000000000000005,0.037652270210409754,Rejected,0.2667999999999999,0.4419361399227171
Male,0.2,Graduate,Yes,0.4845360824742268,0.413265306122449,0.5555555555555556,0.2316666666666667,0.2879291251384275,Approved,0.7467999999999999,0.17286963595688434
Female,0.6000000000000001,Graduate,Yes,0.288659793814433,0.17346938775510204,0.2222222222222222,0.19166666666666676,0.21373200442967888,Rejected,0.3468,0.41183648566198905
Female,0.0,Not Graduate,Yes,0.3711340206185567,0.26275510204081637,0.5555555555555556,0.31666666666666676,0.2978959025470654,Approved,0.5156000000000001,0.3711612772015457
Female,0.2,Graduate,Yes,0.7628865979381443,0.7576530612244897,0.7777777777777777,0.9733333333333334,0.4928017718715394,Approved,0.9788000000000001,0.15192190359975596
Male,0.8,Graduate,No,0.7835051546391752,0.6403061224489796,0.8888888888888888,0.20833333333333337,0.6013289036544851,Rejected,0.7023999999999999,0.28553996339231236
Female,0.0,Graduate,No,0.6804123711340205,0.5459183673469388,1.0,0.7166666666666668,0.44961240310077527,Approved,0.6763999999999999,0.23164531218222498
Female,0.8,Graduate,Yes,0.5876288659793814,0.43367346938775514,1.0,0.595,0.26356589147286824,Approved,0.5728,0.13199105145413872
Male,0.4,Not Graduate,No,0.4845360824742268,0.42091836734693877,0.4444444444444445,0.30000000000000004,0.2879291251384275,Rejected,0.7715999999999998,0.16697173073011998
Female,0.6000000000000001,Not Graduate,Yes,0.09278350515463918,0.07142857142857144,0.7777777777777777,0.09333333333333338,0.062015503875969,Rejected,0.5271999999999999,0.24100061012812693
Female,0.2,Not Graduate,Yes,0.9896907216494845,0.9107142857142857,0.5555555555555556,0.5483333333333333,0.8050941306755262,Approved,0.8692,0.2605247101891398
Female,0.2,Graduate,Yes,0.10309278350515465,0.11224489795918367,0.0,0.6116666666666668,0.0664451827242525,Approved,0.9667999999999999,0.12446613788895669
Female,0.0,Not Graduate,No,0.4639175257731959,0.28571428571428575,0.8888888888888888,0.43166666666666675,0.3145071982281285,Rejected,0.3788,0.35672157819808825
Male,0.8,Graduate,No,0.6701030927835051,0.4005102040816327,0.1111111111111111,0.8183333333333334,0.42635658914728686,Approved,0.35519999999999996,0.34187512711002643
Female,0.0,Not Graduate,Yes,0.36082474226804123,0.2806122448979592,0.2222222222222222,0.3966666666666667,0.2436323366555925,Approved,0.6215999999999999,0.2505592841163311
Female,0.4,Graduate,No,0.7422680412371133,0.4005102040816327,1.0,0.09666666666666668,0.5858250276854928,Approved,0.2647999999999999,0.5249135651820216
Male,0.4,Not Graduate,No,0.3195876288659794,0.2908163265306123,0.6666666666666665,0.2316666666666667,0.22037652270210412,Rejected,0.8180000000000001,0.20032540166768356
Female,0.4,Graduate,Yes,0.4742268041237114,0.38265306122448983,0.5555555555555556,0.3383333333333334,0.256921373200443,Approved,0.6752,0.16107382550335572
Male,0.8,Graduate,Yes,0.4536082474226804,0.29591836734693877,0.2222222222222222,0.8500000000000001,0.46179401993355484,Approved,0.4348000000000001,0.5670124059385804
Female,0.2,Graduate,Yes,0.8041237113402061,0.7729591836734694,0.6666666666666665,0.0033333333333334103,0.6212624584717609,Approved,0.9300000000000002,0.22290014236322966
Male,0.0,Not Graduate,No,0.4020618556701031,0.21683673469387754,0.8888888888888888,0.0,0.32115171650055374,Rejected,0.25839999999999996,0.5269473256050438
Male,0.8,Not Graduate,No,0.24742268041237112,0.1760204081632653,0.7777777777777777,0.52,0.10077519379844961,Rejected,0.5076,0.11572096806996138
Male,0.6000000000000001,Not Graduate,No,0.1134020618556701,0.11989795918367348,0.2222222222222222,0.6433333333333333,0.10299003322259137,Rejected,0.9384000000000001,0.24201749033963801
Male,0.0,Graduate,Yes,0.21649484536082472,0.11734693877551021,0.5555555555555556,0.18166666666666675,0.1461794019933555,Rejected,0.2519999999999999,0.4120398617042912
Female,1.0,Graduate,No,0.010309278350515465,0.015306122448979593,0.2222222222222222,0.32000000000000006,0.019933554817275746,Rejected,0.6000000000000001,0.34451901565995524
Male,0.0,Graduate,Yes,0.7010309278350515,0.5459183673469388,1.0,0.33000000000000007,0.3355481727574751,Approved,0.6400000000000001,0.13524506813097417
Female,0.6000000000000001,Not Graduate,Yes,0.4329896907216495,0.27040816326530615,0.8888888888888888,0.5183333333333333,0.29125138427464015,Rejected,0.3907999999999999,0.34573927191376863
Male,1.0,Not Graduate,Yes,0.5051546391752577,0.29336734693877553,0.2222222222222222,0.7933333333333334,0.24916943521594687,Rejected,0.3256,0.24222086638194026
Male,0.2,Not Graduate,No,0.5876288659793814,0.3239795918367347,0.2222222222222222,0.7983333333333333,0.46179401993355484,Approved,0.2811999999999999,0.5059995932479154
Male,0.6000000000000001,Graduate,Yes,0.7835051546391752,0.6862244897959183,0.7777777777777777,0.43333333333333335,0.46179401993355484,Approved,0.7948,0.16229408175716906
Female,0.8,Graduate,Yes,0.20618556701030927,0.12244897959183675,0.2222222222222222,0.01333333333333342,0.16722037652270214,Rejected,0.32719999999999994,0.4655277608297743
Male,0.8,Not Graduate,No,0.5360824742268041,0.3137755102040817,0.8888888888888888,0.81,0.3322259136212625,Rejected,0.33320000000000005,0.3382143583485865
Female,0.2,Not Graduate,No,0.7422680412371133,0.7346938775510203,0.3333333333333333,0.4950000000000001,0.44075304540420823,Approved,0.9727999999999999,0.12833028269269883
Female,0.8,Graduate,No,0.5773195876288659,0.29846938775510207,0.5555555555555556,0.8516666666666668,0.3887043189368771,Approved,0.2275999999999999,0.4490543014032947
Female,0.2,Graduate,Yes,0.5773195876288659,0.3239795918367347,0.5555555555555556,0.9366666666666668,0.38981173864894797,Approved,0.2964,0.404311572096807
Female,0.6000000000000001,Not Graduate,Yes,0.4742268041237114,0.3545918367346939,0.5555555555555556,0.11499999999999999,0.221483942414175,Rejected,0.5831999999999999,0.13971934106162295
Female,0.2,Not Graduate,Yes,0.7422680412371133,0.6020408163265306,0.1111111111111111,0.645,0.6976744186046513,Approved,0.692,0.3870246085011185
Female,0.0,Not Graduate,Yes,0.9690721649484536,0.4923469387755102,0.5555555555555556,0.33333333333333337,0.7785160575858251,Approved,0.21679999999999988,0.5810453528574334
Female,0.4,Not Graduate,Yes,0.0,0.005102040816326531,0.2222222222222222,0.7433333333333334,0.005537098560354375,Rejected,0.3999999999999999,0.21354484441732766
Female,0.8,Not Graduate,No,0.05154639175257732,0.04591836734693877,0.6666666666666665,0.5316666666666667,0.062015503875969,Rejected,0.6000000000000001,0.4285133211307709
Female,0.4,Not Graduate,No,0.7628865979381443,0.41836734693877553,1.0,0.6533333333333333,0.5714285714285715,Approved,0.27879999999999994,0.4807809640024405
Male,0.2,Not Graduate,Yes,0.12371134020618556,0.07653061224489796,0.8888888888888888,0.03500000000000003,0.06312292358803986,Rejected,0.3428,0.2233068944478341
Male,0.4,Not Graduate,Yes,0.3711340206185567,0.375,0.6666666666666665,0.7166666666666668,0.3056478405315615,Approved,0.9788000000000001,0.2271710392515762
Male,0.6000000000000001,Not Graduate,No,0.2577319587628866,0.2678571428571429,0.2222222222222222,0.30000000000000004,0.19712070874861576,Rejected,1.0,0.19015659955257272
Male,0.4,Not Graduate,Yes,0.49484536082474223,0.2653061224489796,0.0,0.7550000000000001,0.425249169435216,Approved,0.256,0.5849094976611755
Male,0.8,Graduate,Yes,0.9072164948453608,0.7295918367346939,0.2222222222222222,0.5616666666666668,0.5526024363233666,Approved,0.6843999999999999,0.20134228187919465
Female,0.6000000000000001,Graduate,No,0.36082474226804123,0.22193877551020408,0.2222222222222222,0.30500000000000005,0.2524916943521595,Rejected,0.3727999999999999,0.3717714053284523
Female,0.8,Not Graduate,Yes,0.010309278350515465,0.020408163265306124,0.1111111111111111,0.025000000000000022,0.01550387596899225,Rejected,0.8668,0.18019117347976407
Female,0.8,Graduate,No,0.16494845360824742,0.09693877551020409,0.3333333333333333,0.7950000000000002,0.10852713178294573,Rejected,0.3111999999999999,0.3534675615212528
Female,0.4,Graduate,No,0.7938144329896907,0.4438775510204082,0.1111111111111111,0.17000000000000004,0.7342192691029901,Approved,0.2964,0.6137888956680903
Female,0.8,Graduate,Yes,0.1958762886597938,0.18877551020408162,0.3333333333333333,0.32166666666666677,0.1107419712070875,Rejected,0.8668,0.12222900142363233
Female,0.0,Graduate,Yes,0.07216494845360825,0.07142857142857144,0.1111111111111111,0.09166666666666667,0.054263565891472874,Rejected,0.7776000000000001,0.19524100061012814
Female,0.6000000000000001,Graduate,No,0.9999999999999999,0.5943877551020408,0.8888888888888888,0.42833333333333334,0.6489479512735328,Approved,0.3535999999999999,0.35590807402887936
Male,0.0,Not Graduate,Yes,0.556701030927835,0.5025510204081632,1.0,0.51,0.3853820598006645,Approved,0.8284,0.20540980272523898
Male,0.2,Not Graduate,Yes,0.5979381443298969,0.3035714285714286,0.7777777777777777,0.7383333333333335,0.3820598006644519,Approved,0.21319999999999995,0.4293268252999797
Male,1.0,Not Graduate,No,0.5670103092783505,0.46173469387755106,0.1111111111111111,0.4650000000000001,0.42635658914728686,Rejected,0.6912,0.2774049217002237
Male,0.0,Graduate,Yes,0.9072164948453608,0.836734693877551,1.0,0.7233333333333334,0.4861572535991141,Approved,0.8712,0.11958511287370352
Female,0.0,Graduate,No,0.7319587628865979,0.4030612244897959,0.0,0.31666666666666676,0.4551495016611296,Approved,0.28200000000000003,0.3717714053284523
Female,1.0,Graduate,No,0.5257731958762886,0.5153061224489796,0.7777777777777777,0.8366666666666667,0.4772978959025471,Approved,0.9472,0.27903193003864146
Female,0.2,Not Graduate,Yes,0.3402061855670103,0.18112244897959182,0.7777777777777777,0.9450000000000001,0.20265780730897012,Approved,0.24559999999999993,0.36139922717103934
Male,0.0,Not Graduate,No,0.08247422680412371,0.04846938775510204,0.5555555555555556,0.0033333333333334103,0.08084163898117387,Rejected,0.28,0.5592841163310962
Female,0.0,Not Graduate,No,0.5051546391752577,0.5,0.5555555555555556,0.9450000000000001,0.3599114064230344,Approved,0.9608000000000001,0.18364856619890177
Female,0.0,Graduate,Yes,0.27835051546391754,0.24489795918367344,0.3333333333333333,0.020000000000000018,0.230343300110742,Rejected,0.7656000000000001,0.28289607484238355
Female,0.6000000000000001,Not Graduate,No,0.7628865979381443,0.4795918367346939,0.6666666666666665,0.77,0.6666666666666667,Approved,0.4052,0.4927801504982713
Male,1.0,Not Graduate,Yes,0.5979381443298969,0.3673469387755102,0.8888888888888888,0.27,0.4651162790697675,Rejected,0.38,0.43400447427293065
Female,0.2,Graduate,No,0.6288659793814433,0.4566326530612245,0.8888888888888888,0.915,0.336655592469546,Approved,0.5555999999999999,0.19158023184868825
Male,0.6000000000000001,Not Graduate,No,0.17525773195876287,0.18112244897959182,0.8888888888888888,0.4866666666666667,0.14064230343300113,Rejected,0.958,0.20744356314826115
Male,0.8,Graduate,No,0.04123711340206186,0.028061224489795915,0.1111111111111111,0.3450000000000001,0.02436323366555925,Rejected,0.33320000000000005,0.22513727882855403
Male,0.4,Not Graduate,Yes,0.4020618556701031,0.28316326530612246,0.6666666666666665,0.3416666666666667,0.3410852713178295,Rejected,0.5119999999999998,0.40410819605450476
Male,0.0,Not Graduate,Yes,0.061855670103092786,0.07397959183673469,0.3333333333333333,0.27833333333333343,0.053156146179402,Rejected,1.0,0.1779540370144397
Female,0.4,Not Graduate,No,0.6597938144329897,0.5765306122448979,0.7777777777777777,0.405,0.5304540420819491,Rejected,0.788,0.27638804148871265
Male,0.8,Graduate,Yes,0.010309278350515465,0.020408163265306124,0.5555555555555556,0.6233333333333333,0.0132890365448505,Rejected,0.8668,0.1433801098230629
Male,0.6000000000000001,Graduate,No,0.6082474226804123,0.33673469387755106,0.0,0.6950000000000001,0.43189368770764125,Approved,0.2852,0.4411226357535083
Female,1.0,Not Graduate,Yes,0.4742268041237114,0.4260204081632653,0.4444444444444445,0.6100000000000001,0.30011074197120713,Rejected,0.8168,0.17653040471832424
Female,0.8,Not Graduate,No,0.443298969072165,0.43367346938775514,0.8888888888888888,0.8833333333333335,0.20487264673311187,Rejected,0.9376,0.06955460646735817
Male,0.4,Graduate,No,0.3711340206185567,0.23214285714285712,0.7777777777777777,0.13833333333333342,0.22037652270210412,Rejected,0.38960000000000006,0.28676021964612575
Female,0.4,Graduate,Yes,0.7010309278350515,0.4744897959183674,0.3333333333333333,0.4733333333333334,0.5736434108527132,Approved,0.48,0.40919259711206024
Male,0.4,Not Graduate,No,0.4329896907216495,0.3545918367346939,0.8888888888888888,0.8316666666666668,0.2978959025470654,Approved,0.6907999999999999,0.23856009762050032
Male,1.0,Graduate,No,0.5257731958762886,0.4872448979591837,0.2222222222222222,0.3500000000000001,0.42746400885935776,Rejected,0.8640000000000001,0.2562538133007931
Male,0.0,Not Graduate,Yes,0.24742268041237112,0.14285714285714285,0.2222222222222222,0.45333333333333337,0.2170542635658915,Approved,0.3076,0.5369127516778524
Male,0.6000000000000001,Not Graduate,No,0.3195876288659794,0.326530612244898,0.0,0.42333333333333334,0.20598006644518274,Rejected,0.988,0.14236322961155176
Female,0.2,Not Graduate,Yes,0.10309278350515465,0.11479591836734694,0.2222222222222222,0.07333333333333336,0.09634551495016612,Rejected,1.0,0.23306894447834045
Male,0.6000000000000001,Graduate,No,0.422680412371134,0.211734693877551,0.3333333333333333,0.9683333333333335,0.380952380952381,Approved,0.19999999999999996,0.6705308114704087
Female,0.0,Not Graduate,Yes,0.845360824742268,0.6862244897959183,0.4444444444444445,0.3566666666666667,0.39645625692137326,Approved,0.6952,0.11816148057758799
Female,0.0,Graduate,No,0.04123711340206186,0.03826530612244898,0.8888888888888888,0.8266666666666667,0.03322259136212625,Approved,0.6000000000000001,0.23164531218222498
Female,0.4,Graduate,Yes,0.4639175257731959,0.4056122448979592,0.5555555555555556,0.8366666666666667,0.318936877076412,Approved,0.7787999999999999,0.2139515965019321
Female,0.6000000000000001,Graduate,No,0.4123711340206186,0.3112244897959184,1.0,0.125,0.21373200442967888,Rejected,0.5904,0.16798861094163112
Male,0.4,Graduate,No,0.422680412371134,0.3673469387755102,0.0,0.9516666666666667,0.3244739756367664,Approved,0.7676000000000001,0.2582875737238154
Female,0.0,Not Graduate,No,0.061855670103092786,0.0663265306122449,0.0,0.2316666666666667,0.049833887043189376,Rejected,0.8500000000000001,0.1911734797640838
Male,0.0,Not Graduate,Yes,0.9381443298969072,0.8086734693877551,0.3333333333333333,0.2300000000000001,0.8648947951273533,Approved,0.7764,0.34634940004067516
Female,1.0,Not Graduate,No,0.6185567010309277,0.3418367346938776,0.0,0.28,0.38316722037652273,Rejected,0.2839999999999999,0.36709375635550134
Female,0.6000000000000001,Graduate,Yes,0.3402061855670103,0.2525510204081633,0.5555555555555556,0.5750000000000002,0.31118493909191586,Approved,0.5656000000000001,0.41570063046573114
Male,0.4,Graduate,Yes,0.3505154639175258,0.22704081632653061,0.8888888888888888,0.6666666666666667,0.221483942414175,Approved,0.4223999999999999,0.2983526540573521
Male,1.0,Graduate,Yes,0.9587628865979381,0.9285714285714285,0.7777777777777777,0.08000000000000007,0.5348837209302326,Rejected,0.9452,0.1173479764083791
Male,1.0,Graduate,Yes,0.04123711340206186,0.028061224489795915,0.4444444444444445,0.9616666666666667,0.04540420819490588,Rejected,0.33320000000000005,0.5011185682326622
Female,0.0,Not Graduate,Yes,0.3711340206185567,0.37244897959183676,0.2222222222222222,0.9983333333333335,0.256921373200443,Approved,0.9683999999999999,0.16961561928004884
Female,0.6000000000000001,Graduate,Yes,0.12371134020618556,0.0816326530612245,0.5555555555555556,0.5166666666666668,0.07308970099667775,Rejected,0.3999999999999999,0.25422005287777105
Male,0.2,Not Graduate,No,0.6288659793814433,0.6020408163265306,0.1111111111111111,0.7366666666666668,0.37984496124031014,Approved,0.9176,0.1427699816961562
Male,0.2,Not Graduate,Yes,0.26804123711340205,0.1607142857142857,0.8888888888888888,0.8350000000000002,0.21373200442967888,Approved,0.3428,0.4545454545454546
Male,0.8,Graduate,Yes,0.5360824742268041,0.4285714285714286,0.0,0.3883333333333334,0.39202657807308977,Rejected,0.6667999999999998,0.27333740085417935
Male,0.6000000000000001,Not Graduate,Yes,0.6288659793814433,0.6020408163265306,0.7777777777777777,0.5933333333333335,0.46400885935769665,Approved,0.9176,0.20744356314826115
Female,0.6000000000000001,Graduate,Yes,0.3814432989690722,0.35714285714285715,0.8888888888888888,0.8083333333333333,0.4086378737541529,Approved,0.8668,0.3778726865975188
Male,0.4,Graduate,Yes,0.4123711340206186,0.3928571428571429,0.0,0.053333333333333344,0.2613510520487265,Rejected,0.8952,0.15842993695342691
Male,0.0,Graduate,No,0.29896907216494845,0.1989795918367347,0.8888888888888888,0.78,0.1727574750830565,Approved,0.44520000000000004,0.2491356518202156
Male,0.2,Graduate,No,0.32989690721649484,0.211734693877551,0.2222222222222222,0.5666666666666667,0.22702104097452938,Approved,0.41159999999999997,0.3416717510677243
Male,0.8,Not Graduate,No,0.13402061855670103,0.07142857142857144,0.2222222222222222,0.9750000000000001,0.09080841638981174,Rejected,0.2268,0.4116331096196868
Female,0.6000000000000001,Not Graduate,Yes,0.07216494845360825,0.04336734693877551,0.8888888888888888,0.7866666666666668,0.07641196013289037,Rejected,0.28879999999999995,0.5897905226764287
Male,0.8,Graduate,Yes,0.7835051546391752,0.645408163265306,0.1111111111111111,0.6083333333333334,0.425249169435216,Approved,0.7128000000000001,0.1557860484034981
Female,0.2,Not Graduate,Yes,0.3402061855670103,0.2602040816326531,1.0,0.2566666666666667,0.239202657807309,Rejected,0.6000000000000001,0.2735407768964817
Male,0.2,Not Graduate,No,0.845360824742268,0.8214285714285714,0.6666666666666665,0.6633333333333333,0.6157253599114065,Approved,0.9476,0.197884889160057
Male,0.8,Not Graduate,Yes,0.6391752577319587,0.5357142857142857,1.0,0.053333333333333344,0.40420819490586934,Rejected,0.7311999999999999,0.19971527354077692
Female,0.2,Not Graduate,No,0.9690721649484536,0.7142857142857143,0.2222222222222222,0.3933333333333334,0.6744186046511629,Approved,0.5791999999999999,0.287980475899939
Male,1.0,Not Graduate,Yes,0.1958762886597938,0.15816326530612243,0.4444444444444445,0.8266666666666667,0.16389811738648952,Rejected,0.6380000000000001,0.3229611551759203
Female,0.4,Not Graduate,Yes,0.5979381443298969,0.5,0.3333333333333333,0.31000000000000005,0.5149501661129569,Approved,0.7268000000000001,0.3268252999796625
Female,0.0,Not Graduate,Yes,0.8350515463917525,0.42091836734693877,0.8888888888888888,0.20333333333333337,0.5858250276854928,Approved,0.2096,0.4927801504982713
Male,0.2,Not Graduate,Yes,0.5257731958762886,0.4642857142857143,0.2222222222222222,0.3350000000000001,0.39645625692137326,Approved,0.7964,0.2454748830587757
Female,0.2,Not Graduate,Yes,0.979381443298969,0.5918367346938775,0.1111111111111111,0.6100000000000001,0.6135105204872647,Approved,0.3692,0.3302826926988002
Female,0.6000000000000001,Not Graduate,Yes,0.8247422680412371,0.413265306122449,0.8888888888888888,0.1183333333333334,0.5149501661129569,Rejected,0.20479999999999998,0.4254626804962376
Female,1.0,Graduate,No,0.32989690721649484,0.1683673469387755,0.6666666666666665,0.020000000000000018,0.17607973421926912,Rejected,0.2115999999999999,0.3278421801911735
Female,1.0,Graduate,No,0.26804123711340205,0.2729591836734694,0.5555555555555556,0.7550000000000001,0.2347729789590255,Rejected,0.9716,0.24689851535489124
Female,0.0,Not Graduate,Yes,0.2268041237113402,0.125,0.7777777777777777,0.7333333333333334,0.19158361018826137,Approved,0.2667999999999999,0.5397600162700834
Female,0.2,Graduate,No,0.8247422680412371,0.6045918367346939,0.1111111111111111,0.10999999999999999,0.6788482834994464,Approved,0.5708,0.3703477730323368
Female,0.8,Not Graduate,No,0.4123711340206186,0.2755102040816327,0.3333333333333333,0.3766666666666667,0.3665559246954596,Rejected,0.45719999999999983,0.4612568639414276
Female,0.8,Graduate,Yes,0.5463917525773195,0.36989795918367346,0.4444444444444445,0.09000000000000008,0.5304540420819491,Rejected,0.47639999999999993,0.511287370347773
Male,1.0,Not Graduate,Yes,0.27835051546391754,0.15306122448979592,0.2222222222222222,0.6983333333333335,0.20708748615725361,Rejected,0.26880000000000004,0.4641041285336588
Male,1.0,Not Graduate,No,0.6288659793814433,0.5051020408163265,0.5555555555555556,0.79,0.5426356589147288,Rejected,0.6759999999999999,0.3473662802521864
Female,1.0,Not Graduate,Yes,0.979381443298969,0.7346938775510203,0.8888888888888888,0.72,0.6611295681063124,Approved,0.6000000000000001,0.2674394956274151
Male,0.2,Not Graduate,No,0.6494845360824741,0.4005102040816327,0.2222222222222222,0.9366666666666668,0.39091915836101887,Approved,0.38480000000000003,0.30119991864958306
Female,1.0,Not Graduate,No,0.4845360824742268,0.2678571428571429,0.8888888888888888,0.5216666666666667,0.29900332225913623,Rejected,0.2816000000000001,0.3634329875940614
Female,1.0,Graduate,Yes,0.6907216494845361,0.413265306122449,0.2222222222222222,0.245,0.274640088593577,Rejected,0.35639999999999994,0.15802318486882247
Male,0.8,Not Graduate,Yes,0.09278350515463918,0.06887755102040817,0.1111111111111111,0.7166666666666668,0.0575858250276855,Rejected,0.4907999999999999,0.2271710392515762
Female,0.4,Not Graduate,Yes,0.7835051546391752,0.7474489795918366,0.6666666666666665,0.44666666666666677,0.46843853820598014,Approved,0.9179999999999999,0.1409395973154363
Female,0.4,Graduate,Yes,0.8247422680412371,0.5943877551020408,0.2222222222222222,0.32500000000000007,0.7364341085271319,Approved,0.5511999999999999,0.42403904820012206
Female,1.0,Not Graduate,Yes,0.6701030927835051,0.5943877551020408,0.6666666666666665,0.9233333333333333,0.363233665559247,Approved,0.8088,0.13361805979255645
Female,0.6000000000000001,Graduate,Yes,0.7422680412371133,0.38010204081632654,0.4444444444444445,0.41333333333333344,0.5891472868217055,Approved,0.2215999999999999,0.5645718934309538
Male,0.2,Not Graduate,No,0.10309278350515465,0.06122448979591837,0.6666666666666665,0.7983333333333333,0.05980066445182725,Rejected,0.29999999999999993,0.2843197071384992
Female,0.0,Not Graduate,No,0.9587628865979381,0.625,0.0,0.44000000000000006,0.7153931339977853,Approved,0.44440000000000013,0.38051657514744763
Female,1.0,Not Graduate,Yes,0.3917525773195876,0.20153061224489796,0.0,0.45166666666666677,0.2735326688815061,Rejected,0.21999999999999986,0.47000203376042304
Female,0.0,Not Graduate,Yes,0.8659793814432989,0.8239795918367346,0.3333333333333333,0.7966666666666669,0.8837209302325583,Approved,0.9163999999999999,0.3477730323367907
Male,0.8,Graduate,Yes,0.9175257731958762,0.7168367346938775,0.5555555555555556,0.8466666666666667,0.7331118493909192,Approved,0.6484000000000001,0.3243847874720359
Female,0.0,Not Graduate,Yes,0.7113402061855669,0.4668367346938776,1.0,0.7833333333333334,0.6655592469545959,Approved,0.44799999999999995,0.5090502338824486
Male,0.0,Not Graduate,No,0.9072164948453608,0.7168367346938775,0.1111111111111111,0.52,0.5193798449612403,Approved,0.6624000000000001,0.18608907870652838
Male,0.6000000000000001,Graduate,Yes,0.12371134020618556,0.06122448979591837,0.6666666666666665,0.865,0.08416389811738649,Approved,0.17159999999999997,0.45007118161480586
Female,0.2,Graduate,No,0.8865979381443299,0.5076530612244897,0.2222222222222222,0.5450000000000002,0.7685492801771873,Approved,0.31799999999999995,0.5501321944274965
Female,0.6000000000000001,Not Graduate,Yes,0.5360824742268041,0.3673469387755102,0.1111111111111111,0.09833333333333338,0.4761904761904762,Rejected,0.4887999999999999,0.44783404514948144
Male,0.2,Graduate,No,0.6082474226804123,0.4795918367346939,0.2222222222222222,0.06833333333333336,0.3311184939091916,Rejected,0.6523999999999999,0.17002237136465329
Female,0.2,Graduate,No,0.08247422680412371,0.08418367346938777,0.1111111111111111,0.45000000000000007,0.07308970099667775,Rejected,0.8400000000000001,0.24283099450884685
Male,0.6000000000000001,Graduate,Yes,0.7731958762886597,0.45408163265306123,1.0,0.7266666666666668,0.6755260243632337,Approved,0.3403999999999999,0.5373195037624567
Male,0.2,Graduate,Yes,0.6082474226804123,0.32142857142857145,0.0,0.0033333333333334103,0.4296788482834995,Approved,0.246,0.4655277608297743
Female,0.4,Not Graduate,Yes,0.7731958762886597,0.5280612244897959,0.5555555555555556,0.20000000000000007,0.6411960132890366,Approved,0.4907999999999999,0.4120398617042912
Female,0.8,Graduate,Yes,0.4639175257731959,0.29846938775510207,0.0,0.19333333333333336,0.36987818383167226,Rejected,0.4212,0.4203782794386822
Male,0.4,Graduate,Yes,0.9175257731958762,0.8801020408163265,1.0,0.8933333333333333,0.8006644518272427,Approved,0.9296,0.2723205206426683
Male,0.0,Graduate,Yes,0.5773195876288659,0.3163265306122449,0.5555555555555556,0.38,0.4706533776301219,Approved,0.2759999999999999,0.5344722391702258
Male,0.8,Not Graduate,No,0.8556701030927835,0.6275510204081632,0.0,0.17500000000000004,0.3875968992248062,Rejected,0.5715999999999999,0.1366687004270897
Male,0.4,Graduate,Yes,0.9999999999999999,0.8443877551020408,0.6666666666666665,0.8050000000000002,0.6954595791805095,Approved,0.7496,0.23225544030913162
Female,0.8,Not Graduate,Yes,0.18556701030927833,0.09438775510204082,0.4444444444444445,0.56,0.08194905869324474,Rejected,0.19999999999999996,0.24405125076266018
Female,0.2,Not Graduate,Yes,0.49484536082474223,0.42091836734693877,0.2222222222222222,0.685,0.3621262458471761,Approved,0.744,0.24811877160870452
Female,0.2,Graduate,Yes,0.30927835051546393,0.29336734693877553,0.7777777777777777,0.9133333333333333,0.20044296788482838,Approved,0.8752,0.1663616026032134
Female,0.2,Not Graduate,Yes,0.8041237113402061,0.7015306122448979,0.3333333333333333,0.8400000000000001,0.53156146179402,Approved,0.79,0.2015456579214969
Female,0.0,Not Graduate,Yes,0.10309278350515465,0.06377551020408163,0.6666666666666665,0.9866666666666668,0.08748615725359912,Approved,0.33320000000000005,0.450274557657108
Male,0.4,Not Graduate,Yes,0.5773195876288659,0.5739795918367346,0.6666666666666665,0.6600000000000001,0.41528239202657813,Approved,0.9723999999999999,0.18547895057962174
Female,0.2,Graduate,No,0.23711340206185563,0.18622448979591835,1.0,0.9800000000000002,0.21594684385382062,Approved,0.6160000000000001,0.379906447020541
Female,0.2,Not Graduate,Yes,0.04123711340206186,0.028061224489795915,0.4444444444444445,0.665,0.02879291251384275,Approved,0.33320000000000005,0.28330282692698794
Female,1.0,Graduate,No,0.4845360824742268,0.3239795918367347,0.4444444444444445,0.9416666666666667,0.4186046511627907,Approved,0.46120000000000005,0.4449867805572504
Female,0.4,Graduate,Yes,0.9484536082474226,0.9438775510204082,0.6666666666666665,0.13833333333333342,0.6434108527131783,Approved,0.9872000000000001,0.1663616026032134
Female,0.4,Graduate,No,0.5257731958762886,0.48469387755102045,0.7777777777777777,0.1133333333333334,0.3322259136212625,Rejected,0.8568,0.16778523489932887
Male,1.0,Not Graduate,No,0.5051546391752577,0.39540816326530615,0.1111111111111111,0.5116666666666667,0.36434108527131787,Rejected,0.6392,0.2761846654464104
Male,0.8,Not Graduate,Yes,0.27835051546391754,0.2193877551020408,0.8888888888888888,0.8783333333333334,0.17940199335548176,Rejected,0.6275999999999999,0.22676428716697175
Male,0.2,Graduate,No,0.9175257731958762,0.8596938775510203,0.5555555555555556,0.6200000000000001,0.5681063122923589,Approved,0.8944000000000001,0.15680292861500914
Female,0.6000000000000001,Not Graduate,Yes,0.8865979381443299,0.673469387755102,0.5555555555555556,0.6800000000000002,0.7464008859357697,Approved,0.6135999999999999,0.3638397396786659
Male,0.8,Not Graduate,No,0.24742268041237112,0.21683673469387754,0.4444444444444445,0.6366666666666667,0.22923588039867113,Rejected,0.754,0.3351637177140533
Male,0.2,Graduate,Yes,0.979381443298969,0.6428571428571428,0.8888888888888888,0.7350000000000001,0.7464008859357697,Approved,0.4516,0.3882448647549318
Female,1.0,Not Graduate,Yes,0.04123711340206186,0.022959183673469385,0.3333333333333333,0.07166666666666666,0.02879291251384275,Rejected,0.19999999999999996,0.35590807402887936
Female,0.0,Graduate,Yes,0.4020618556701031,0.2755102040816327,0.7777777777777777,0.8083333333333333,0.27685492801771877,Approved,0.4827999999999999,0.31279235306080944
Female,0.2,Not Graduate,Yes,0.8041237113402061,0.7066326530612245,1.0,0.8833333333333335,0.7840531561461794,Approved,0.8,0.3646532438478748
Male,0.4,Graduate,No,0.8865979381443299,0.673469387755102,0.7777777777777777,0.6600000000000001,0.6533776301218163,Approved,0.6135999999999999,0.2999796623957698
Male,0.2,Graduate,No,0.0,0.0,0.5555555555555556,0.6616666666666668,0.014396456256921373,Rejected,0.0,1.0000000000000002
Female,0.0,Graduate,Yes,0.3711340206185567,0.2908163265306123,0.0,0.08500000000000008,0.2436323366555925,Approved,0.6316000000000002,0.2369330892820826
Female,0.6000000000000001,Graduate,No,0.6804123711340205,0.548469387755102,0.4444444444444445,0.42666666666666675,0.5514950166112957,Approved,0.6823999999999999,0.31584299369534274
Male,0.0,Graduate,No,0.8659793814432989,0.8035714285714285,0.0,0.9916666666666667,0.6954595791805095,Approved,0.8792,0.25157616432784224
Male,0.4,Graduate,Yes,0.26804123711340205,0.20663265306122447,0.4444444444444445,0.39,0.274640088593577,Approved,0.6000000000000001,0.4575960951799878
Female,0.0,Graduate,No,0.8041237113402061,0.7525510204081632,0.5555555555555556,0.7266666666666668,0.6101882613510521,Approved,0.8900000000000001,0.2261541590400651
Female,0.4,Graduate,Yes,0.21649484536082472,0.13265306122448978,0.7777777777777777,0.5483333333333333,0.17718715393134,Rejected,0.35639999999999994,0.45393532641854795
Male,0.8,Graduate,Yes,0.7628865979381443,0.4056122448979592,1.0,0.595,0.49612403100775204,Approved,0.2528,0.41488712629652225
Female,0.4,Graduate,No,0.27835051546391754,0.2806122448979592,0.5555555555555556,0.8983333333333334,0.17829457364341086,Approved,0.9587999999999999,0.14439699003457393
Male,0.8,Not Graduate,No,0.7938144329896907,0.6479591836734694,0.8888888888888888,0.4816666666666667,0.4352159468438539,Rejected,0.7012,0.16168395363026236
Male,0.4,Not Graduate,No,0.17525773195876287,0.10714285714285715,0.2222222222222222,0.8416666666666668,0.132890365448505,Rejected,0.34719999999999995,0.40797234085824685
Male,0.6000000000000001,Not Graduate,Yes,0.4536082474226804,0.3392857142857143,1.0,0.7150000000000001,0.36434108527131787,Approved,0.5828,0.3455358958714664
Male,0.2,Not Graduate,No,0.24742268041237112,0.18877551020408162,0.2222222222222222,0.16500000000000004,0.221483942414175,Rejected,0.5848,0.38621110433190975
Female,0.4,Not Graduate,No,0.2577319587628866,0.16326530612244897,0.3333333333333333,0.18833333333333335,0.21594684385382062,Rejected,0.39239999999999986,0.4514948139109214
Female,1.0,Graduate,Yes,0.6288659793814433,0.32908163265306123,0.7777777777777777,0.03500000000000003,0.3610188261351052,Rejected,0.238,0.35590807402887936
Male,0.0,Graduate,Yes,0.24742268041237112,0.18367346938775508,0.0,0.9216666666666669,0.20708748615725361,Approved,0.5539999999999998,0.3654667480170837
Male,0.8,Not Graduate,Yes,0.7731958762886597,0.5892857142857143,0.2222222222222222,0.16666666666666674,0.425249169435216,Rejected,0.6156000000000001,0.18466544641041285
Male,0.0,Graduate,Yes,0.7422680412371133,0.40816326530612246,0.7777777777777777,0.55,0.6389811738648948,Approved,0.2811999999999999,0.5723001830384381
Male,0.6000000000000001,Graduate,Yes,0.7319587628865979,0.5433673469387755,1.0,0.42833333333333334,0.45404208194905876,Approved,0.5835999999999999,0.23733984136668704
Male,0.2,Graduate,No,0.27835051546391754,0.18622448979591835,0.0,0.09666666666666668,0.14728682170542637,Rejected,0.4483999999999999,0.2141549725442343
Female,0.6000000000000001,Graduate,Yes,0.6597938144329897,0.4005102040816327,0.4444444444444445,0.3500000000000001,0.2790697674418605,Approved,0.36959999999999993,0.17286963595688434
Female,0.4,Graduate,Yes,0.2577319587628866,0.23724489795918366,0.6666666666666665,0.42333333333333334,0.19601328903654489,Rejected,0.8224,0.2308318080130161
Female,0.6000000000000001,Graduate,Yes,0.8350515463917525,0.6989795918367346,0.1111111111111111,0.4933333333333334,0.7120708748615726,Approved,0.7348000000000001,0.3225544030913159
Female,0.0,Graduate,No,0.4845360824742268,0.4642857142857143,0.3333333333333333,0.5983333333333334,0.3289036544850499,Approved,0.9103999999999999,0.17836078909904415
Male,0.8,Graduate,Yes,0.7938144329896907,0.7755102040816326,0.4444444444444445,0.036666666666666736,0.6644518272425249,Rejected,0.9544000000000001,0.24750864348179788
Male,1.0,Graduate,Yes,0.8865979381443299,0.5357142857142857,0.6666666666666665,0.9200000000000002,0.5802879291251385,Approved,0.3679999999999999,0.3516371771405329
Male,1.0,Not Graduate,No,0.3917525773195876,0.3520408163265306,0.8888888888888888,0.5883333333333334,0.26910299003322263,Rejected,0.81,0.20378279438682126
Male,0.8,Graduate,Yes,0.3814432989690722,0.22704081632653061,0.5555555555555556,0.7283333333333335,0.24584717607973428,Approved,0.3435999999999999,0.34716290420988405
Male,0.6000000000000001,Graduate,Yes,0.7731958762886597,0.4744897959183674,0.0,0.4716666666666667,0.4197120708748616,Approved,0.382,0.25950782997762867
Female,0.2,Graduate,Yes,0.3711340206185567,0.24744897959183673,0.7777777777777777,0.9550000000000001,0.24141749723145076,Approved,0.4528000000000001,0.29896278218425876
Male,1.0,Graduate,No,0.8041237113402061,0.6811224489795918,1.0,0.4916666666666667,0.4928017718715394,Rejected,0.75,0.18568232662192394
Female,1.0,Graduate,Yes,0.32989690721649484,0.2806122448979592,1.0,0.9516666666666667,0.24473975636766337,Approved,0.7296,0.25238966849705113
Female,1.0,Graduate,Yes,0.5463917525773195,0.4719387755102041,0.5555555555555556,0.5050000000000001,0.327796234772979,Rejected,0.7672000000000001,0.17205613178767545
Female,0.0,Not Graduate,No,0.7731958762886597,0.7397959183673469,0.6666666666666665,0.8350000000000002,0.5060908084163899,Approved,0.9220000000000002,0.16737848281472442
Female,1.0,Graduate,No,0.3917525773195876,0.23214285714285712,0.1111111111111111,0.7050000000000001,0.15393133997785163,Rejected,0.33999999999999997,0.15680292861500914
Male,1.0,Not Graduate,Yes,0.5876288659793814,0.5688775510204082,0.8888888888888888,0.55,0.32558139534883723,Rejected,0.9323999999999999,0.11572096806996138
Female,0.0,Not Graduate,Yes,0.24742268041237112,0.24489795918367344,1.0,0.1133333333333334,0.13178294573643412,Rejected,0.9232,0.10006101281269067
Female,0.6000000000000001,Graduate,No,0.6597938144329897,0.5586734693877551,0.5555555555555556,0.7650000000000001,0.4197120708748616,Approved,0.7456,0.1982916412446614
Female,0.0,Not Graduate,Yes,0.08247422680412371,0.06887755102040817,0.8888888888888888,0.13666666666666671,0.07641196013289037,Rejected,0.6000000000000001,0.3422818791946308
Male,0.8,Not Graduate,Yes,0.061855670103092786,0.06377551020408163,0.7777777777777777,0.5750000000000002,0.053156146179402,Rejected,0.8,0.22513727882855403
Male,0.0,Graduate,No,0.30927835051546393,0.15306122448979592,0.2222222222222222,0.9633333333333334,0.256921373200443,Approved,0.1876,0.6093146227374415
Male,0.8,Graduate,No,0.845360824742268,0.5892857142857143,0.5555555555555556,0.08333333333333337,0.682170542635659,Rejected,0.5144,0.3864144803742119
Female,0.6000000000000001,Graduate,Yes,0.5773195876288659,0.4413265306122449,0.2222222222222222,0.7000000000000002,0.3776301218161684,Approved,0.6135999999999999,0.24608501118568235
Female,0.0,Not Graduate,Yes,0.7319587628865979,0.7091836734693877,0.4444444444444445,0.6216666666666668,0.4396456256921374,Approved,0.9396,0.13768558063860079
Male,0.2,Graduate,No,0.3814432989690722,0.19642857142857142,0.2222222222222222,0.2466666666666667,0.17054263565891475,Rejected,0.22040000000000004,0.2491356518202156
Female,0.4,Not Graduate,Yes,0.4536082474226804,0.4005102040816327,0.1111111111111111,0.7000000000000002,0.2225913621262459,Rejected,0.7912000000000001,0.10799267846247709
Male,0.0,Graduate,No,0.3505154639175258,0.30612244897959184,0.0,0.0,0.3045404208194906,Rejected,0.7667999999999999,0.3087248322147651
Male,0.8,Graduate,No,0.7525773195876289,0.7244897959183673,1.0,0.3666666666666667,0.31672203765227025,Rejected,0.9308000000000001,0.05287777099857638
Female,0.2,Graduate,No,0.5154639175257731,0.375,0.5555555555555556,0.8233333333333335,0.3499446290143965,Approved,0.5539999999999998,0.2812690665039659
Female,0.6000000000000001,Graduate,Yes,0.4329896907216495,0.24744897959183673,0.3333333333333333,0.9583333333333335,0.2934662236987819,Approved,0.30920000000000003,0.39454952206630056
Female,0.2,Not Graduate,Yes,0.5051546391752577,0.32142857142857145,0.6666666666666665,0.3883333333333334,0.3466223698781839,Approved,0.41159999999999997,0.34716290420988405
Female,0.0,Graduate,No,0.5979381443298969,0.5943877551020408,0.2222222222222222,0.7933333333333334,0.5348837209302326,Approved,0.9731999999999998,0.26723611958511295
Male,0.4,Graduate,No,0.3711340206185567,0.28316326530612246,0.2222222222222222,0.6766666666666667,0.21594684385382062,Approved,0.6000000000000001,0.20256253813300798
Male,0.6000000000000001,Graduate,No,0.26804123711340205,0.27040816326530615,0.0,0.6833333333333333,0.13067552602436325,Rejected,0.9571999999999998,0.07504575960951801
Male,1.0,Graduate,Yes,0.6494845360824741,0.45918367346938777,0.1111111111111111,0.05500000000000005,0.407530454042082,Rejected,0.526,0.2609314622737442
Male,0.4,Not Graduate,Yes,0.14432989690721648,0.15561224489795916,0.1111111111111111,0.8116666666666668,0.08305647840531562,Rejected,1.0,0.09843400447427295
Male,0.8,Graduate,No,0.5463917525773195,0.4668367346938776,0.5555555555555556,0.44833333333333336,0.5127353266888152,Rejected,0.7528000000000001,0.3581452104942038
Female,0.0,Graduate,Yes,0.9690721649484536,0.5051020408163265,0.7777777777777777,0.21166666666666667,0.5647840531561462,Approved,0.23759999999999992,0.36750050844010573
Male,0.0,Graduate,No,0.7010309278350515,0.7015306122448979,0.7777777777777777,0.5666666666666667,0.43189368770764125,Approved,0.9884,0.13565182021557862
Male,0.4,Not Graduate,No,0.3917525773195876,0.1989795918367347,0.7777777777777777,0.020000000000000018,0.25913621262458475,Rejected,0.20999999999999996,0.4449867805572504
Male,0.2,Not Graduate,Yes,0.8144329896907216,0.7806122448979591,0.5555555555555556,0.27333333333333343,0.5359911406423035,Approved,0.9259999999999999,0.16859873906853776
Female,0.4,Not Graduate,Yes,0.6597938144329897,0.5739795918367346,0.3333333333333333,0.31666666666666676,0.4440753045404209,Rejected,0.782,0.20866381940207449
Female,1.0,Graduate,No,0.4020618556701031,0.2525510204081633,0.5555555555555556,0.21833333333333338,0.2879291251384275,Rejected,0.3952,0.3738051657514745
Female,0.2,Graduate,No,0.6597938144329897,0.625,0.1111111111111111,0.33333333333333337,0.3887043189368771,Approved,0.9032,0.13849908480780967
Female,0.8,Graduate,No,0.5051546391752577,0.3035714285714286,0.6666666666666665,0.3516666666666667,0.3322259136212625,Rejected,0.3567999999999999,0.3542810656904617
Male,0.8,Graduate,No,0.8247422680412371,0.6352040816326531,0.8888888888888888,0.6516666666666668,0.5902547065337763,Approved,0.6292,0.2808623144193614
Male,0.2,Not Graduate,Yes,0.9587628865979381,0.6147959183673469,0.6666666666666665,0.6600000000000001,0.7486157253599115,Approved,0.4272,0.4142769981696156
Female,0.0,Not Graduate,Yes,0.7628865979381443,0.6964285714285714,0.0,0.2283333333333334,0.611295681063123,Approved,0.8528,0.257067317470002
Female,0.4,Not Graduate,Yes,0.845360824742268,0.5229591836734694,0.5555555555555556,0.05833333333333335,0.522702104097453,Approved,0.39039999999999997,0.31279235306080944
Male,0.8,Graduate,No,0.7628865979381443,0.6326530612244897,0.1111111111111111,0.6183333333333334,0.5437430786267996,Approved,0.7212000000000001,0.24852552369330896
Male,0.8,Not Graduate,Yes,0.12371134020618556,0.08673469387755102,0.5555555555555556,0.5350000000000001,0.11627906976744187,Rejected,0.45719999999999983,0.44661378889566816
Female,0.8,Not Graduate,Yes,0.2577319587628866,0.16581632653061223,0.4444444444444445,0.2583333333333334,0.18826135105204875,Rejected,0.40759999999999996,0.36790726052471023
Female,0.2,Graduate,Yes,0.0,0.005102040816326531,0.4444444444444445,0.9266666666666667,0.01107419712070875,Approved,0.3999999999999999,0.4169208867195444
Female,0.6000000000000001,Graduate,No,0.04123711340206186,0.04591836734693877,0.7777777777777777,0.9866666666666668,0.0398671096345515,Approved,0.8,0.23489932885906042
Female,0.8,Graduate,No,0.5154639175257731,0.32142857142857145,0.7777777777777777,0.865,0.34772978959025475,Approved,0.39239999999999986,0.34878991254830183
Male,0.0,Not Graduate,Yes,0.5051546391752577,0.288265306122449,0.4444444444444445,0.01333333333333342,0.3023255813953489,Rejected,0.30999999999999994,0.3331299572910311
Male,0.8,Graduate,Yes,0.9278350515463917,0.4668367346938776,0.0,0.9816666666666667,0.8161683277962348,Approved,0.20879999999999987,0.6577181208053692
Male,1.0,Not Graduate,No,0.6494845360824741,0.5841836734693877,0.8888888888888888,0.6883333333333335,0.3133997785160576,Rejected,0.8275999999999999,0.09904413260117964
Female,0.0,Graduate,No,0.8556701030927835,0.5280612244897959,0.2222222222222222,0.6083333333333334,0.5714285714285715,Approved,0.38839999999999997,0.35102704901362625
Female,0.8,Not Graduate,No,0.18556701030927833,0.14540816326530612,0.5555555555555556,0.895,0.12624584717607976,Rejected,0.6000000000000001,0.24750864348179788
Male,0.8,Not Graduate,Yes,0.7525773195876289,0.451530612244898,1.0,0.15833333333333333,0.5071982281284607,Rejected,0.3599999999999999,0.369534268863128
Male,0.0,Graduate,Yes,0.7525773195876289,0.7295918367346939,0.4444444444444445,0.5533333333333335,0.7375415282392027,Approved,0.9412,0.31889363432987594
Male,0.4,Not Graduate,No,0.18556701030927833,0.10204081632653061,0.7777777777777777,0.32833333333333337,0.14839424141749724,Rejected,0.2599999999999999,0.5001016880211512
Male,0.6000000000000001,Graduate,Yes,0.12371134020618556,0.06122448979591837,0.6666666666666665,0.6566666666666667,0.09856035437430787,Rejected,0.17159999999999997,0.5478950579621721
Female,0.2,Not Graduate,Yes,0.15463917525773194,0.13520408163265304,0.0,0.9700000000000002,0.15060908084163901,Approved,0.7176,0.35590807402887936
Male,0.4,Graduate,Yes,0.5257731958762886,0.37244897959183676,0.2222222222222222,0.3400000000000001,0.3599114064230344,Approved,0.5244,0.2965222696766322
Male,0.8,Not Graduate,No,0.8969072164948453,0.7602040816326531,0.0,0.7450000000000001,0.7098560354374308,Approved,0.7528000000000001,0.28330282692698794
Male,0.6000000000000001,Graduate,No,0.979381443298969,0.8928571428571428,0.1111111111111111,0.27,0.6810631229235881,Approved,0.8555999999999999,0.2041895464714257
Male,1.0,Graduate,No,0.9072164948453608,0.6530612244897959,0.1111111111111111,0.3966666666666667,0.6777408637873755,Approved,0.5511999999999999,0.33109619686800895
Male,0.4,Not Graduate,Yes,0.8556701030927835,0.7806122448979591,0.2222222222222222,0.6066666666666667,0.469545957918051,Approved,0.8539999999999999,0.12914378686190767
Male,0.2,Not Graduate,No,0.3402061855670103,0.27040816326530615,0.1111111111111111,0.3733333333333334,0.34330011074197125,Rejected,0.6456,0.433394346146024
Male,0.2,Not Graduate,No,0.03092783505154639,0.028061224489795915,0.2222222222222222,0.27333333333333343,0.03433001107419713,Rejected,0.5199999999999998,0.35590807402887936
Female,0.6000000000000001,Graduate,No,0.8969072164948453,0.4795918367346939,0.2222222222222222,0.8450000000000002,0.6500553709856036,Approved,0.25839999999999996,0.4767134431563962
Female,0.4,Not Graduate,Yes,0.7835051546391752,0.6862244897959183,0.8888888888888888,0.5366666666666666,0.46843853820598014,Approved,0.7948,0.16676835468781778
Female,1.0,Not Graduate,Yes,0.9896907216494845,0.7015306122448979,0.2222222222222222,0.8783333333333334,0.655592469545958,Approved,0.5347999999999999,0.2835062029692903
Female,0.0,Graduate,No,0.5154639175257731,0.4770408163265306,0.6666666666666665,0.645,0.39645625692137326,Approved,0.8615999999999999,0.23489932885906042
Male,0.8,Graduate,No,0.7422680412371133,0.4872448979591837,0.7777777777777777,0.8916666666666668,0.6666666666666667,Approved,0.44879999999999987,0.4828147244254627
Female,0.6000000000000001,Graduate,Yes,0.10309278350515465,0.07653061224489796,0.2222222222222222,0.7866666666666668,0.060908084163898125,Rejected,0.5,0.21110433190970104
Female,0.2,Not Graduate,Yes,0.08247422680412371,0.07397959183673469,0.0,0.6833333333333333,0.04540420819490588,Rejected,0.6800000000000002,0.1334146837502542
Male,0.6000000000000001,Graduate,Yes,0.9587628865979381,0.8214285714285714,0.6666666666666665,0.4683333333333334,0.6356589147286822,Approved,0.7684,0.20907057148667887
Male,0.6000000000000001,Not Graduate,No,0.443298969072165,0.2908163265306123,0.8888888888888888,0.7916666666666667,0.3133997785160576,Rejected,0.43999999999999995,0.34634940004067516
Female,0.4,Graduate,No,0.4845360824742268,0.4005102040816327,0.5555555555555556,0.6833333333333333,0.3444075304540421,Approved,0.706,0.24791539556640232
Female,0.6000000000000001,Not Graduate,Yes,0.05154639175257732,0.05612244897959184,0.3333333333333333,0.03500000000000003,0.053156146179402,Rejected,0.8284,0.2704901362619484
Male,0.0,Graduate,No,0.9484536082474226,0.7142857142857143,1.0,0.7683333333333333,0.8615725359911407,Approved,0.6044,0.4093959731543624
Female,0.6000000000000001,Not Graduate,Yes,0.8350515463917525,0.7933673469387755,0.2222222222222222,0.6233333333333333,0.2823920265780731,Rejected,0.9132,0.015253203172666263
Male,0.8,Graduate,Yes,0.556701030927835,0.3239795918367347,0.1111111111111111,0.9983333333333335,0.40974529346622374,Approved,0.3284,0.4325808419768151
Male,1.0,Not Graduate,Yes,0.4329896907216495,0.30612244897959184,0.3333333333333333,0.44500000000000006,0.24031007751937988,Rejected,0.518,0.21293471629042102
Male,0.6000000000000001,Graduate,No,0.1958762886597938,0.13010204081632654,0.3333333333333333,0.7850000000000001,0.17386489479512737,Rejected,0.4284000000000001,0.4537319503762457
Male,0.2,Not Graduate,Yes,0.4329896907216495,0.26275510204081637,0.1111111111111111,0.10000000000000009,0.3765227021040975,Rejected,0.3635999999999999,0.507423225544031
Female,0.0,Not Graduate,No,0.6288659793814433,0.4923469387755102,0.2222222222222222,0.20833333333333337,0.4994462901439646,Approved,0.6444000000000001,0.3195037624567827
Male,0.8,Graduate,No,0.9999999999999999,0.7576530612244897,0.8888888888888888,0.32666666666666677,0.6766334440753046,Approved,0.6119999999999999,0.2643888549928818
Male,0.6000000000000001,Not Graduate,No,0.05154639175257732,0.033163265306122444,1.0,0.675,0.04540420819490588,Rejected,0.3144,0.419361399227171
Female,0.8,Not Graduate,No,0.3505154639175258,0.30867346938775514,0.6666666666666665,0.21166666666666667,0.2668881506090809,Rejected,0.7776000000000001,0.2493390278625178
Male,0.2,Not Graduate,Yes,0.556701030927835,0.5280612244897959,0.0,0.42000000000000004,0.4130675526024364,Approved,0.8999999999999999,0.21252796420581657
Female,0.6000000000000001,Not Graduate,Yes,0.08247422680412371,0.08673469387755102,0.3333333333333333,0.7083333333333335,0.1018826135105205,Rejected,0.8800000000000001,0.37522879804759
Female,1.0,Graduate,Yes,0.6391752577319587,0.3903061224489796,0.3333333333333333,0.42166666666666675,0.4994462901439646,Rejected,0.3752,0.4407158836689038
Female,0.0,Not Graduate,No,0.8969072164948453,0.4795918367346939,0.0,0.7083333333333335,0.5614617940199336,Approved,0.25839999999999996,0.39149888143176736
Male,0.8,Graduate,No,0.9999999999999999,0.6581632653061225,0.0,0.30166666666666675,0.575858250276855,Approved,0.4543999999999999,0.2558470612161887
Female,0.4,Graduate,Yes,0.3917525773195876,0.211734693877551,0.1111111111111111,0.9116666666666668,0.3233665559246955,Approved,0.2599999999999999,0.5474883058775677
Female,0.0,Not Graduate,Yes,0.7319587628865979,0.6479591836734694,0.4444444444444445,0.6100000000000001,0.5725359911406424,Approved,0.8084,0.2597112060199309
Male,0.2,Not Graduate,No,0.8144329896907216,0.6403061224489796,0.2222222222222222,0.29500000000000004,0.4972314507198229,Rejected,0.6544000000000001,0.21008745169818996
Female,0.8,Graduate,Yes,0.6804123711340205,0.5561224489795918,0.1111111111111111,0.2433333333333334,0.398671096345515,Rejected,0.7,0.1824283099450885
Female,0.0,Not Graduate,Yes,0.24742268041237112,0.20153061224489796,0.3333333333333333,0.55,0.221483942414175,Approved,0.6616,0.3534675615212528
Female,1.0,Not Graduate,Yes,0.010309278350515465,0.020408163265306124,1.0,0.5216666666666667,0.016611295681063128,Rejected,0.8668,0.19869839332926584
Female,0.4,Graduate,Yes,0.2268041237113402,0.18367346938775508,0.1111111111111111,0.9183333333333334,0.12624584717607976,Approved,0.6499999999999999,0.16737848281472442
Female,0.0,Not Graduate,No,0.5979381443298969,0.5178571428571428,0.5555555555555556,0.06500000000000006,0.4330011074197121,Rejected,0.7731999999999999,0.23733984136668704
Male,0.8,Graduate,Yes,0.3711340206185567,0.2755102040816327,0.7777777777777777,0.9283333333333335,0.38427464008859363,Approved,0.5683999999999998,0.49054301403294687
Female,0.0,Graduate,Yes,0.7010309278350515,0.5561224489795918,0.6666666666666665,0.27833333333333343,0.5304540420819491,Approved,0.6628000000000001,0.29204799674598336
Female,0.0,Graduate,Yes,0.5360824742268041,0.32142857142857145,0.7777777777777777,0.09166666666666667,0.43743078626799564,Approved,0.3555999999999999,0.47651006711409394
Male,0.2,Not Graduate,No,0.6391752577319587,0.41071428571428575,0.2222222222222222,0.21333333333333337,0.6168327796234774,Rejected,0.42479999999999984,0.5432174089892211
Male,1.0,Not Graduate,Yes,0.7010309278350515,0.6045918367346939,0.6666666666666665,0.25,0.45847176079734225,Rejected,0.7715999999999998,0.2017490339637991
Male,0.4,Not Graduate,Yes,0.1958762886597938,0.10969387755102042,0.1111111111111111,0.08000000000000007,0.15282392026578076,Rejected,0.2759999999999999,0.47528981086028066
Female,0.8,Not Graduate,Yes,0.4329896907216495,0.375,0.5555555555555556,0.265,0.22037652270210412,Rejected,0.7635999999999998,0.12263575350823672
Male,0.0,Not Graduate,No,0.8041237113402061,0.7831632653061225,0.3333333333333333,0.9116666666666668,0.5459579180509414,Approved,0.95,0.17347976408379093
Female,0.4,Not Graduate,Yes,0.3814432989690722,0.20408163265306123,0.8888888888888888,0.3716666666666667,0.14285714285714288,Rejected,0.2512,0.17327638804148873
Female,0.0,Graduate,No,0.4639175257731959,0.38010204081632654,0.4444444444444445,0.81,0.34883720930232565,Approved,0.6936,0.2743542810656905
Male,0.0,Graduate,No,0.6804123711340205,0.5331632653061225,0.6666666666666665,0.0,0.3853820598006645,Rejected,0.6472,0.1850721984950173
Male,0.0,Not Graduate,Yes,0.16494845360824742,0.15816326530612243,0.5555555555555556,0.7133333333333334,0.12292358803986712,Approved,0.8444,0.2072401871059589
Female,0.6000000000000001,Not Graduate,Yes,0.8659793814432989,0.8086734693877551,0.1111111111111111,0.32833333333333337,0.4186046511627907,Rejected,0.8884000000000001,0.09029896278218427
Male,0.2,Not Graduate,Yes,0.3505154639175258,0.3418367346938776,0.4444444444444445,0.41333333333333344,0.27574750830564787,Rejected,0.9224000000000001,0.22310351840553186
Female,0.2,Graduate,Yes,0.6804123711340205,0.5765306122448979,0.2222222222222222,0.4600000000000001,0.33887043189368776,Approved,0.7471999999999999,0.12283912955053897
Male,0.6000000000000001,Graduate,Yes,0.09278350515463918,0.09693877551020409,1.0,0.9383333333333335,0.06423034330011074,Approved,0.8908,0.15497254423428922
Male,0.8,Graduate,Yes,0.3917525773195876,0.20663265306122447,0.3333333333333333,0.6950000000000001,0.30786267995570327,Approved,0.24,0.5302013422818792
Male,0.2,Graduate,No,0.23711340206185563,0.14285714285714285,0.5555555555555556,0.6133333333333335,0.194905869324474,Approved,0.34399999999999986,0.4679682733374009
Female,0.4,Graduate,No,0.5360824742268041,0.4362244897959184,0.4444444444444445,0.05833333333333335,0.3244739756367664,Rejected,0.6888000000000001,0.1946308724832215
Male,1.0,Not Graduate,No,0.6597938144329897,0.3392857142857143,0.1111111111111111,0.935,0.4396456256921374,Approved,0.22439999999999993,0.4472239170225747
Female,0.8,Not Graduate,No,0.5979381443298969,0.37244897959183676,0.0,0.03500000000000003,0.4285714285714286,Rejected,0.3932,0.3811267032743543
Female,0.0,Graduate,Yes,0.20618556701030927,0.20408163265306123,0.4444444444444445,0.4750000000000001,0.12292358803986712,Approved,0.9092,0.12934716290420986
Female,0.2,Graduate,No,0.8865979381443299,0.4642857142857143,0.4444444444444445,0.6733333333333333,0.6101882613510521,Approved,0.2407999999999999,0.4575960951799878
Female,0.0,Not Graduate,Yes,0.3917525773195876,0.25510204081632654,0.1111111111111111,0.865,0.3289036544850499,Approved,0.42999999999999994,0.44173276388041494
Male,0.8,Not Graduate,Yes,0.3505154639175258,0.30867346938775514,0.8888888888888888,0.32333333333333336,0.18936877076411962,Rejected,0.7776000000000001,0.13443156396176534
Female,1.0,Graduate,Yes,0.8144329896907216,0.5663265306122449,0.0,0.8466666666666667,0.36987818383167226,Approved,0.5111999999999999,0.15293878381126705
Female,0.6000000000000001,Not Graduate,Yes,0.5154639175257731,0.2729591836734694,0.5555555555555556,0.8833333333333335,0.4119601328903655,Approved,0.246,0.5426072808623145
Male,1.0,Graduate,No,0.09278350515463918,0.06377551020408163,0.6666666666666665,0.28833333333333333,0.05647840531561463,Rejected,0.4179999999999999,0.24689851535489124
Female,0.4,Graduate,No,0.7525773195876289,0.7525510204081632,0.1111111111111111,0.15333333333333332,0.3554817275747509,Rejected,0.9891999999999999,0.06935123042505592
Male,1.0,Not Graduate,No,0.7731958762886597,0.5102040816326531,0.5555555555555556,0.8433333333333335,0.6943521594684386,Approved,0.4543999999999999,0.47956070774862725
Female,0.0,Not Graduate,No,0.5670103092783505,0.5382653061224489,0.3333333333333333,0.06666666666666665,0.28460686600221485,Rejected,0.9016,0.09558673988204192
Male,0.6000000000000001,Graduate,Yes,0.49484536082474223,0.3469387755102041,0.3333333333333333,0.42500000000000004,0.4595791805094131,Approved,0.5119999999999998,0.46044335977221884
Female,1.0,Not Graduate,No,0.03092783505154639,0.022959183673469385,0.7777777777777777,0.33166666666666667,0.027685492801771877,Rejected,0.3599999999999999,0.3390278625177954
Male,0.6000000000000001,Graduate,No,0.8969072164948453,0.5357142857142857,0.4444444444444445,0.27833333333333343,0.6810631229235881,Approved,0.35719999999999985,0.4384787472035795
Female,0.2,Not Graduate,No,0.15463917525773194,0.1607142857142857,0.1111111111111111,0.8283333333333334,0.12956810631229237,Rejected,0.9528000000000001,0.2202562538133008
Female,0.8,Not Graduate,Yes,0.03092783505154639,0.025510204081632654,0.8888888888888888,0.77,0.032115171650055375,Rejected,0.43999999999999995,0.36363636363636365
Male,0.6000000000000001,Not Graduate,Yes,0.9999999999999999,0.923469387755102,0.7777777777777777,0.43666666666666676,0.7475083056478407,Approved,0.8748,0.22574740695546067
Male,0.2,Graduate,No,0.845360824742268,0.548469387755102,0.0,0.32000000000000006,0.43632336655592474,Approved,0.43799999999999994,0.21883262151718533
Male,0.6000000000000001,Not Graduate,Yes,0.03092783505154639,0.03571428571428571,0.1111111111111111,0.8733333333333335,0.027685492801771877,Rejected,0.76,0.19442749644091925
Male,0.4,Graduate,No,0.15463917525773194,0.1377551020408163,0.4444444444444445,0.5033333333333334,0.14950166112956814,Rejected,0.7412000000000001,0.3435021354484442
Female,0.2,Not Graduate,Yes,0.6494845360824741,0.45918367346938777,0.4444444444444445,0.7033333333333334,0.48504983388704326,Approved,0.526,0.338621110433191
Female,0.2,Not Graduate,No,0.8969072164948453,0.7168367346938775,0.2222222222222222,0.6816666666666666,0.673311184939092,Approved,0.6763999999999999,0.2857433394346146
Male,0.2,Not Graduate,No,0.020618556701030927,0.028061224489795915,0.1111111111111111,0.0033333333333334103,0.021040974529346626,Rejected,0.8,0.1816148057758796
Female,0.6000000000000001,Not Graduate,No,0.5670103092783505,0.30612244897959184,0.2222222222222222,0.10666666666666669,0.487264673311185,Rejected,0.2631999999999999,0.5816554809843401
Male,0.0,Not Graduate,Yes,0.9690721649484536,0.5994897959183673,0.5555555555555556,0.14833333333333343,0.8405315614617941,Approved,0.39159999999999995,0.49949155989424443
Male,0.0,Graduate,Yes,0.8556701030927835,0.5025510204081632,0.7777777777777777,0.81,0.5193798449612403,Approved,0.34120000000000006,0.32845230831808025
Female,0.0,Graduate,No,0.3917525773195876,0.28571428571428575,0.3333333333333333,0.22333333333333338,0.2347729789590255,Rejected,0.55,0.22940817571690056
Female,0.4,Not Graduate,Yes,0.6288659793814433,0.45408163265306123,0.2222222222222222,0.6183333333333334,0.37984496124031014,Approved,0.5492000000000001,0.23733984136668704
Female,0.6000000000000001,Graduate,Yes,0.3917525773195876,0.3673469387755102,0.3333333333333333,0.1266666666666667,0.24252491694352163,Rejected,0.8699999999999999,0.1559894244458003
Female,0.8,Graduate,No,0.9484536082474226,0.8137755102040816,0.2222222222222222,0.9966666666666668,0.7430786267995572,Approved,0.7704,0.27374415293878385
Female,1.0,Graduate,Yes,0.4020618556701031,0.38775510204081637,0.4444444444444445,0.8933333333333333,0.3322259136212625,Approved,0.9119999999999999,0.2462883872279846
Female,0.8,Graduate,Yes,0.09278350515463918,0.10459183673469388,0.2222222222222222,0.3583333333333334,0.07862679955703211,Rejected,1.0,0.19422412039861706
Female,0.6000000000000001,Not Graduate,No,0.8762886597938144,0.625,1.0,0.10000000000000009,0.7641196013289038,Rejected,0.5404,0.41651413463494
Male,0.8,Graduate,Yes,0.4845360824742268,0.31887755102040816,0.0,0.6516666666666668,0.292358803986711,Approved,0.4448000000000001,0.27333740085417935
Male,0.2,Not Graduate,Yes,0.26804123711340205,0.22448979591836735,0.6666666666666665,0.3500000000000001,0.2170542635658915,Rejected,0.7,0.2944885092536099
Male,0.0,Graduate,No,0.9690721649484536,0.5841836734693877,0.8888888888888888,0.14833333333333343,0.5448504983388704,Approved,0.3667999999999999,0.2822859467154769
Male,0.6000000000000001,Graduate,Yes,0.6907216494845361,0.4770408163265306,0.6666666666666665,0.08000000000000007,0.35215946843853824,Rejected,0.5016,0.1921903599755949
Male,0.4,Not Graduate,Yes,0.21649484536082472,0.1989795918367347,0.0,0.3400000000000001,0.13510520487264677,Rejected,0.8088,0.16392109009558678
Female,0.4,Not Graduate,No,0.6804123711340205,0.5357142857142857,1.0,0.5966666666666667,0.5526024363233666,Approved,0.6528,0.3278421801911735
Male,0.2,Not Graduate,Yes,0.20618556701030927,0.13010204081632654,0.7777777777777777,0.5683333333333334,0.12735326688815063,Rejected,0.382,0.2957087655074233
Male,0.4,Not Graduate,No,0.5876288659793814,0.4974489795918367,1.0,0.04500000000000004,0.41085271317829464,Rejected,0.7424,0.232662192393736
Male,0.2,Graduate,Yes,0.7010309278350515,0.5102040816326531,0.8888888888888888,0.7100000000000002,0.558139534883721,Approved,0.5599999999999998,0.35631482611348375
Male,0.2,Graduate,Yes,0.9690721649484536,0.8622448979591837,1.0,0.8800000000000001,0.8626799557032117,Approved,0.8208,0.3144193613992272
Male,0.0,Graduate,No,0.6494845360824741,0.3622448979591837,0.5555555555555556,0.7583333333333333,0.49501661129568114,Approved,0.2923999999999999,0.47996745983323164
Male,0.4,Not Graduate,Yes,0.3711340206185567,0.18622448979591835,1.0,0.8133333333333335,0.23588039867109636,Approved,0.19999999999999996,0.4281065690461664
Male,0.4,Graduate,No,0.9484536082474226,0.6326530612244897,1.0,0.8866666666666667,0.5459579180509414,Approved,0.46799999999999997,0.2501525320317267
Female,0.0,Not Graduate,No,0.1958762886597938,0.20153061224489796,0.1111111111111111,0.42333333333333334,0.1650055370985604,Rejected,0.962,0.226967663209274
Female,0.2,Not Graduate,Yes,0.8556701030927835,0.6607142857142857,0.3333333333333333,0.8516666666666668,0.8194905869324475,Approved,0.6328,0.4250559284116331
Male,1.0,Graduate,Yes,0.3711340206185567,0.29846938775510207,0.0,0.5816666666666668,0.283499446290144,Rejected,0.6632,0.28818385194224116
Female,0.2,Not Graduate,Yes,0.32989690721649484,0.23979591836734693,1.0,0.8833333333333335,0.2724252491694352,Approved,0.5412000000000001,0.37156802928615007
Female,0.2,Graduate,Yes,0.556701030927835,0.2908163265306123,0.2222222222222222,0.6783333333333335,0.30786267995570327,Approved,0.23559999999999992,0.33760423022167996
Female,0.0,Graduate,Yes,0.8556701030927835,0.8520408163265306,0.4444444444444445,0.30500000000000005,0.7585825027685493,Approved,0.986,0.26337197478137075
Female,0.8,Not Graduate,Yes,0.1958762886597938,0.13265306122448978,0.8888888888888888,0.08166666666666667,0.09191583610188261,Rejected,0.4476,0.1692088671954444
Male,0.8,Graduate,No,0.020618556701030927,0.030612244897959183,0.1111111111111111,0.9100000000000001,0.023255813953488372,Rejected,0.8999999999999999,0.18649583079113283
Female,0.8,Not Graduate,No,0.7938144329896907,0.7959183673469388,1.0,0.14333333333333342,0.5426356589147288,Rejected,0.9948000000000001,0.1663616026032134
Female,1.0,Not Graduate,No,0.6907216494845361,0.48214285714285715,0.5555555555555556,0.18000000000000005,0.5370985603543744,Rejected,0.5131999999999999,0.3654667480170837
Female,0.0,Not Graduate,Yes,0.16494845360824742,0.09183673469387756,0.0,0.7733333333333334,0.079734219269103,Approved,0.2667999999999999,0.243847874720358
Male,0.0,Graduate,Yes,0.10309278350515465,0.07397959183673469,0.8888888888888888,0.28833333333333333,0.06533776301218162,Approved,0.4667999999999999,0.24791539556640232
Male,0.6000000000000001,Not Graduate,No,0.3505154639175258,0.2423469387755102,0.5555555555555556,0.5900000000000001,0.124031007751938,Rejected,0.4887999999999999,0.0882652023591621
Male,0.2,Graduate,No,0.7216494845360825,0.5739795918367346,0.0,0.41833333333333345,0.5991140642303434,Approved,0.6667999999999998,0.3335367093756356
Male,1.0,Graduate,No,0.9484536082474226,0.548469387755102,0.2222222222222222,0.9166666666666667,0.6223698781838317,Approved,0.3275999999999999,0.37543217408989227
Male,1.0,Graduate,No,0.9072164948453608,0.6096938775510203,0.1111111111111111,0.5766666666666667,0.5260243632336656,Rejected,0.4756,0.2499491559894245
Male,0.2,Not Graduate,Yes,0.08247422680412371,0.04591836734693877,0.3333333333333333,0.8216666666666668,0.08194905869324474,Approved,0.24,0.6028065893837706
Male,0.6000000000000001,Not Graduate,No,0.556701030927835,0.5,0.7777777777777777,0.41833333333333345,0.425249169435216,Rejected,0.8215999999999999,0.24405125076266018
Female,0.2,Graduate,No,0.07216494845360825,0.058673469387755105,0.1111111111111111,0.07666666666666666,0.049833887043189376,Rejected,0.5555999999999999,0.2308318080130161
Female,1.0,Not Graduate,Yes,0.9072164948453608,0.4795918367346939,0.6666666666666665,0.4,0.3864894795127354,Rejected,0.2487999999999999,0.2233068944478341
Female,0.4,Not Graduate,No,0.29896907216494845,0.22193877551020408,1.0,0.9866666666666668,0.23588039867109636,Approved,0.5611999999999999,0.3378076062639821
Male,0.2,Not Graduate,Yes,0.8041237113402061,0.520408163265306,0.2222222222222222,0.45000000000000007,0.5182724252491695,Approved,0.43520000000000003,0.31116534472239166
Male,0.8,Not Graduate,Yes,0.3402061855670103,0.2806122448979592,0.7777777777777777,0.9566666666666668,0.20598006644518274,Approved,0.6916,0.18934309538336389
Male,0.8,Graduate,No,0.3814432989690722,0.3137755102040817,0.3333333333333333,0.42166666666666675,0.30011074197120713,Rejected,0.6923999999999999,0.2914378686190766
Male,0.4,Graduate,No,0.979381443298969,0.8724489795918366,0.4444444444444445,0.5816666666666668,0.5370985603543744,Approved,0.8228,0.13565182021557862
Male,0.8,Graduate,No,0.443298969072165,0.39540816326530615,0.6666666666666665,0.2316666666666667,0.3875968992248062,Rejected,0.8044,0.30323367907260534
Female,1.0,Not Graduate,No,0.6804123711340205,0.625,0.3333333333333333,0.5350000000000001,0.6002214839424143,Rejected,0.8588,0.2953020134228188
Female,0.4,Not Graduate,No,0.6288659793814433,0.4668367346938776,0.6666666666666665,0.9533333333333334,0.49833887043189373,Approved,0.5808,0.3439088875330486
Male,0.4,Graduate,No,0.4845360824742268,0.4642857142857143,0.3333333333333333,0.32000000000000006,0.3709856035437431,Rejected,0.9103999999999999,0.2200528777709986
Male,0.0,Graduate,No,0.4742268041237114,0.4668367346938776,0.2222222222222222,0.53,0.42746400885935776,Approved,0.95,0.2739475289810861
Male,1.0,Graduate,No,0.7525773195876289,0.39540816326530615,0.8888888888888888,0.2633333333333334,0.49501661129568114,Rejected,0.24280000000000002,0.42790319300386415
Male,1.0,Not Graduate,No,0.5154639175257731,0.3469387755102041,0.1111111111111111,0.20333333333333337,0.34219269102990035,Rejected,0.46920000000000006,0.30547081553792965
Female,0.6000000000000001,Not Graduate,Yes,0.9484536082474226,0.7806122448979591,1.0,0.9550000000000001,0.7574750830564785,Approved,0.7147999999999999,0.3003864144803742
Male,1.0,Not Graduate,No,0.30927835051546393,0.24744897959183673,0.6666666666666665,0.5166666666666668,0.203765227021041,Rejected,0.6499999999999999,0.229814927801505
Male,0.2,Not Graduate,Yes,0.3505154639175258,0.32908163265306123,1.0,0.41000000000000003,0.3200442967884829,Approved,0.8668,0.29896278218425876
Male,0.2,Not Graduate,Yes,0.32989690721649484,0.1760204081632653,0.3333333333333333,0.7350000000000001,0.2868217054263566,Approved,0.24719999999999986,0.5904006508033354
Male,0.6000000000000001,Graduate,No,0.1958762886597938,0.20153061224489796,0.2222222222222222,0.7566666666666668,0.10299003322259137,Rejected,0.962,0.08806182631685991
Female,0.2,Graduate,No,0.7216494845360825,0.3775510204081633,0.3333333333333333,0.1316666666666667,0.44739756367663347,Approved,0.2387999999999999,0.39699003457392723
Male,1.0,Graduate,No,0.443298969072165,0.42346938775510207,0.8888888888888888,0.2583333333333334,0.23366555924695462,Rejected,0.9023999999999999,0.10616229408175717
Male,0.0,Graduate,Yes,0.24742268041237112,0.22193877551020408,1.0,0.5250000000000001,0.20155038759689925,Approved,0.7848000000000002,0.2678462477120196
Female,0.8,Graduate,Yes,0.6391752577319587,0.5459183673469388,0.4444444444444445,0.14,0.4994462901439646,Rejected,0.7564,0.2739475289810861
Female,0.0,Graduate,No,0.6391752577319587,0.6326530612244897,0.7777777777777777,0.5466666666666666,0.4772978959025471,Approved,0.9688000000000001,0.19991864958307917
Female,0.6000000000000001,Graduate,No,0.29896907216494845,0.2780612244897959,0.7777777777777777,0.9416666666666667,0.20598006644518274,Approved,0.8452,0.19239373601789708
Male,0.4,Graduate,No,0.16494845360824742,0.12755102040816327,0.0,0.6316666666666668,0.09634551495016612,Rejected,0.5775999999999999,0.19666463290624367
Male,0.2,Graduate,Yes,0.9381443298969072,0.4770408163265306,0.6666666666666665,0.6483333333333334,0.877076411960133,Approved,0.21720000000000006,0.6994102094773236
Female,1.0,Not Graduate,Yes,0.6494845360824741,0.34438775510204084,0.4444444444444445,0.56,0.504983388704319,Approved,0.2492000000000001,0.5253203172666261
Female,0.2,Not Graduate,No,0.29896907216494845,0.1607142857142857,1.0,0.895,0.2702104097452935,Approved,0.25159999999999993,0.6117551352450682
Female,0.6000000000000001,Not Graduate,No,0.21649484536082472,0.20918367346938774,0.5555555555555556,0.42833333333333334,0.13399778516057587,Rejected,0.8784000000000001,0.14663412649989835
Female,0.4,Graduate,No,0.03092783505154639,0.03571428571428571,0.4444444444444445,0.040000000000000036,0.029900332225913623,Rejected,0.76,0.21842586943258088
Female,0.0,Not Graduate,Yes,0.36082474226804123,0.22959183673469388,0.6666666666666665,0.385,0.21816168327796237,Approved,0.40559999999999996,0.2869635956884279
Female,0.8,Not Graduate,Yes,0.8659793814432989,0.5382653061224489,0.6666666666666665,0.29333333333333333,0.5459579180509414,Rejected,0.3952,0.31970713849908483
Male,0.8,Graduate,No,0.24742268041237112,0.20918367346938774,0.1111111111111111,0.7916666666666667,0.18826135105204875,Rejected,0.7076,0.26377872686597525
Male,0.2,Not Graduate,Yes,0.7113402061855669,0.451530612244898,1.0,0.29500000000000004,0.53156146179402,Approved,0.4139999999999999,0.3943461460239984
Male,0.8,Not Graduate,Yes,0.7010309278350515,0.4974489795918367,0.7777777777777777,0.6366666666666667,0.398671096345515,Rejected,0.5316000000000001,0.22127313402481194
Female,1.0,Not Graduate,No,0.8350515463917525,0.4438775510204082,0.5555555555555556,0.056666666666666754,0.7165005537098561,Rejected,0.2532,0.5954850518608908
Female,0.6000000000000001,Graduate,Yes,0.6804123711340205,0.6020408163265306,0.5555555555555556,0.44166666666666676,0.5171650055370987,Approved,0.806,0.24832214765100677
Female,0.2,Not Graduate,Yes,0.9999999999999999,0.6479591836734694,0.0,0.06666666666666665,0.8338870431893689,Approved,0.4383999999999999,0.44661378889566816
Female,0.4,Graduate,No,0.5051546391752577,0.2729591836734694,0.6666666666666665,0.036666666666666736,0.29900332225913623,Rejected,0.2627999999999999,0.35407768964815944
Female,0.8,Graduate,Yes,0.3402061855670103,0.2653061224489796,0.3333333333333333,0.9716666666666667,0.13842746400885939,Approved,0.6228,0.09273947528981086
Female,0.6000000000000001,Graduate,Yes,0.422680412371134,0.31887755102040816,0.7777777777777777,0.07666666666666666,0.21816168327796237,Rejected,0.5908,0.16676835468781778
Male,0.0,Graduate,Yes,0.5257731958762886,0.5076530612244897,0.0,0.935,0.2613510520487265,Approved,0.9243999999999999,0.08907870652837097
Male,1.0,Graduate,Yes,0.6391752577319587,0.5510204081632653,0.5555555555555556,0.665,0.407530454042082,Rejected,0.7688000000000001,0.19300386414480378
Female,0.0,Graduate,No,0.9381443298969072,0.6862244897959183,0.3333333333333333,0.5483333333333333,0.5570321151716501,Approved,0.5699999999999998,0.22656091112466956
Male,0.6000000000000001,Graduate,No,0.09278350515463918,0.07142857142857144,0.6666666666666665,0.09833333333333338,0.07862679955703211,Rejected,0.5271999999999999,0.3394346146023999
Female,0.4,Not Graduate,No,0.7113402061855669,0.6811224489795918,0.4444444444444445,0.21666666666666667,0.6345514950166113,Rejected,0.9212,0.28208257067317477
Male,0.8,Not Graduate,No,0.09278350515463918,0.07653061224489796,0.8888888888888888,0.19500000000000006,0.07641196013289037,Rejected,0.6000000000000001,0.297335773845841
Female,0.4,Graduate,No,0.17525773195876287,0.125,0.2222222222222222,0.9933333333333334,0.13953488372093026,Approved,0.4947999999999999,0.35590807402887936
Female,0.0,Not Graduate,No,0.1134020618556701,0.09183673469387756,0.7777777777777777,0.6500000000000001,0.11517165005537099,Rejected,0.6000000000000001,0.41061622940817577
Male,1.0,Graduate,No,0.7525773195876289,0.5739795918367346,0.7777777777777777,0.07833333333333337,0.47286821705426363,Rejected,0.6160000000000001,0.23184868822452717
Male,0.8,Not Graduate,No,0.2268041237113402,0.17091836734693877,0.1111111111111111,0.39833333333333343,0.159468438538206,Rejected,0.5668,0.2774049217002237
Female,0.8,Graduate,Yes,0.23711340206185563,0.19642857142857142,0.3333333333333333,0.27333333333333343,0.20598006644518274,Rejected,0.6800000000000002,0.3304860687411023
Female,0.8,Graduate,No,0.7525773195876289,0.4056122448979592,0.1111111111111111,0.01666666666666672,0.5027685492801772,Rejected,0.264,0.4224120398617043
Male,0.6000000000000001,Not Graduate,No,0.9381443298969072,0.9260204081632653,0.2222222222222222,0.21833333333333338,0.8626799557032117,Rejected,0.974,0.28248932275777916
Male,1.0,Not Graduate,No,0.3195876288659794,0.24744897959183673,0.5555555555555556,0.31500000000000006,0.13399778516057587,Rejected,0.6119999999999999,0.1016880211511084
Female,0.8,Not Graduate,Yes,0.5670103092783505,0.3469387755102041,0.5555555555555556,0.7916666666666667,0.3023255813953489,Approved,0.37559999999999993,0.2527964205816555
Male,0.8,Not Graduate,No,0.010309278350515465,0.007653061224489796,0.2222222222222222,0.10833333333333339,0.007751937984496124,Rejected,0.19999999999999996,0.2202562538133008
Female,0.4,Not Graduate,Yes,0.10309278350515465,0.10714285714285715,0.4444444444444445,0.42500000000000004,0.054263565891472874,Rejected,0.8999999999999999,0.0870449461053488
Female,0.8,Graduate,Yes,0.8247422680412371,0.7474489795918366,0.4444444444444445,0.2616666666666667,0.5027685492801772,Rejected,0.8439999999999999,0.1620907057148668
Female,0.6000000000000001,Not Graduate,No,0.5463917525773195,0.30867346938775514,0.3333333333333333,0.4666666666666667,0.3089700996677741,Rejected,0.30199999999999994,0.31157209680699616
Female,0.8,Not Graduate,No,0.16494845360824742,0.1760204081632653,1.0,0.32666666666666677,0.14285714285714288,Rejected,1.0,0.22310351840553186
Male,0.0,Not Graduate,No,0.3402061855670103,0.28316326530612246,0.7777777777777777,0.895,0.20044296788482838,Approved,0.7028000000000001,0.17754728492983526
Male,0.8,Not Graduate,Yes,0.5979381443298969,0.32908163265306123,0.2222222222222222,0.2583333333333334,0.4031007751937985,Rejected,0.28,0.41448037421191786
Male,0.0,Graduate,Yes,0.2577319587628866,0.23979591836734693,1.0,0.41833333333333345,0.12070874861572538,Approved,0.8371999999999999,0.08440105755541999
Male,0.8,Not Graduate,Yes,0.5876288659793814,0.520408163265306,0.4444444444444445,0.875,0.5393133997785161,Approved,0.8031999999999999,0.3298759406141957
Male,0.2,Not Graduate,Yes,0.1958762886597938,0.09948979591836735,0.8888888888888888,0.42333333333333334,0.12956810631229237,Rejected,0.19999999999999996,0.433394346146024
Male,0.0,Not Graduate,Yes,0.18556701030927833,0.125,0.8888888888888888,0.16666666666666674,0.10520487264673312,Rejected,0.43999999999999995,0.23469595281675817
Male,1.0,Not Graduate,No,0.9072164948453608,0.8673469387755102,0.4444444444444445,0.9216666666666669,0.8449612403100776,Approved,0.9243999999999999,0.3022167988610942
Female,0.2,Not Graduate,Yes,0.7628865979381443,0.4719387755102041,0.6666666666666665,0.17166666666666675,0.6633444075304541,Approved,0.38960000000000006,0.4996949359365467
Male,0.6000000000000001,Graduate,No,0.03092783505154639,0.030612244897959183,0.2222222222222222,0.15333333333333332,0.0398671096345515,Rejected,0.6000000000000001,0.3898718730933496
Male,0.2,Graduate,No,0.6288659793814433,0.4770408163265306,1.0,0.6216666666666668,0.4706533776301219,Approved,0.6064,0.30669107179174293
Female,0.0,Graduate,Yes,0.29896907216494845,0.17346938775510204,0.4444444444444445,0.33000000000000007,0.23255813953488375,Approved,0.31599999999999995,0.46044335977221884
Male,0.2,Not Graduate,No,0.09278350515463918,0.058673469387755105,0.2222222222222222,0.9300000000000002,0.07308970099667775,Approved,0.3455999999999999,0.39495627415090506
Male,0.8,Graduate,Yes,0.3814432989690722,0.35714285714285715,1.0,0.29500000000000004,0.1904761904761905,Rejected,0.8668,0.0978238763473663
Female,0.8,Not Graduate,Yes,0.8762886597938144,0.711734693877551,0.5555555555555556,0.41333333333333344,0.5492801771871539,Approved,0.6964000000000001,0.2080536912751678
Male,0.8,Not Graduate,Yes,0.6391752577319587,0.6020408163265306,0.2222222222222222,0.0,0.6566998892580289,Rejected,0.8936,0.355501321944275
Male,0.4,Graduate,Yes,0.0,0.012755102040816325,0.5555555555555556,0.30500000000000005,0.008859357696567,Rejected,1.0,0.1525320317266626
Male,0.2,Graduate,No,0.2268041237113402,0.14030612244897958,1.0,0.14,0.16943521594684388,Rejected,0.3667999999999999,0.39800691478543826
Female,0.6000000000000001,Not Graduate,No,0.8969072164948453,0.8903061224489796,0.4444444444444445,0.99,0.6622369878183832,Approved,0.982,0.19524100061012814
Male,0.6000000000000001,Not Graduate,No,0.6082474226804123,0.36989795918367346,0.4444444444444445,0.32000000000000006,0.37430786267995575,Rejected,0.37040000000000006,0.3174700020337604
Male,1.0,Not Graduate,Yes,0.7628865979381443,0.6479591836734694,0.1111111111111111,0.5116666666666667,0.6655592469545959,Approved,0.7528000000000001,0.32621517185275584
Female,0.6000000000000001,Not Graduate,No,0.07216494845360825,0.05357142857142857,0.7777777777777777,0.6683333333333334,0.029900332225913623,Rejected,0.4667999999999999,0.11022981492780151
Male,0.4,Not Graduate,Yes,0.7113402061855669,0.49489795918367346,1.0,0.9833333333333334,0.4828349944629015,Approved,0.51,0.3018100467764897
Female,0.4,Not Graduate,Yes,0.49484536082474223,0.364795918367347,0.4444444444444445,0.8466666666666667,0.3089700996677741,Approved,0.5679999999999998,0.24161073825503357
Female,0.8,Graduate,Yes,0.18556701030927833,0.18112244897959182,1.0,0.4933333333333334,0.10963455149501662,Rejected,0.8800000000000001,0.1305674191580232
Male,0.8,Graduate,Yes,0.24742268041237112,0.15051020408163265,0.6666666666666665,0.20166666666666666,0.18383167220376526,Rejected,0.35399999999999987,0.4051250762660159
Female,0.4,Graduate,Yes,0.7010309278350515,0.37244897959183676,1.0,0.32500000000000007,0.4706533776301219,Approved,0.25159999999999993,0.4329875940614196
Female,0.6000000000000001,Graduate,No,0.3814432989690722,0.2423469387755102,0.2222222222222222,0.5066666666666668,0.318936877076412,Rejected,0.4052,0.45352857433394345
Male,0.6000000000000001,Graduate,No,0.845360824742268,0.8239795918367346,0.1111111111111111,0.3483333333333334,0.8416389811738649,Approved,0.9523999999999999,0.32418141142973356
Female,0.0,Graduate,Yes,0.0,0.007653061224489796,0.3333333333333333,0.9200000000000002,0.007751937984496124,Approved,0.6000000000000001,0.2202562538133008
Female,0.4,Not Graduate,Yes,0.17525773195876287,0.16326530612244897,0.7777777777777777,0.9883333333333335,0.18493909191583613,Approved,0.8104,0.3664836282285947
Male,0.4,Not Graduate,Yes,0.9278350515463917,0.8341836734693877,0.6666666666666665,0.9566666666666668,0.5647840531561462,Approved,0.8348,0.16432784218019122
Male,0.6000000000000001,Not Graduate,Yes,0.010309278350515465,0.005102040816326531,0.2222222222222222,0.14333333333333342,0.021040974529346626,Rejected,0.06679999999999997,0.7829977628635346
Male,1.0,Graduate,No,0.6288659793814433,0.45408163265306123,0.1111111111111111,0.4833333333333334,0.5193798449612403,Rejected,0.5492000000000001,0.37888956680902985
Female,0.4,Not Graduate,No,0.6082474226804123,0.5918367346938775,0.6666666666666665,0.3500000000000001,0.3754152823920266,Rejected,0.9407999999999999,0.14439699003457393
Male,0.6000000000000001,Graduate,Yes,0.7835051546391752,0.645408163265306,0.2222222222222222,0.3716666666666667,0.5570321151716501,Approved,0.7128000000000001,0.2501525320317267
Female,0.0,Graduate,Yes,0.18556701030927833,0.16326530612244897,0.3333333333333333,0.2683333333333334,0.18272425249169438,Approved,0.74,0.3603823469595281
Female,0.8,Not Graduate,No,0.17525773195876287,0.13520408163265304,0.0,0.8866666666666667,0.16722037652270214,Rejected,0.5788,0.4104128533658735
Female,0.4,Not Graduate,Yes,0.3195876288659794,0.23724489795918366,0.8888888888888888,0.9933333333333334,0.3034330011074198,Approved,0.5635999999999999,0.4364449867805572
Female,0.0,Not Graduate,Yes,0.9587628865979381,0.6556122448979591,0.0,0.72,0.7464008859357697,Approved,0.4947999999999999,0.3778726865975188
Female,0.0,Graduate,Yes,0.3402061855670103,0.3469387755102041,0.7777777777777777,0.0016666666666667052,0.23698781838316726,Rejected,0.9884,0.1663616026032134
Female,1.0,Graduate,No,0.4329896907216495,0.39540816326530615,0.1111111111111111,0.6683333333333334,0.345514950166113,Rejected,0.8364,0.25422005287777105
Female,0.4,Not Graduate,No,0.18556701030927833,0.09438775510204082,0.6666666666666665,0.33666666666666667,0.14064230343300113,Rejected,0.19999999999999996,0.5135245068130975
Male,0.6000000000000001,Not Graduate,No,0.9278350515463917,0.489795918367347,0.5555555555555556,0.7366666666666668,0.6755260243632337,Approved,0.248,0.48789912548301817
Male,0.2,Not Graduate,No,0.20618556701030927,0.11989795918367348,0.0,0.7583333333333333,0.14507198228128462,Rejected,0.30920000000000003,0.39658328248932284
Female,0.2,Not Graduate,No,0.17525773195876287,0.17346938775510204,0.0,0.8900000000000001,0.14396456256921375,Approved,0.8948,0.23123856009762053
Female,1.0,Graduate,Yes,0.8762886597938144,0.46173469387755106,0.5555555555555556,0.15666666666666673,0.6445182724252493,Approved,0.246,0.49522066300589795
Male,0.6000000000000001,Graduate,Yes,0.979381443298969,0.49489795918367346,0.1111111111111111,0.605,0.6633444075304541,Approved,0.21240000000000003,0.47000203376042304
Female,0.6000000000000001,Graduate,No,0.9484536082474226,0.5102040816326531,0.4444444444444445,0.5816666666666668,0.79734219269103,Approved,0.264,0.5729103111653447
Male,0.8,Not Graduate,Yes,0.8041237113402061,0.5841836734693877,0.6666666666666665,0.73,0.5304540420819491,Approved,0.5599999999999998,0.2708968883465528
Male,1.0,Not Graduate,No,0.08247422680412371,0.04336734693877551,0.1111111111111111,0.3733333333333334,0.07751937984496124,Rejected,0.19999999999999996,0.5999593247915396
Male,1.0,Not Graduate,No,0.5257731958762886,0.364795918367347,0.7777777777777777,0.925,0.26578073089701,Rejected,0.502,0.18730933496034172
Female,0.6000000000000001,Graduate,Yes,0.12371134020618556,0.13010204081632654,1.0,0.00666666666666671,0.06976744186046512,Rejected,0.9428000000000001,0.09985763677038847
Female,0.4,Graduate,Yes,0.14432989690721648,0.08928571428571429,0.5555555555555556,0.3866666666666667,0.11849390919158362,Rejected,0.35,0.4415293878381127
Male,0.6000000000000001,Graduate,Yes,0.32989690721649484,0.20918367346938774,0.2222222222222222,0.4733333333333334,0.21040974529346626,Approved,0.3999999999999999,0.31157209680699616
Male,0.6000000000000001,Graduate,No,0.7835051546391752,0.7244897959183673,0.1111111111111111,0.245,0.5282392026578073,Rejected,0.8715999999999999,0.18832621517185275
Male,0.8,Not Graduate,No,0.7113402061855669,0.5,0.6666666666666665,0.9200000000000002,0.3853820598006645,Approved,0.5211999999999999,0.2072401871059589
Male,0.2,Not Graduate,Yes,0.5979381443298969,0.326530612244898,0.0,0.1133333333333334,0.3355481727574751,Approved,0.2731999999999999,0.32418141142973356
Male,0.6000000000000001,Not Graduate,Yes,0.8247422680412371,0.7295918367346939,0.4444444444444445,0.245,0.6079734219269104,Rejected,0.8096000000000001,0.23652633719747815
Female,0.8,Graduate,No,0.3814432989690722,0.28316326530612246,1.0,0.9450000000000001,0.23588039867109636,Rejected,0.5691999999999999,0.23469595281675817
Male,1.0,Not Graduate,Yes,0.845360824742268,0.4413265306122449,0.5555555555555556,0.16166666666666674,0.6633444075304541,Rejected,0.238,0.5442342892007322
Female,0.8,Graduate,No,0.979381443298969,0.4872448979591837,1.0,0.8300000000000001,0.584717607973422,Approved,0.19999999999999996,0.4051250762660159
Male,0.2,Not Graduate,Yes,0.8350515463917525,0.6632653061224489,1.0,0.3833333333333334,0.8261351052048728,Approved,0.6676,0.42749644091925965
Female,0.8,Graduate,No,0.23711340206185563,0.24489795918367344,0.7777777777777777,0.09333333333333338,0.17829457364341086,Rejected,0.984,0.18649583079113283
Female,0.6000000000000001,Graduate,No,0.6082474226804123,0.6045918367346939,0.8888888888888888,0.6966666666666668,0.33776301218161686,Approved,0.9736,0.10941631075859268
Female,0.6000000000000001,Not Graduate,No,0.49484536082474223,0.3239795918367347,0.4444444444444445,0.265,0.3466223698781839,Rejected,0.43999999999999995,0.3432987594061421
Female,0.6000000000000001,Not Graduate,No,0.9587628865979381,0.5586734693877551,0.3333333333333333,0.45166666666666677,0.5260243632336656,Approved,0.3348,0.28635346756152125
Female,0.4,Graduate,No,0.5670103092783505,0.5153061224489796,0.3333333333333333,0.18666666666666676,0.39645625692137326,Rejected,0.8384,0.20663005897905232
Female,0.2,Graduate,Yes,0.49484536082474223,0.3112244897959184,1.0,0.5066666666666668,0.25913621262458475,Approved,0.3999999999999999,0.23469595281675817
Male,0.8,Not Graduate,Yes,0.8659793814432989,0.5178571428571428,0.7777777777777777,0.2483333333333334,0.6101882613510521,Approved,0.358,0.39536302623550945
Female,1.0,Not Graduate,No,0.12371134020618556,0.12755102040816327,0.5555555555555556,0.7966666666666669,0.07751937984496124,Rejected,0.9144000000000001,0.13138092332723203
Male,0.6000000000000001,Graduate,No,0.5876288659793814,0.5331632653061225,0.7777777777777777,0.29333333333333333,0.42746400885935776,Rejected,0.8371999999999999,0.22167988610941633
Female,0.8,Graduate,Yes,0.4020618556701031,0.25765306122448983,0.5555555555555556,0.7116666666666667,0.42303433001107427,Approved,0.41479999999999984,0.6023998372991662
Female,0.6000000000000001,Graduate,No,0.7422680412371133,0.4642857142857143,0.3333333333333333,0.8633333333333335,0.611295681063123,Approved,0.3999999999999999,0.4586129753914989
Male,0.2,Graduate,Yes,0.7113402061855669,0.48469387755102045,0.7777777777777777,0.73,0.38427464008859363,Approved,0.48719999999999986,0.2174089892210698
Female,1.0,Graduate,Yes,0.5257731958762886,0.4566326530612245,0.7777777777777777,0.41000000000000003,0.43743078626799564,Rejected,0.7736000000000001,0.29326825299979664
Male,0.4,Not Graduate,No,0.6597938144329897,0.3520408163265306,0.0,0.28500000000000003,0.5370985603543744,Approved,0.25439999999999996,0.5527760829774253
Male,0.6000000000000001,Not Graduate,No,0.26804123711340205,0.26275510204081637,0.1111111111111111,0.9333333333333333,0.21151716500553713,Rejected,0.9144000000000001,0.22167988610941633
Male,0.2,Not Graduate,Yes,0.14432989690721648,0.10459183673469388,0.1111111111111111,0.10666666666666669,0.10520487264673312,Rejected,0.5,0.30506406345332526
Male,0.0,Graduate,Yes,0.8556701030927835,0.6377551020408163,1.0,0.42833333333333334,0.5393133997785161,Approved,0.5904,0.24222086638194026
Female,0.2,Not Graduate,Yes,0.5154639175257731,0.520408163265306,0.5555555555555556,0.52,0.2668881506090809,Approved,0.9924,0.0882652023591621
Female,0.4,Not Graduate,Yes,0.6391752577319587,0.48469387755102045,0.2222222222222222,0.19000000000000006,0.3499446290143965,Rejected,0.6064,0.18466544641041285
Male,1.0,Graduate,No,0.1134020618556701,0.0663265306122449,0.1111111111111111,0.12,0.053156146179402,Rejected,0.2923999999999999,0.21212121212121213
Female,0.0,Graduate,No,0.556701030927835,0.288265306122449,0.5555555555555556,0.2766666666666667,0.5681063122923589,Approved,0.22840000000000005,0.7539149888143177
Female,0.6000000000000001,Graduate,Yes,0.9072164948453608,0.4974489795918367,1.0,0.08000000000000007,0.5393133997785161,Approved,0.28,0.351840553182835
Male,0.2,Not Graduate,Yes,0.7835051546391752,0.43112244897959184,0.1111111111111111,0.4950000000000001,0.46400885935769665,Approved,0.28200000000000003,0.34756965629448855
Female,0.8,Not Graduate,Yes,0.3917525773195876,0.2729591836734694,0.3333333333333333,0.8183333333333334,0.20044296788482838,Rejected,0.5,0.18954647142566608
Male,0.0,Graduate,Yes,0.05154639175257732,0.03826530612244898,0.5555555555555556,0.16666666666666674,0.05204872646733112,Rejected,0.4284000000000001,0.42363229611551767
Male,1.0,Graduate,Yes,0.7319587628865979,0.46938775510204084,0.7777777777777777,0.855,0.4451827242524917,Approved,0.42479999999999984,0.28899735611145005
Female,0.0,Not Graduate,Yes,0.5154639175257731,0.3852040816326531,0.1111111111111111,0.625,0.43632336655592474,Approved,0.5848,0.3729916615822656
Female,0.2,Not Graduate,No,0.6185567010309277,0.4566326530612245,0.8888888888888888,0.040000000000000036,0.4130675526024364,Rejected,0.5740000000000001,0.2686597518812285
Female,0.8,Graduate,No,0.09278350515463918,0.08418367346938777,0.3333333333333333,0.655,0.09523809523809525,Rejected,0.7092,0.35590807402887936
Male,0.2,Not Graduate,Yes,0.556701030927835,0.3418367346938776,0.3333333333333333,0.31833333333333336,0.39977851605758585,Approved,0.37840000000000007,0.38926174496644295
Male,1.0,Graduate,Yes,0.32989690721649484,0.2423469387755102,0.3333333333333333,0.43166666666666675,0.18272425249169438,Rejected,0.5528,0.1980882652023592
Female,0.8,Graduate,No,0.13402061855670103,0.11734693877551021,0.7777777777777777,0.15333333333333332,0.08305647840531562,Rejected,0.7067999999999999,0.1753101484645109
Female,0.4,Not Graduate,No,0.5773195876288659,0.4668367346938776,0.8888888888888888,0.3866666666666667,0.336655592469546,Rejected,0.6827999999999999,0.1842586943258084
Female,0.8,Not Graduate,No,0.9896907216494845,0.7423469387755102,0.3333333333333333,0.4866666666666667,1.0,Approved,0.6000000000000001,0.47488305877567627
Female,1.0,Not Graduate,No,0.8350515463917525,0.5816326530612245,0.1111111111111111,0.265,0.5902547065337763,Rejected,0.5131999999999999,0.32031726662599147
Male,0.8,Graduate,Yes,0.03092783505154639,0.022959183673469385,0.1111111111111111,0.5450000000000002,0.02879291251384275,Rejected,0.3599999999999999,0.35590807402887936
Female,0.8,Graduate,No,0.17525773195876287,0.14795918367346939,0.0,0.27,0.14285714285714288,Rejected,0.6843999999999999,0.2908277404921701
Male,0.2,Not Graduate,Yes,0.979381443298969,0.6224489795918366,0.6666666666666665,0.5,0.7685492801771873,Approved,0.4183999999999999,0.42220866381940214
Male,1.0,Not Graduate,No,0.16494845360824742,0.15051020408163265,0.8888888888888888,0.10999999999999999,0.14507198228128462,Rejected,0.7776000000000001,0.29021761236526344
Female,0.0,Graduate,Yes,0.3195876288659794,0.23979591836734693,0.6666666666666665,0.09333333333333338,0.2823920265780731,Approved,0.5755999999999999,0.3904820012202562
Female,1.0,Graduate,No,0.07216494845360825,0.05102040816326531,0.7777777777777777,0.4833333333333334,0.05869324473975638,Rejected,0.4223999999999999,0.35143380109823064
Female,1.0,Graduate,Yes,0.8247422680412371,0.7295918367346939,0.1111111111111111,0.30833333333333335,0.5016611295681064,Approved,0.8096000000000001,0.16900549115314215
Male,0.2,Not Graduate,Yes,0.03092783505154639,0.03571428571428571,0.8888888888888888,0.5283333333333333,0.0221483942414175,Rejected,0.76,0.13463494000406753
Female,1.0,Graduate,Yes,0.08247422680412371,0.058673469387755105,0.3333333333333333,0.6066666666666667,0.06755260243632337,Rejected,0.43999999999999995,0.35590807402887936
Female,0.6000000000000001,Not Graduate,No,0.7113402061855669,0.7040816326530612,0.3333333333333333,0.4716666666666667,0.4651162790697675,Rejected,0.972,0.15659955257270694
Male,0.2,Graduate,Yes,0.0,0.0025510204081632647,0.8888888888888888,0.9316666666666669,0.006644518272425249,Approved,0.19999999999999996,0.35590807402887936
Female,0.4,Graduate,No,0.29896907216494845,0.17857142857142858,0.6666666666666665,0.3400000000000001,0.12735326688815063,Rejected,0.34199999999999997,0.1789709172259508
Male,0.8,Graduate,No,0.05154639175257732,0.05102040816326531,0.7777777777777777,0.6466666666666667,0.04097452934662237,Rejected,0.7143999999999999,0.21008745169818996
Female,0.6000000000000001,Not Graduate,No,0.16494845360824742,0.1377551020408163,0.0,0.20333333333333337,0.11517165005537099,Rejected,0.6667999999999998,0.23286556843603826
Male,0.6000000000000001,Not Graduate,Yes,0.845360824742268,0.6811224489795918,0.3333333333333333,0.7433333333333334,0.6921373200442968,Approved,0.6856,0.3213341468375026
Female,0.6000000000000001,Graduate,No,0.7422680412371133,0.4387755102040817,1.0,0.02833333333333332,0.7508305647840532,Approved,0.3460000000000001,0.6400244051250763
Female,0.4,Not Graduate,Yes,0.6701030927835051,0.5076530612244897,0.2222222222222222,0.6683333333333334,0.47286821705426363,Approved,0.6060000000000001,0.281472442546268
Male,0.2,Graduate,Yes,0.15463917525773194,0.14540816326530612,0.7777777777777777,0.7566666666666668,0.1461794019933555,Approved,0.8115999999999999,0.30852145617246285
Male,0.6000000000000001,Not Graduate,Yes,0.010309278350515465,0.007653061224489796,0.4444444444444445,0.3583333333333334,0.014396456256921373,Rejected,0.19999999999999996,0.42363229611551767
Female,0.2,Graduate,Yes,0.3711340206185567,0.21683673469387754,0.5555555555555556,0.6166666666666667,0.2823920265780731,Approved,0.3263999999999999,0.4460036607687614
Male,1.0,Graduate,Yes,0.1134020618556701,0.09438775510204082,0.3333333333333333,0.17833333333333334,0.10299003322259137,Rejected,0.6308,0.34065487085621315
Male,1.0,Not Graduate,Yes,0.29896907216494845,0.27040816326530615,0.5555555555555556,0.9733333333333334,0.28571428571428575,Rejected,0.8064,0.33638397396786657
Male,0.2,Graduate,Yes,0.0,0.0025510204081632647,1.0,0.9700000000000002,0.0044296788482835,Approved,0.19999999999999996,0.25422005287777105
Male,0.4,Not Graduate,Yes,0.8144329896907216,0.6224489795918366,0.2222222222222222,0.4916666666666667,0.5891472868217055,Approved,0.6195999999999999,0.2887939800691479
Female,0.2,Not Graduate,Yes,0.8969072164948453,0.5765306122448979,0.1111111111111111,0.7616666666666667,0.49833887043189373,Approved,0.4292,0.25076266015863335
Female,1.0,Graduate,Yes,0.4123711340206186,0.20918367346938774,0.1111111111111111,0.14333333333333342,0.32558139534883723,Rejected,0.2096,0.5605043725849095
Male,1.0,Not Graduate,Yes,0.4020618556701031,0.2755102040816327,0.8888888888888888,0.76,0.20044296788482838,Rejected,0.4827999999999999,0.18649583079113283
Male,0.6000000000000001,Not Graduate,No,0.8350515463917525,0.6479591836734694,0.5555555555555556,0.255,0.7120708748615726,Rejected,0.6384000000000001,0.3595688427903193
Male,0.6000000000000001,Not Graduate,No,0.7525773195876289,0.6352040816326531,0.3333333333333333,0.026666666666666727,0.31782945736434115,Rejected,0.744,0.08236729713239782
Male,0.6000000000000001,Graduate,No,0.1958762886597938,0.18877551020408162,0.2222222222222222,0.6716666666666666,0.15282392026578076,Rejected,0.8668,0.22249339027862522
Female,0.6000000000000001,Graduate,No,0.12371134020618556,0.07397959183673469,0.3333333333333333,0.7550000000000001,0.10409745293466224,Rejected,0.3144,0.4702054098027252
Female,0.0,Not Graduate,No,0.6907216494845361,0.5918367346938775,0.0,0.5350000000000001,0.522702104097453,Approved,0.7624,0.25950782997762867
Male,0.0,Graduate,Yes,0.23711340206185563,0.22448979591836735,0.4444444444444445,0.9200000000000002,0.20155038759689925,Approved,0.8560000000000001,0.2631685987390686
Male,0.6000000000000001,Not Graduate,Yes,0.3711340206185567,0.23214285714285712,0.5555555555555556,0.0016666666666667052,0.33333333333333337,Rejected,0.38960000000000006,0.507423225544031
Male,0.6000000000000001,Not Graduate,Yes,0.7731958762886597,0.7397959183673469,0.4444444444444445,0.09833333333333338,0.42746400885935776,Rejected,0.9220000000000002,0.11816148057758799
Female,0.2,Not Graduate,No,0.30927835051546393,0.1607142857142857,0.7777777777777777,0.39,0.21373200442967888,Rejected,0.2247999999999999,0.4545454545454546
Male,0.0,Not Graduate,Yes,0.8659793814432989,0.5025510204081632,0.4444444444444445,0.6733333333333333,0.8427464008859359,Approved,0.3304,0.6253813300793167
Female,0.6000000000000001,Not Graduate,Yes,0.3711340206185567,0.3418367346938776,0.7777777777777777,0.6033333333333335,0.24916943521594687,Rejected,0.8420000000000001,0.1875127110026439
Male,0.6000000000000001,Graduate,No,0.845360824742268,0.7857142857142857,0.8888888888888888,0.4983333333333334,0.7009966777408638,Approved,0.8808,0.2639821029082774
Female,0.2,Graduate,No,0.14432989690721648,0.13010204081632654,0.1111111111111111,0.03166666666666673,0.13067552602436325,Rejected,0.75,0.3068944478340452
Male,0.4,Not Graduate,No,0.7835051546391752,0.4872448979591837,0.7777777777777777,0.41500000000000004,0.6921373200442968,Approved,0.39480000000000004,0.5068130974171243
Female,0.2,Graduate,Yes,0.9484536082474226,0.5280612244897959,0.5555555555555556,0.2383333333333334,0.5005537098560355,Approved,0.29359999999999997,0.28899735611145005
Male,0.6000000000000001,Not Graduate,Yes,0.9999999999999999,0.673469387755102,0.4444444444444445,0.41666666666666674,0.8981173864894796,Approved,0.4787999999999999,0.4681716493797031
Male,0.8,Not Graduate,No,0.2268041237113402,0.19642857142857142,0.8888888888888888,0.15500000000000003,0.11406423034330011,Rejected,0.7332000000000001,0.11958511287370352
Male,0.4,Graduate,Yes,0.7525773195876289,0.3775510204081633,0.3333333333333333,0.31333333333333335,0.6046511627906977,Approved,0.20519999999999994,0.588163514338011
Female,1.0,Graduate,No,0.3195876288659794,0.29336734693877553,0.7777777777777777,0.9083333333333334,0.2093023255813954,Rejected,0.8304,0.18019117347976407
Male,0.4,Graduate,No,0.5463917525773195,0.4770408163265306,0.0,0.13666666666666671,0.4031007751937985,Rejected,0.782,0.24140736221273137
Female,1.0,Not Graduate,No,0.2268041237113402,0.18367346938775508,0.5555555555555556,0.09500000000000008,0.13842746400885939,Rejected,0.6499999999999999,0.1972747610331503
Female,0.2,Not Graduate,Yes,0.8762886597938144,0.6938775510204082,0.7777777777777777,0.8583333333333334,0.5592469545957919,Approved,0.6644000000000001,0.2239170225747407
Male,0.2,Not Graduate,No,0.9690721649484536,0.6556122448979591,0.7777777777777777,0.1133333333333334,0.8084163898117387,Approved,0.4832000000000001,0.4215985356924954
Male,0.0,Graduate,No,0.845360824742268,0.4974489795918367,0.7777777777777777,0.6233333333333333,0.558139534883721,Approved,0.3428,0.36933089282082565
Male,1.0,Not Graduate,No,0.9278350515463917,0.6020408163265306,0.4444444444444445,0.05833333333333335,0.7397563676633445,Rejected,0.4391999999999998,0.419361399227171
Female,0.4,Graduate,Yes,0.4536082474226804,0.3137755102040817,0.0,0.09166666666666667,0.3776301218161684,Approved,0.4955999999999998,0.404311572096807
Male,1.0,Not Graduate,No,0.7628865979381443,0.4387755102040817,0.2222222222222222,0.3500000000000001,0.4174972314507199,Rejected,0.32119999999999993,0.29021761236526344
Female,0.8,Graduate,No,0.8556701030927835,0.44642857142857145,0.1111111111111111,0.6633333333333333,0.522702104097453,Approved,0.23759999999999992,0.3912955053894651
Female,0.8,Not Graduate,Yes,0.29896907216494845,0.20153061224489796,0.8888888888888888,0.18000000000000005,0.22369878183831676,Rejected,0.45799999999999996,0.35834858653650603
Male,0.6000000000000001,Graduate,Yes,0.4845360824742268,0.326530612244898,0.8888888888888888,0.16833333333333333,0.32558139534883723,Rejected,0.46920000000000006,0.31014846451088063
Male,1.0,Not Graduate,Yes,0.5773195876288659,0.3494897959183674,0.6666666666666665,0.19666666666666666,0.39645625692137326,Rejected,0.36560000000000004,0.37339841366687
Male,0.0,Not Graduate,No,0.5670103092783505,0.5357142857142857,0.1111111111111111,0.6616666666666668,0.3864894795127354,Approved,0.8948,0.18446207036811066
Male,0.8,Graduate,No,0.30927835051546393,0.3035714285714286,0.6666666666666665,0.6383333333333334,0.12181616832779625,Rejected,0.9247999999999998,0.03742119178360792
Male,0.8,Not Graduate,Yes,0.8041237113402061,0.7959183673469388,0.7777777777777777,0.7716666666666667,0.5514950166112957,Approved,0.9752000000000001,0.171649379703071
Male,0.8,Not Graduate,No,0.49484536082474223,0.28316326530612246,0.2222222222222222,0.06000000000000005,0.256921373200443,Rejected,0.31199999999999983,0.2684563758389261
Female,0.4,Not Graduate,Yes,0.27835051546391754,0.20408163265306123,0.4444444444444445,0.655,0.25470653377630126,Approved,0.5448,0.4207850315232866
Female,0.4,Not Graduate,No,0.6391752577319587,0.6020408163265306,0.8888888888888888,0.7416666666666667,0.46179401993355484,Approved,0.8936,0.20581655480984343
Female,1.0,Graduate,No,0.6288659793814433,0.5663265306122449,0.8888888888888888,0.5483333333333333,0.3864894795127354,Rejected,0.8284,0.1665649786455156
Male,0.0,Not Graduate,No,0.5876288659793814,0.586734693877551,0.7777777777777777,0.4683333333333334,0.33887043189368776,Rejected,0.9796,0.1179581045352858
Female,0.2,Graduate,No,0.8144329896907216,0.7474489795918366,0.1111111111111111,0.6200000000000001,0.43632336655592474,Approved,0.8615999999999999,0.121008745169819
Female,1.0,Graduate,Yes,0.7113402061855669,0.5051020408163265,0.1111111111111111,0.6666666666666667,0.43743078626799564,Approved,0.5324,0.25116941224323774
Female,0.2,Not Graduate,No,0.12371134020618556,0.10459183673469388,0.6666666666666665,0.8116666666666668,0.08194905869324474,Approved,0.6572,0.2080536912751678
Female,0.6000000000000001,Graduate,Yes,0.21649484536082472,0.19642857142857142,0.3333333333333333,0.0,0.17829457364341086,Rejected,0.7912000000000001,0.26682936750050845
Female,0.2,Graduate,No,0.7422680412371133,0.4030612244897959,0.1111111111111111,0.5916666666666668,0.7098560354374308,Approved,0.2704,0.662192393736018
Male,0.0,Graduate,Yes,0.5257731958762886,0.3316326530612245,0.5555555555555556,0.45333333333333337,0.34772978959025475,Approved,0.40359999999999996,0.33374008541793776
Male,1.0,Graduate,Yes,0.7731958762886597,0.41071428571428575,0.0,0.605,0.38981173864894797,Approved,0.2519999999999999,0.28899735611145005
Female,0.0,Not Graduate,No,0.49484536082474223,0.2653061224489796,0.7777777777777777,0.7100000000000002,0.2524916943521595,Approved,0.256,0.2883872279845435
Female,1.0,Not Graduate,Yes,0.5979381443298969,0.30612244897959184,0.5555555555555556,0.6333333333333333,0.41417497231450723,Rejected,0.21999999999999986,0.4724425462680496
Female,0.0,Graduate,No,0.12371134020618556,0.06122448979591837,0.0,0.6416666666666668,0.11627906976744187,Approved,0.17159999999999997,0.6684970510473867
Male,1.0,Not Graduate,Yes,0.9484536082474226,0.5816326530612245,0.2222222222222222,0.77,0.5658914728682172,Approved,0.3827999999999999,0.3007931665649787
Male,0.6000000000000001,Not Graduate,No,0.5154639175257731,0.43112244897959184,0.8888888888888888,0.78,0.3300110741971207,Rejected,0.7231999999999998,0.20459629855603015
Female,0.0,Graduate,No,0.29896907216494845,0.2755102040816327,0.3333333333333333,0.3400000000000001,0.23145071982281287,Approved,0.8324,0.23774659345129148
Male,0.6000000000000001,Not Graduate,Yes,0.845360824742268,0.5153061224489796,0.5555555555555556,0.8266666666666667,0.6843853820598007,Approved,0.3759999999999999,0.4645108806182632
Male,0.0,Not Graduate,No,0.10309278350515465,0.0663265306122449,0.8888888888888888,0.08000000000000007,0.05204872646733112,Rejected,0.3667999999999999,0.20520642668293673
Female,1.0,Not Graduate,Yes,0.4742268041237114,0.326530612244898,0.2222222222222222,0.6950000000000001,0.4197120708748616,Rejected,0.49160000000000004,0.4421395159650193
Male,1.0,Not Graduate,Yes,0.9278350515463917,0.8647959183673469,0.1111111111111111,0.44166666666666676,0.5526024363233666,Rejected,0.8868,0.14663412649989835
Male,0.4,Not Graduate,No,0.5257731958762886,0.27040816326530615,0.2222222222222222,0.5783333333333334,0.4385382059800665,Approved,0.2227999999999999,0.5938580435224731
Female,0.6000000000000001,Graduate,No,0.4639175257731959,0.27040816326530615,0.0,0.5433333333333334,0.34219269102990035,Rejected,0.3275999999999999,0.431563961765304
Male,0.0,Not Graduate,No,0.6494845360824741,0.6224489795918366,0.2222222222222222,0.42333333333333334,0.39534883720930236,Rejected,0.9199999999999999,0.14480374211917837
Male,0.8,Graduate,Yes,0.30927835051546393,0.28571428571428575,1.0,0.9400000000000002,0.32668881506090813,Approved,0.8375999999999999,0.37624567825910116
Female,0.8,Graduate,No,0.4536082474226804,0.3112244897959184,0.2222222222222222,0.17666666666666675,0.34772978959025475,Rejected,0.4867999999999999,0.3648566198901769
Male,1.0,Graduate,No,0.05154639175257732,0.03826530612244898,0.4444444444444445,0.5833333333333335,0.031007751937984503,Rejected,0.4284000000000001,0.20907057148667887
Male,1.0,Not Graduate,Yes,0.7628865979381443,0.413265306122449,0.3333333333333333,0.39,0.575858250276855,Approved,0.26839999999999986,0.49339027862517804
Female,0.8,Graduate,No,0.10309278350515465,0.058673469387755105,0.3333333333333333,0.9533333333333334,0.07641196013289037,Rejected,0.2667999999999999,0.4185478950579622
Female,0.4,Graduate,No,0.5051546391752577,0.413265306122449,0.5555555555555556,0.9083333333333334,0.4186046511627907,Approved,0.694,0.3182835062029693
Female,0.2,Not Graduate,Yes,0.422680412371134,0.40816326530612246,0.6666666666666665,0.8200000000000001,0.16168327796234774,Approved,0.9163999999999999,0.03457392719137686
Male,0.8,Graduate,No,0.010309278350515465,0.022959183673469385,0.8888888888888888,0.40666666666666673,0.014396456256921373,Rejected,1.0,0.13565182021557862
Female,0.4,Graduate,Yes,0.3917525773195876,0.3239795918367347,0.4444444444444445,0.42000000000000004,0.26467331118493914,Approved,0.7,0.22757779133618064
Male,1.0,Not Graduate,No,0.3814432989690722,0.37244897959183676,0.5555555555555556,0.895,0.212624584717608,Rejected,0.9284000000000001,0.11490746390075249
Female,0.0,Not Graduate,Yes,0.6907216494845361,0.5357142857142857,0.8888888888888888,0.9083333333333334,0.5603543743078627,Approved,0.6348,0.3343502135448445
Male,0.8,Not Graduate,Yes,0.7010309278350515,0.6071428571428571,0.4444444444444445,0.6283333333333334,0.5791805094130676,Approved,0.7772000000000001,0.2922513727882855
Female,0.2,Graduate,No,0.6288659793814433,0.45918367346938777,1.0,0.21666666666666667,0.5105204872646734,Approved,0.5619999999999998,0.3642464917632703
Female,0.6000000000000001,Graduate,Yes,0.8969072164948453,0.5663265306122449,0.5555555555555556,0.9783333333333335,0.8493909191583611,Approved,0.4112,0.5444376652430344
Female,0.0,Not Graduate,Yes,0.5670103092783505,0.4872448979591837,0.3333333333333333,0.40666666666666673,0.398671096345515,Approved,0.7616,0.2290014236322961
Female,0.8,Not Graduate,Yes,0.5154639175257731,0.45918367346938777,0.4444444444444445,0.09166666666666667,0.19712070874861576,Rejected,0.8076000000000001,0.049827130364043126
Male,0.8,Graduate,No,0.7422680412371133,0.4387755102040817,0.1111111111111111,0.4,0.41528239202657813,Approved,0.3460000000000001,0.287980475899939
Female,1.0,Graduate,No,0.6494845360824741,0.4005102040816327,0.6666666666666665,0.2400000000000001,0.4385382059800665,Rejected,0.38480000000000003,0.35590807402887936
Female,0.6000000000000001,Graduate,No,0.6185567010309277,0.37244897959183676,0.6666666666666665,0.44500000000000006,0.43743078626799564,Rejected,0.36119999999999997,0.392109009558674
Male,1.0,Not Graduate,Yes,0.2268041237113402,0.15816326530612243,1.0,0.3550000000000001,0.17607973421926912,Rejected,0.4832000000000001,0.35753508236729714
Female,0.0,Not Graduate,No,0.23711340206185563,0.17346938775510204,0.4444444444444445,0.4833333333333334,0.14507198228128462,Rejected,0.5359999999999998,0.2340858246898516
Male,0.4,Graduate,Yes,0.2577319587628866,0.20918367346938774,1.0,0.1133333333333334,0.18826135105204875,Rejected,0.6592,0.26377872686597525
Female,1.0,Not Graduate,No,0.288659793814433,0.18622448979591835,0.2222222222222222,0.18833333333333335,0.20487264673311187,Rejected,0.4132,0.35326418547895055
Female,0.8,Graduate,Yes,0.6082474226804123,0.3392857142857143,0.1111111111111111,0.16833333333333333,0.40642303433001115,Rejected,0.2919999999999999,0.40227781167378485
Female,0.6000000000000001,Graduate,No,0.13402061855670103,0.13010204081632654,0.8888888888888888,0.645,0.07087486157253599,Rejected,0.8400000000000001,0.10351840553182837
Male,0.4,Graduate,No,0.6494845360824741,0.3520408163265306,0.6666666666666665,0.4616666666666668,0.5005537098560355,Approved,0.26759999999999995,0.5051860890787065
Female,0.8,Not Graduate,No,0.0,0.01020408163265306,0.4444444444444445,0.4600000000000001,0.009966777408637875,Rejected,0.8,0.22513727882855403
Female,0.2,Not Graduate,No,0.9999999999999999,0.5892857142857143,0.7777777777777777,0.645,0.7674418604651163,Approved,0.3455999999999999,0.4533251982916413
Female,0.8,Graduate,No,0.5463917525773195,0.288265306122449,0.5555555555555556,0.29000000000000004,0.32668881506090813,Rejected,0.24359999999999993,0.3717714053284523
Male,0.8,Graduate,No,0.10309278350515465,0.10459183673469388,0.2222222222222222,0.6816666666666666,0.11627906976744187,Rejected,0.8668,0.3512304250559284
Male,0.8,Graduate,Yes,0.6907216494845361,0.5076530612244897,0.8888888888888888,0.2300000000000001,0.5304540420819491,Rejected,0.5711999999999999,0.33374008541793776
Female,0.6000000000000001,Graduate,Yes,0.8041237113402061,0.6377551020408163,0.1111111111111111,0.010000000000000009,0.6666666666666667,Approved,0.6648000000000001,0.33455358958714665
Male,0.6000000000000001,Not Graduate,Yes,0.4020618556701031,0.3469387755102041,1.0,0.13833333333333342,0.25913621262458475,Rejected,0.756,0.19564775269473259
Female,0.4,Graduate,No,0.12371134020618556,0.11224489795918367,1.0,0.43833333333333335,0.07198228128460686,Rejected,0.7428000000000001,0.14602399837299165
Female,0.8,Not Graduate,Yes,0.14432989690721648,0.07397959183673469,1.0,0.1183333333333334,0.10077519379844961,Rejected,0.19999999999999996,0.451291437868619
Female,0.2,Graduate,No,0.1958762886597938,0.09948979591836735,0.5555555555555556,0.1316666666666667,0.16611295681063126,Rejected,0.19999999999999996,0.5932479153955664
Female,0.2,Not Graduate,No,0.8865979381443299,0.7627551020408163,0.8888888888888888,0.9950000000000001,0.7131782945736435,Approved,0.7727999999999999,0.2839129550538947
Female,0.6000000000000001,Not Graduate,Yes,0.7113402061855669,0.6403061224489796,0.4444444444444445,0.7083333333333335,0.5548172757475084,Approved,0.8308,0.2517795403701444
Female,0.2,Not Graduate,No,0.8659793814432989,0.7959183673469388,0.7777777777777777,0.6300000000000001,0.6666666666666667,Approved,0.8652,0.2387634736628025
Female,0.4,Not Graduate,Yes,0.5360824742268041,0.36989795918367346,0.2222222222222222,0.7066666666666668,0.21594684385382062,Approved,0.49639999999999995,0.121008745169819
Male,0.6000000000000001,Graduate,Yes,0.08247422680412371,0.05612244897959184,0.2222222222222222,0.8466666666666667,0.062015503875969,Rejected,0.3999999999999999,0.3355704697986577
Male,0.0,Graduate,No,0.5360824742268041,0.46173469387755106,0.3333333333333333,0.5416666666666667,0.3599114064230344,Approved,0.7627999999999999,0.21110433190970104
Male,0.4,Graduate,No,0.4123711340206186,0.42091836734693877,0.1111111111111111,0.7850000000000001,0.2978959025470654,Rejected,1.0,0.1779540370144397
Male,0.4,Not Graduate,No,0.7525773195876289,0.5637755102040816,0.6666666666666665,0.6583333333333334,0.4019933554817276,Approved,0.5948,0.18059792556436852
Male,0.8,Graduate,No,0.10309278350515465,0.07653061224489796,0.0,0.44000000000000006,0.08970099667774087,Rejected,0.5,0.37136465324384793
Male,0.8,Graduate,Yes,0.6288659793814433,0.3622448979591837,0.4444444444444445,0.08166666666666667,0.4197120708748616,Rejected,0.3208,0.38458409599349197
Male,0.8,Graduate,Yes,0.010309278350515465,0.015306122448979593,0.1111111111111111,0.8283333333333334,0.014396456256921373,Rejected,0.6000000000000001,0.23164531218222498
Female,0.6000000000000001,Graduate,No,0.7422680412371133,0.7270408163265306,0.3333333333333333,0.15166666666666673,0.6456256921373201,Rejected,0.9567999999999999,0.2619483424852552
Female,1.0,Not Graduate,No,0.20618556701030927,0.13010204081632654,0.5555555555555556,0.8883333333333334,0.1816168327796235,Rejected,0.382,0.4801708358755339
Female,1.0,Graduate,No,0.3917525773195876,0.22448979591836735,0.4444444444444445,0.3583333333333334,0.2436323366555925,Rejected,0.30999999999999994,0.3481797844213952
Female,0.8,Graduate,Yes,0.2577319587628866,0.25765306122448983,0.7777777777777777,0.6183333333333334,0.21040974529346626,Rejected,0.9407999999999999,0.22676428716697175
Male,0.0,Not Graduate,Yes,0.18556701030927833,0.1683673469387755,0.1111111111111111,0.17333333333333334,0.14728682170542637,Rejected,0.78,0.25137278828554
Male,0.8,Not Graduate,No,0.6391752577319587,0.36989795918367346,0.2222222222222222,0.395,0.3399778516057586,Rejected,0.32479999999999987,0.2747610331502949
Female,1.0,Not Graduate,Yes,0.12371134020618556,0.12244897959183675,0.1111111111111111,0.08000000000000007,0.08748615725359912,Rejected,0.8572,0.17836078909904415
Female,0.0,Not Graduate,Yes,0.26804123711340205,0.15306122448979592,0.5555555555555556,0.5783333333333334,0.16279069767441862,Approved,0.29999999999999993,0.33496034167175104
Male,0.4,Not Graduate,Yes,0.8247422680412371,0.7244897959183673,0.6666666666666665,0.026666666666666727,0.6755260243632337,Rejected,0.8,0.28248932275777916
Female,0.6000000000000001,Not Graduate,No,0.9072164948453608,0.673469387755102,0.6666666666666665,0.5633333333333335,0.45847176079734225,Approved,0.5868,0.16595485051860895
Female,1.0,Not Graduate,Yes,0.061855670103092786,0.04591836734693877,0.5555555555555556,0.1050000000000001,0.06423034330011074,Rejected,0.44999999999999996,0.44783404514948144
Female,0.8,Not Graduate,Yes,0.6082474226804123,0.5331632653061225,0.2222222222222222,0.8466666666666667,0.3975636766334441,Approved,0.79,0.19564775269473259
Female,0.8,Not Graduate,Yes,0.2268041237113402,0.23214285714285712,0.0,0.9516666666666667,0.15725359911406425,Rejected,0.9667999999999999,0.16331096196868009
Male,0.8,Graduate,Yes,0.5979381443298969,0.4260204081632653,0.5555555555555556,0.5116666666666667,0.48837209302325585,Approved,0.5332000000000001,0.379906447020541
Female,0.4,Not Graduate,Yes,0.7938144329896907,0.5663265306122449,0.2222222222222222,0.45166666666666677,0.43189368770764125,Approved,0.5391999999999999,0.203579418344519
Female,0.6000000000000001,Graduate,Yes,0.9587628865979381,0.6479591836734694,0.8888888888888888,0.2433333333333334,0.7696566998892581,Approved,0.482,0.4006508033353672
Male,0.6000000000000001,Not Graduate,Yes,0.16494845360824742,0.15561224489795916,1.0,0.22666666666666668,0.10741971207087486,Rejected,0.8224,0.16839536302623556
Male,0.6000000000000001,Not Graduate,Yes,0.5773195876288659,0.3520408163265306,0.5555555555555556,0.73,0.43743078626799564,Approved,0.37239999999999995,0.4230221679886109
Female,0.6000000000000001,Graduate,No,0.26804123711340205,0.23214285714285712,0.4444444444444445,0.3650000000000001,0.21373200442967888,Rejected,0.7428000000000001,0.27374415293878385
Male,0.6000000000000001,Graduate,Yes,0.3917525773195876,0.20408163265306123,0.3333333333333333,0.385,0.35215946843853824,Approved,0.22999999999999998,0.6365670124059386
Female,0.2,Not Graduate,No,0.08247422680412371,0.07908163265306123,0.8888888888888888,0.4633333333333334,0.07308970099667775,Rejected,0.76,0.2662192393736018
Female,0.0,Graduate,No,0.9175257731958762,0.5306122448979591,1.0,0.4633333333333334,0.5647840531561462,Approved,0.3275999999999999,0.3428920073215376
Male,0.0,Graduate,No,0.4536082474226804,0.45408163265306123,0.6666666666666665,0.2366666666666667,0.23809523809523814,Approved,0.974,0.09355297945901975
Female,0.4,Not Graduate,No,0.7835051546391752,0.42346938775510207,0.2222222222222222,0.7516666666666667,0.6135105204872647,Approved,0.2667999999999999,0.5190156599552573
Female,0.8,Graduate,Yes,0.6597938144329897,0.4719387755102041,0.4444444444444445,0.08833333333333337,0.5736434108527132,Rejected,0.5391999999999999,0.41224323774659344
Female,1.0,Not Graduate,No,0.9896907216494845,0.6709183673469388,0.5555555555555556,0.6066666666666667,0.4905869324473976,Rejected,0.48560000000000003,0.18913971934106164
Female,0.2,Graduate,No,0.7422680412371133,0.6709183673469388,0.8888888888888888,0.3416666666666667,0.33776301218161686,Rejected,0.8380000000000001,0.08379092942851332
Male,0.6000000000000001,Graduate,Yes,0.422680412371134,0.4158163265306123,0.4444444444444445,0.45166666666666677,0.3056478405315615,Rejected,0.944,0.19056335163717716
Male,0.4,Not Graduate,Yes,0.9896907216494845,0.875,0.7777777777777777,0.7566666666666668,0.7497231450719823,Approved,0.8124,0.24771201952410007
Female,1.0,Not Graduate,No,0.09278350515463918,0.09183673469387756,1.0,0.9300000000000002,0.09856035437430787,Rejected,0.8180000000000001,0.3325198291641245
Male,0.6000000000000001,Graduate,Yes,0.8659793814432989,0.548469387755102,1.0,0.5683333333333334,0.5182724252491695,Approved,0.4139999999999999,0.2877770998576368
Female,0.0,Not Graduate,Yes,0.9484536082474226,0.8979591836734694,0.7777777777777777,0.4866666666666667,0.6312292358803987,Approved,0.9108,0.17632702867602199
Female,0.6000000000000001,Graduate,Yes,0.5257731958762886,0.5102040816326531,0.6666666666666665,0.22000000000000008,0.4174972314507199,Rejected,0.9319999999999999,0.22920479967459836
Female,0.2,Not Graduate,Yes,0.8762886597938144,0.8545918367346939,0.8888888888888888,0.43000000000000005,0.7397563676633445,Approved,0.954,0.2517795403701444
Female,0.6000000000000001,Graduate,Yes,0.4742268041237114,0.3545918367346939,0.5555555555555556,0.41166666666666674,0.25359911406423036,Rejected,0.5831999999999999,0.1812080536912752
Female,0.8,Not Graduate,No,0.4329896907216495,0.2423469387755102,0.8888888888888888,0.72,0.26467331118493914,Rejected,0.29079999999999995,0.351840553182835
Male,0.2,Graduate,Yes,0.5360824742268041,0.48469387755102045,0.5555555555555556,0.8066666666666666,0.3676633444075305,Approved,0.8295999999999999,0.2015456579214969
Female,1.0,Not Graduate,Yes,0.845360824742268,0.8061224489795918,0.4444444444444445,0.5083333333333333,0.6633444075304541,Rejected,0.9192,0.23184868822452717
Male,0.2,Graduate,Yes,0.5360824742268041,0.489795918367347,0.8888888888888888,0.6466666666666667,0.36544850498338877,Approved,0.8444,0.19585112873703484
Male,0.6000000000000001,Not Graduate,Yes,0.9484536082474226,0.8112244897959183,0.4444444444444445,0.5283333333333333,0.7630121816168328,Approved,0.766,0.2865568436038235
Female,0.0,Not Graduate,Yes,0.061855670103092786,0.05357142857142857,0.1111111111111111,0.3633333333333334,0.04651162790697675,Rejected,0.6000000000000001,0.23733984136668704
Female,0.0,Not Graduate,No,0.3711340206185567,0.36989795918367346,0.4444444444444445,0.15000000000000002,0.28017718715393136,Rejected,0.958,0.20052877770998576
Female,0.8,Graduate,No,0.29896907216494845,0.15306122448979592,0.1111111111111111,0.1166666666666667,0.26467331118493914,Rejected,0.2128,0.6318893634329876
Female,0.6000000000000001,Not Graduate,Yes,0.5979381443298969,0.5357142857142857,0.1111111111111111,0.8366666666666667,0.42192691029900337,Approved,0.8199999999999998,0.21517185275574538
Female,0.4,Not Graduate,Yes,0.6804123711340205,0.38775510204081637,0.5555555555555556,0.06333333333333335,0.45404208194905876,Rejected,0.3115999999999999,0.3906853772625585
Male,1.0,Not Graduate,No,0.5154639175257731,0.2908163265306123,0.2222222222222222,0.5966666666666667,0.3300110741971207,Rejected,0.29999999999999993,0.37238153345535896
Female,0.0,Not Graduate,No,0.17525773195876287,0.16326530612244897,0.5555555555555556,0.4916666666666667,0.1373200442967885,Rejected,0.8104,0.2359162090705715
Female,1.0,Graduate,Yes,0.3505154639175258,0.20918367346938774,1.0,0.4900000000000001,0.24695459579180512,Rejected,0.34440000000000004,0.3906853772625585
Male,0.6000000000000001,Graduate,Yes,0.13402061855670103,0.09693877551020409,0.6666666666666665,0.5183333333333333,0.10077519379844961,Rejected,0.4932000000000001,0.3186902582875738
Male,0.6000000000000001,Not Graduate,No,0.18556701030927833,0.14030612244897958,0.3333333333333333,0.8316666666666668,0.13510520487264677,Rejected,0.5599999999999998,0.2892007321537523
Female,1.0,Graduate,No,0.9278350515463917,0.4668367346938776,1.0,0.32833333333333337,0.39645625692137326,Rejected,0.20879999999999987,0.2432377465934513
Male,0.0,Not Graduate,Yes,0.6082474226804123,0.3979591836734694,0.8888888888888888,0.26,0.566998892580288,Approved,0.4428000000000001,0.507423225544031
Female,1.0,Not Graduate,No,0.010309278350515465,0.005102040816326531,0.3333333333333333,0.16000000000000003,0.018826135105204873,Rejected,0.06679999999999997,0.701647345942648
Male,0.2,Graduate,No,0.061855670103092786,0.05102040816326531,0.4444444444444445,0.7833333333333334,0.05980066445182725,Approved,0.55,0.3603823469595281
Male,0.0,Not Graduate,No,0.3195876288659794,0.22193877551020408,0.7777777777777777,0.8283333333333334,0.25027685492801777,Approved,0.4907999999999999,0.3672971323978036
Female,0.2,Not Graduate,No,0.5773195876288659,0.46938775510204084,1.0,0.4766666666666667,0.4241417497231451,Approved,0.6896,0.2684563758389261
Male,1.0,Not Graduate,No,0.8556701030927835,0.5892857142857143,0.7777777777777777,0.5066666666666668,0.7807308970099669,Rejected,0.5012000000000001,0.4636973764490543
Male,0.0,Not Graduate,Yes,0.4020618556701031,0.31887755102040816,0.3333333333333333,0.8316666666666668,0.17829457364341086,Approved,0.6488,0.10961968680089487
Male,0.4,Graduate,No,0.7835051546391752,0.6658163265306122,0.1111111111111111,0.7716666666666667,0.3709856035437431,Approved,0.754,0.10860280658938379
Male,0.0,Graduate,No,0.7525773195876289,0.5790816326530612,0.6666666666666665,0.7083333333333335,0.44961240310077527,Approved,0.6268,0.21008745169818996
Male,0.4,Graduate,No,0.21649484536082472,0.21683673469387754,0.8888888888888888,0.06000000000000005,0.09856035437430787,Rejected,0.9304000000000001,0.062436444986780554
Male,0.8,Graduate,Yes,0.04123711340206186,0.05102040816326531,0.2222222222222222,0.32500000000000007,0.04651162790697675,Rejected,0.9332,0.25422005287777105
Female,0.2,Not Graduate,No,0.27835051546391754,0.28571428571428575,1.0,0.21833333333333338,0.17718715393134,Rejected,0.9864000000000002,0.13748220459629854
Female,1.0,Not Graduate,No,0.07216494845360825,0.04846938775510204,0.0,0.19166666666666676,0.060908084163898125,Rejected,0.37759999999999994,0.3929225137278829
Male,1.0,Graduate,Yes,0.9072164948453608,0.5127551020408163,0.2222222222222222,0.2516666666666667,0.5913621262458473,Approved,0.30679999999999996,0.3837705918242831
Female,0.2,Not Graduate,No,0.4742268041237114,0.35714285714285715,0.1111111111111111,0.31500000000000006,0.4562569213732005,Approved,0.5915999999999999,0.439088875330486
Female,0.2,Graduate,No,0.14432989690721648,0.10969387755102042,0.5555555555555556,0.19166666666666676,0.07087486157253599,Rejected,0.55,0.14805775879601382
Female,0.6000000000000001,Not Graduate,No,0.24742268041237112,0.1989795918367347,0.5555555555555556,0.20833333333333337,0.19712070874861576,Rejected,0.6460000000000001,0.3044539353264185
Male,0.8,Graduate,Yes,0.16494845360824742,0.10969387755102042,0.6666666666666665,0.255,0.1107419712070875,Rejected,0.4223999999999999,0.3073011999186497
Female,1.0,Graduate,Yes,0.4329896907216495,0.29336734693877553,1.0,0.5566666666666666,0.35769656699889263,Rejected,0.4727999999999999,0.41102298149278016
Male,0.4,Not Graduate,No,0.0,0.0,1.0,0.3650000000000001,0.0033222591362126247,Rejected,0.0,0.32194427496440925
Female,0.8,Not Graduate,Yes,0.061855670103092786,0.04591836734693877,0.2222222222222222,0.08833333333333337,0.05204872646733112,Rejected,0.44999999999999996,0.34146837502542204
Male,0.6000000000000001,Graduate,No,0.13402061855670103,0.07397959183673469,0.1111111111111111,0.7783333333333333,0.07862679955703211,Rejected,0.2532,0.32418141142973356
Male,0.0,Not Graduate,Yes,0.7731958762886597,0.42346938775510207,0.6666666666666665,0.28833333333333333,0.6766334440753046,Approved,0.2779999999999999,0.5875533862111043
Female,1.0,Graduate,Yes,0.7216494845360825,0.5357142857142857,0.0,0.8350000000000002,0.4296788482834995,Approved,0.5831999999999999,0.22167988610941633
Female,0.8,Graduate,No,0.08247422680412371,0.05102040816326531,0.7777777777777777,0.405,0.032115171650055375,Rejected,0.31999999999999984,0.1393125889770185
Male,0.2,Graduate,No,0.6288659793814433,0.43112244897959184,0.5555555555555556,0.6900000000000002,0.5215946843853821,Approved,0.492,0.40919259711206024
Female,0.6000000000000001,Graduate,No,0.17525773195876287,0.09693877551020409,0.5555555555555556,0.8833333333333335,0.14064230343300113,Rejected,0.2631999999999999,0.49725442342892
Female,1.0,Graduate,No,0.4329896907216495,0.38265306122448983,0.1111111111111111,0.16833333333333333,0.2779623477297896,Rejected,0.7908,0.18649583079113283
Female,0.0,Not Graduate,No,0.9175257731958762,0.6658163265306122,0.2222222222222222,0.3633333333333334,0.6367663344407531,Approved,0.5603999999999998,0.2934716290420989
Male,0.4,Graduate,Yes,0.07216494845360825,0.05102040816326531,1.0,0.11166666666666669,0.060908084163898125,Rejected,0.4223999999999999,0.3691275167785235
Male,0.0,Graduate,Yes,0.4536082474226804,0.29846938775510207,0.5555555555555556,0.32166666666666677,0.2724252491694352,Approved,0.4436,0.27110026438885504
Female,0.4,Graduate,Yes,0.9484536082474226,0.5714285714285714,0.6666666666666665,0.3416666666666667,0.6279069767441862,Approved,0.366,0.35895871466341267
Female,1.0,Graduate,No,0.6907216494845361,0.6683673469387755,0.7777777777777777,0.036666666666666736,0.6245847176079735,Rejected,0.9364000000000001,0.28330282692698794
Female,0.4,Graduate,No,0.010309278350515465,0.015306122448979593,0.3333333333333333,0.7250000000000001,0.01550387596899225,Rejected,0.6000000000000001,0.25422005287777105
Male,1.0,Graduate,Yes,0.17525773195876287,0.16326530612244897,0.0,0.5366666666666666,0.10631229235880399,Rejected,0.8104,0.15110839943054713
Male,0.8,Graduate,Yes,0.4329896907216495,0.41071428571428575,0.2222222222222222,0.3550000000000001,0.3466223698781839,Rejected,0.8908,0.24059385804352248
Female,0.8,Not Graduate,Yes,0.10309278350515465,0.09693877551020409,0.7777777777777777,0.4750000000000001,0.05094130675526025,Rejected,0.7667999999999999,0.09558673988204192
Female,0.2,Graduate,Yes,0.08247422680412371,0.06887755102040817,0.4444444444444445,0.855,0.07862679955703211,Approved,0.6000000000000001,0.35590807402887936
Female,0.0,Graduate,No,0.29896907216494845,0.25765306122448983,0.8888888888888888,0.5366666666666666,0.16279069767441862,Approved,0.742,0.1427699816961562
Female,0.2,Graduate,Yes,0.1958762886597938,0.15306122448979592,0.7777777777777777,0.9983333333333335,0.11960132890365449,Approved,0.6000000000000001,0.20907057148667887
Female,0.0,Not Graduate,No,0.1958762886597938,0.11224489795918367,0.0,0.265,0.15725359911406425,Rejected,0.2951999999999999,0.47915395566402275
Female,0.8,Graduate,No,0.9484536082474226,0.8418367346938775,0.8888888888888888,0.11499999999999999,0.7220376522702104,Rejected,0.8172000000000001,0.24811877160870452
Male,0.4,Not Graduate,No,0.979381443298969,0.9540816326530612,0.2222222222222222,0.5016666666666667,0.42746400885935776,Approved,0.9548000000000001,0.05775879601382958
Female,0.8,Graduate,No,0.12371134020618556,0.06122448979591837,0.8888888888888888,0.6716666666666666,0.08637873754152824,Rejected,0.17159999999999997,0.4651210087451698
Male,0.4,Not Graduate,No,0.4639175257731959,0.364795918367347,1.0,0.4950000000000001,0.38427464008859363,Rejected,0.6423999999999999,0.33638397396786657
Female,0.6000000000000001,Not Graduate,Yes,0.4020618556701031,0.3316326530612245,0.4444444444444445,0.6166666666666667,0.29125138427464015,Rejected,0.6976,0.2558470612161887
Female,0.8,Not Graduate,Yes,0.10309278350515465,0.06377551020408163,0.2222222222222222,0.10999999999999999,0.09745293466223699,Rejected,0.33320000000000005,0.5157616432784218
Male,1.0,Not Graduate,No,0.7938144329896907,0.7015306122448979,0.7777777777777777,0.9283333333333335,0.699889258028793,Approved,0.8076000000000001,0.31279235306080944
Male,0.4,Not Graduate,No,0.6597938144329897,0.375,0.7777777777777777,0.16833333333333333,0.5160575858250277,Rejected,0.30920000000000003,0.4846451088061826
Male,0.0,Not Graduate,No,0.20618556701030927,0.21683673469387754,0.1111111111111111,0.2283333333333334,0.15282392026578076,Rejected,1.0,0.17571690054911535
Male,0.6000000000000001,Not Graduate,No,0.5463917525773195,0.4413265306122449,0.3333333333333333,0.9700000000000002,0.40531561461794025,Approved,0.6800000000000002,0.2749644091925971
Female,0.8,Graduate,No,0.5051546391752577,0.38775510204081637,0.3333333333333333,0.15333333333333332,0.38427464008859363,Rejected,0.6156000000000001,0.30811470408785846
Male,0.4,Not Graduate,Yes,0.3814432989690722,0.18877551020408162,0.4444444444444445,0.20166666666666666,0.36544850498338877,Rejected,0.1896,0.729713239780354
Female,1.0,Graduate,No,0.0,0.0025510204081632647,0.2222222222222222,0.7033333333333334,0.007751937984496124,Rejected,0.19999999999999996,0.4067520846044336
Male,0.8,Graduate,No,0.5773195876288659,0.3673469387755102,0.4444444444444445,0.6533333333333333,0.372093023255814,Rejected,0.41359999999999997,0.3178767541183649
Female,1.0,Not Graduate,No,0.8350515463917525,0.520408163265306,0.0,0.395,0.5514950166112957,Rejected,0.39760000000000006,0.34065487085621315
Female,1.0,Graduate,Yes,0.24742268041237112,0.13265306122448978,0.3333333333333333,0.6266666666666667,0.1727574750830565,Rejected,0.246,0.439088875330486
Female,0.2,Graduate,No,0.1958762886597938,0.1989795918367347,0.2222222222222222,0.8616666666666668,0.1650055370985604,Approved,0.9428000000000001,0.23164531218222498
Female,0.8,Not Graduate,No,0.3814432989690722,0.2678571428571429,1.0,0.22166666666666668,0.2513842746400886,Rejected,0.5076,0.28248932275777916
Female,0.2,Graduate,Yes,0.5154639175257731,0.40816326530612246,0.2222222222222222,0.3733333333333334,0.4352159468438539,Approved,0.6539999999999999,0.3428920073215376
Female,0.6000000000000001,Not Graduate,Yes,0.7835051546391752,0.6147959183673469,1.0,0.31666666666666676,0.3676633444075305,Approved,0.6512,0.12751677852348994
Male,0.6000000000000001,Not Graduate,Yes,0.5360824742268041,0.35714285714285715,0.1111111111111111,0.4916666666666667,0.3399778516057586,Rejected,0.45920000000000005,0.28981086028065894
Female,0.4,Not Graduate,No,0.27835051546391754,0.2729591836734694,0.0,0.8916666666666668,0.22812846068660025,Rejected,0.9172,0.23571283302826931
Male,0.8,Graduate,No,0.7113402061855669,0.7142857142857143,0.2222222222222222,0.9166666666666667,0.53156146179402,Approved,0.9944000000000002,0.19524100061012814
Male,0.2,Graduate,Yes,0.061855670103092786,0.05612244897959184,0.1111111111111111,0.18166666666666675,0.06533776301218162,Rejected,0.6499999999999999,0.3599755948749237
Female,1.0,Graduate,Yes,0.32989690721649484,0.31887755102040816,0.4444444444444445,0.7666666666666668,0.3244739756367664,Rejected,0.9060000000000001,0.31930038641448033
Male,0.2,Graduate,Yes,0.6804123711340205,0.4413265306122449,0.6666666666666665,0.07333333333333336,0.40420819490586934,Approved,0.43520000000000003,0.2739475289810861
Female,0.8,Graduate,Yes,0.7010309278350515,0.6836734693877551,0.5555555555555556,0.9683333333333335,0.487264673311185,Approved,0.9483999999999999,0.18059792556436852
Male,0.0,Graduate,Yes,0.9381443298969072,0.6173469387755102,0.4444444444444445,0.5,0.6478405315614618,Approved,0.4536,0.33638397396786657
Female,0.4,Graduate,No,0.7525773195876289,0.5,0.4444444444444445,0.8166666666666667,0.46400885935769665,Approved,0.46120000000000005,0.27984543420785035
Male,0.6000000000000001,Graduate,Yes,0.8041237113402061,0.7882653061224489,1.0,0.15333333333333332,0.4130675526024364,Rejected,0.96,0.0931462273744153
Female,1.0,Graduate,Yes,0.14432989690721648,0.09693877551020409,0.0,0.7466666666666668,0.079734219269103,Rejected,0.42479999999999984,0.2245271507016474
Female,0.2,Graduate,Yes,0.6701030927835051,0.4719387755102041,0.2222222222222222,0.8300000000000001,0.4241417497231451,Approved,0.5224,0.2662192393736018
Female,0.6000000000000001,Not Graduate,No,0.3711340206185567,0.28316326530612246,0.1111111111111111,0.03833333333333333,0.25913621262458475,Rejected,0.6000000000000001,0.27211714460036607
Female,0.2,Not Graduate,Yes,0.2577319587628866,0.13010204081632654,0.2222222222222222,0.18833333333333335,0.16168327796234774,Rejected,0.19999999999999996,0.4124466137888957
Male,0.6000000000000001,Graduate,No,0.1134020618556701,0.0663265306122449,0.3333333333333333,0.7216666666666667,0.12070874861572538,Rejected,0.2923999999999999,0.6400244051250763
Female,0.8,Not Graduate,No,0.32989690721649484,0.2602040816326531,0.7777777777777777,0.405,0.2524916943521595,Rejected,0.6352,0.2969290217612366
Male,0.6000000000000001,Graduate,No,0.32989690721649484,0.27040816326530615,0.6666666666666665,0.7616666666666667,0.19158361018826137,Rejected,0.6823999999999999,0.17775066097213751
Male,1.0,Graduate,Yes,0.2268041237113402,0.16581632653061223,0.3333333333333333,0.27333333333333343,0.15725359911406425,Rejected,0.5332000000000001,0.28411633109619683
Male,0.0,Not Graduate,No,0.17525773195876287,0.1683673469387755,0.1111111111111111,0.7483333333333335,0.13178294573643412,Approved,0.8528,0.21008745169818996
Female,0.8,Graduate,No,0.05154639175257732,0.04846938775510204,0.2222222222222222,0.6333333333333333,0.032115171650055375,Rejected,0.6572,0.1525320317266626
Male,0.2,Not Graduate,No,0.6907216494845361,0.5255102040816326,0.1111111111111111,0.4566666666666668,0.3853820598006645,Rejected,0.6115999999999999,0.18995322351027052
Male,1.0,Graduate,Yes,0.010309278350515465,0.012755102040816325,0.8888888888888888,0.79,0.016611295681063128,Rejected,0.4667999999999999,0.3304860687411023
Male,0.6000000000000001,Not Graduate,No,0.5979381443298969,0.46938775510204084,0.4444444444444445,0.14500000000000002,0.469545957918051,Rejected,0.6468,0.3129957291031117
Female,0.2,Not Graduate,No,0.422680412371134,0.41071428571428575,1.0,0.16166666666666674,0.3145071982281285,Rejected,0.9256,0.20459629855603015
Female,0.8,Graduate,No,0.5773195876288659,0.33673469387755106,0.6666666666666665,0.8600000000000001,0.5647840531561462,Approved,0.33119999999999994,0.6217205613178768
Male,0.4,Graduate,Yes,0.3195876288659794,0.16326530612244897,0.3333333333333333,0.9083333333333334,0.23255813953488375,Approved,0.21199999999999986,0.4970510473866179
Female,0.4,Not Graduate,No,0.020618556701030927,0.030612244897959183,0.1111111111111111,0.7383333333333335,0.025470653377630124,Rejected,0.8999999999999999,0.21354484441732766
Female,1.0,Not Graduate,No,0.010309278350515465,0.007653061224489796,0.1111111111111111,0.19666666666666666,0.0132890365448505,Rejected,0.19999999999999996,0.3898718730933496
Male,0.2,Not Graduate,No,0.4123711340206186,0.2653061224489796,0.2222222222222222,0.2766666666666667,0.3621262458471761,Rejected,0.4192,0.47651006711409394
Male,0.4,Not Graduate,Yes,0.04123711340206186,0.05102040816326531,0.5555555555555556,0.05833333333333335,0.027685492801771877,Rejected,0.9332,0.10392515761643276
Female,1.0,Not Graduate,Yes,0.4329896907216495,0.38010204081632654,0.2222222222222222,0.2433333333333334,0.37430786267995575,Rejected,0.782,0.30506406345332526
Male,0.0,Graduate,Yes,0.9278350515463917,0.7423469387755102,0.0,0.9466666666666668,0.6633444075304541,Approved,0.6784000000000001,0.26459223103518414
Female,0.4,Graduate,Yes,0.6907216494845361,0.6377551020408163,0.1111111111111111,0.7716666666666667,0.43189368770764125,Approved,0.8668,0.16412446613788897
Female,1.0,Not Graduate,Yes,0.5051546391752577,0.3418367346938776,0.6666666666666665,0.3783333333333334,0.49501661129568114,Rejected,0.47439999999999993,0.5169818995322351
Female,0.8,Graduate,No,0.32989690721649484,0.3163265306122449,0.0,0.7350000000000001,0.2259136212624585,Rejected,0.8939999999999999,0.18059792556436852
Female,0.8,Not Graduate,Yes,0.8659793814432989,0.6760204081632653,0.5555555555555556,0.8366666666666667,0.593576965669989,Approved,0.6464000000000001,0.25727069351230425
Female,0.6000000000000001,Not Graduate,Yes,0.9278350515463917,0.7295918367346939,0.3333333333333333,0.3966666666666667,0.6544850498338871,Approved,0.6564000000000001,0.2662192393736018
Female,1.0,Graduate,Yes,0.4742268041237114,0.40816326530612246,0.1111111111111111,0.3716666666666667,0.26024363233665565,Rejected,0.7584,0.14561724628838726
Male,0.8,Not Graduate,No,0.26804123711340205,0.20408163265306123,0.6666666666666665,0.135,0.16057585825027687,Rejected,0.5855999999999999,0.21252796420581657
Male,0.2,Graduate,Yes,0.32989690721649484,0.17091836734693877,0.1111111111111111,0.39,0.23588039867109636,Rejected,0.22360000000000002,0.47793369941020947
Female,1.0,Not Graduate,Yes,0.061855670103092786,0.04846938775510204,0.6666666666666665,0.4566666666666668,0.06423034330011074,Rejected,0.5,0.42058165548098436
Female,0.2,Not Graduate,No,0.4020618556701031,0.2755102040816327,0.2222222222222222,0.17500000000000004,0.32558139534883723,Rejected,0.4827999999999999,0.39353264185478953
Female,0.0,Not Graduate,No,0.17525773195876287,0.08928571428571429,0.7777777777777777,0.40333333333333343,0.07751937984496124,Rejected,0.19999999999999996,0.24344112263575354
Male,1.0,Graduate,Yes,0.6701030927835051,0.6403061224489796,0.6666666666666665,0.8666666666666667,0.44739756367663347,Approved,0.9163999999999999,0.17408989221069762
Female,0.0,Graduate,No,0.5154639175257731,0.33418367346938777,0.0,0.3416666666666667,0.5105204872646734,Approved,0.43079999999999985,0.5531828350620297
Male,0.6000000000000001,Graduate,Yes,0.6701030927835051,0.41071428571428575,0.0,0.3466666666666667,0.5470653377630122,Approved,0.3792,0.4651210087451698
Female,0.2,Not Graduate,Yes,0.4639175257731959,0.375,1.0,0.8916666666666668,0.20044296788482838,Approved,0.6763999999999999,0.09823062843197075
Female,0.0,Not Graduate,No,0.5979381443298969,0.5535714285714285,0.5555555555555556,0.8766666666666667,0.2668881506090809,Approved,0.8668,0.07402887939800695
Male,1.0,Not Graduate,Yes,0.6494845360824741,0.4744897959183674,0.5555555555555556,0.21166666666666667,0.3610188261351052,Rejected,0.5631999999999999,0.20256253813300798
Male,0.6000000000000001,Graduate,No,0.03092783505154639,0.04336734693877551,0.5555555555555556,0.9833333333333334,0.036544850498338874,Rejected,1.0,0.2237136465324385
Female,0.8,Not Graduate,No,0.5670103092783505,0.3316326530612245,0.0,0.05500000000000005,0.35437430786268,Rejected,0.33320000000000005,0.3428920073215376
Female,0.8,Not Graduate,Yes,0.6804123711340205,0.5025510204081632,0.5555555555555556,0.6316666666666668,0.7109634551495018,Approved,0.5763999999999998,0.5043725849094977
Female,1.0,Not Graduate,No,0.29896907216494845,0.30612244897959184,0.8888888888888888,0.8416666666666668,0.16943521594684388,Rejected,0.9872000000000001,0.10697579825096606
Male,0.6000000000000001,Not Graduate,No,0.5051546391752577,0.2729591836734694,0.7777777777777777,0.8766666666666667,0.3311184939091916,Approved,0.2627999999999999,0.4077689648159447
Male,0.2,Not Graduate,Yes,0.6288659793814433,0.6020408163265306,0.4444444444444445,0.9066666666666667,0.4662236987818384,Approved,0.9176,0.20907057148667887
Male,1.0,Graduate,Yes,0.4329896907216495,0.3520408163265306,0.4444444444444445,0.605,0.3311184939091916,Rejected,0.6819999999999999,0.28452308318080133
Male,0.2,Not Graduate,No,0.8144329896907216,0.5510204081632653,0.2222222222222222,0.9733333333333334,0.6002214839424143,Approved,0.48160000000000003,0.35448444173276383
Male,0.2,Not Graduate,No,0.09278350515463918,0.08673469387755102,0.0,0.3466666666666667,0.036544850498338874,Rejected,0.7456,0.05084401057555421
Male,0.0,Graduate,Yes,0.2268041237113402,0.1683673469387755,0.1111111111111111,0.4683333333333334,0.20598006644518274,Approved,0.55,0.40756558877364246
Female,0.6000000000000001,Graduate,Yes,0.7010309278350515,0.6632653061224489,0.5555555555555556,0.30166666666666675,0.5725359911406424,Approved,0.9028,0.25035590807402897
Female,0.2,Graduate,Yes,0.8762886597938144,0.7576530612244897,0.5555555555555556,0.405,0.8582502768549282,Approved,0.7791999999999999,0.3756355501321944
Male,0.0,Not Graduate,Yes,0.3402061855670103,0.3137755102040817,0.4444444444444445,0.2466666666666667,0.19158361018826137,Rejected,0.8400000000000001,0.133211307707952
Female,0.2,Graduate,Yes,0.14432989690721648,0.12755102040816327,0.1111111111111111,0.6883333333333335,0.09523809523809525,Approved,0.7247999999999999,0.19280048810250153
Female,1.0,Not Graduate,Yes,0.7835051546391752,0.43367346938775514,0.7777777777777777,0.32166666666666677,0.33776301218161686,Rejected,0.2871999999999999,0.21069757982509665
Male,0.4,Not Graduate,No,0.36082474226804123,0.22704081632653061,0.4444444444444445,0.865,0.25913621262458475,Approved,0.3944000000000001,0.37360178970917235
Female,0.8,Graduate,No,0.020618556701030927,0.028061224489795915,0.8888888888888888,0.8783333333333334,0.01107419712070875,Rejected,0.8,0.05084401057555421
Male,0.0,Not Graduate,No,0.4742268041237114,0.3928571428571429,0.4444444444444445,0.16333333333333333,0.39202657807308977,Rejected,0.7083999999999999,0.31116534472239166
Male,0.0,Graduate,Yes,0.27835051546391754,0.18367346938775508,0.8888888888888888,0.6533333333333333,0.16168327796234774,Approved,0.4343999999999999,0.25422005287777105
Female,1.0,Graduate,Yes,0.49484536082474223,0.364795918367347,0.8888888888888888,0.3483333333333334,0.42746400885935776,Approved,0.5679999999999998,0.3906853772625585
Male,0.0,Graduate,Yes,0.7628865979381443,0.45408163265306123,0.7777777777777777,0.2316666666666667,0.6500553709856036,Approved,0.3528,0.5114907463900753
Male,0.2,Graduate,No,0.288659793814433,0.23214285714285712,0.1111111111111111,0.5366666666666666,0.16943521594684388,Approved,0.6532,0.18710595891803947
Male,0.6000000000000001,Not Graduate,Yes,0.0,0.01020408163265306,0.8888888888888888,0.3766666666666667,0.006644518272425249,Rejected,0.8,0.13809233272320523
Male,1.0,Not Graduate,Yes,0.6804123711340205,0.4770408163265306,0.3333333333333333,0.9416666666666667,0.5271317829457365,Approved,0.5176000000000001,0.361195851128737
Male,1.0,Not Graduate,Yes,0.979381443298969,0.6913265306122449,0.0,0.046666666666666745,0.5304540420819491,Rejected,0.53,0.20601993085214562
Male,0.0,Graduate,Yes,0.10309278350515465,0.09948979591836735,0.1111111111111111,0.78,0.09856035437430787,Approved,0.8,0.29774252593044537
Male,1.0,Not Graduate,Yes,0.7422680412371133,0.6045918367346939,0.7777777777777777,0.9233333333333333,0.44186046511627913,Approved,0.6972,0.18893634329875944
Male,0.8,Graduate,No,0.6907216494845361,0.5229591836734694,0.1111111111111111,0.8983333333333334,0.31118493909191586,Approved,0.6055999999999999,0.12609314622737447
Female,0.0,Not Graduate,Yes,0.9175257731958762,0.586734693877551,0.8888888888888888,0.19000000000000006,0.6644518272425249,Approved,0.42399999999999993,0.3746186699206834
Female,0.0,Graduate,Yes,0.1134020618556701,0.11224489795918367,0.7777777777777777,0.3833333333333334,0.09302325581395349,Approved,0.8460000000000001,0.22818791946308728
Female,0.6000000000000001,Graduate,No,0.6597938144329897,0.364795918367347,0.4444444444444445,0.9016666666666668,0.5293466223698783,Approved,0.28480000000000005,0.5188122839129551
Male,0.6000000000000001,Not Graduate,Yes,0.16494845360824742,0.1377551020408163,0.6666666666666665,0.6166666666666667,0.15725359911406425,Rejected,0.6667999999999998,0.3683140126093146
Male,1.0,Not Graduate,Yes,0.8247422680412371,0.5255102040816326,0.6666666666666665,0.7100000000000002,0.5559246954595792,Approved,0.4196,0.33984136668700426
Female,0.8,Not Graduate,No,0.26804123711340205,0.20408163265306123,0.6666666666666665,0.08666666666666667,0.19822812846068663,Rejected,0.5855999999999999,0.29591214154972545
Female,0.2,Graduate,Yes,0.7010309278350515,0.4005102040816327,0.1111111111111111,0.42333333333333334,0.6168327796234774,Approved,0.3144,0.5605043725849095
Female,0.8,Graduate,No,0.05154639175257732,0.03826530612244898,0.8888888888888888,0.7133333333333334,0.04540420819490588,Rejected,0.4284000000000001,0.35590807402887936
Male,0.0,Not Graduate,No,0.7422680412371133,0.6428571428571428,0.2222222222222222,0.2716666666666667,0.47286821705426363,Rejected,0.7784,0.1911734797640838
Female,1.0,Not Graduate,Yes,0.21649484536082472,0.11989795918367348,0.4444444444444445,0.21833333333333338,0.168327796234773,Rejected,0.26959999999999995,0.4820012202562538
Female,0.2,Graduate,Yes,0.04123711340206186,0.04081632653061224,0.3333333333333333,0.2416666666666667,0.031007751937984503,Rejected,0.6667999999999998,0.18995322351027052
Male,1.0,Graduate,No,0.08247422680412371,0.06887755102040817,0.1111111111111111,0.9933333333333334,0.07308970099667775,Rejected,0.6000000000000001,0.32194427496440925
Female,0.2,Not Graduate,Yes,0.20618556701030927,0.125,0.3333333333333333,0.20000000000000007,0.10963455149501662,Rejected,0.3455999999999999,0.25035590807402897
Male,0.2,Not Graduate,No,0.8041237113402061,0.7806122448979591,0.0,0.025000000000000022,0.5658914728682172,Rejected,0.9448000000000001,0.18649583079113283
Male,0.8,Not Graduate,No,0.8659793814432989,0.5255102040816326,0.4444444444444445,0.9450000000000001,0.7165005537098561,Approved,0.372,0.4809843400447428
Male,0.6000000000000001,Not Graduate,Yes,0.7525773195876289,0.6556122448979591,0.0,0.07000000000000006,0.5924695459579181,Rejected,0.7867999999999999,0.26906650396583287
Female,1.0,Not Graduate,Yes,0.5154639175257731,0.29336734693877553,0.8888888888888888,0.685,0.43189368770764125,Rejected,0.3076,0.5265405735204393
Female,0.4,Not Graduate,No,0.7938144329896907,0.5255102040816326,0.0,0.7050000000000001,0.2934662236987819,Approved,0.4583999999999999,0.10921293471629043
Male,0.2,Graduate,Yes,0.4123711340206186,0.2806122448979592,0.1111111111111111,0.6733333333333333,0.2879291251384275,Approved,0.476,0.3225544030913159
Female,0.0,Graduate,No,0.6494845360824741,0.5076530612244897,0.7777777777777777,0.9033333333333333,0.487264673311185,Approved,0.6432,0.2944885092536099
Female,0.0,Graduate,Yes,0.7422680412371133,0.38010204081632654,0.5555555555555556,0.5,0.4119601328903655,Approved,0.2215999999999999,0.35062029692902186
Female,0.6000000000000001,Not Graduate,No,0.9175257731958762,0.645408163265306,0.5555555555555556,0.6466666666666667,0.7065337763012183,Approved,0.5252000000000001,0.35753508236729714
Female,0.0,Not Graduate,No,0.061855670103092786,0.05102040816326531,0.7777777777777777,0.7316666666666667,0.0487264673311185,Rejected,0.55,0.27191376855806393
Male,0.2,Graduate,Yes,0.061855670103092786,0.06377551020408163,0.4444444444444445,0.8300000000000001,0.05647840531561463,Approved,0.8,0.24689851535489124
Female,1.0,Graduate,Yes,0.4020618556701031,0.24489795918367344,0.1111111111111111,0.03166666666666673,0.3554817275747509,Rejected,0.366,0.5151515151515151
Male,1.0,Graduate,Yes,0.4123711340206186,0.21428571428571427,0.2222222222222222,0.4716666666666667,0.19269102990033224,Rejected,0.22840000000000005,0.263575350823673
Male,0.6000000000000001,Graduate,Yes,0.4742268041237114,0.28571428571428575,0.5555555555555556,0.3916666666666667,0.35658914728682173,Approved,0.35839999999999994,0.42403904820012206
Female,0.6000000000000001,Not Graduate,Yes,0.8350515463917525,0.6530612244897959,0.3333333333333333,0.6600000000000001,0.629014396456257,Approved,0.6480000000000001,0.2965222696766322
Male,0.8,Not Graduate,No,0.7628865979381443,0.6020408163265306,0.3333333333333333,0.6200000000000001,0.33887043189368776,Rejected,0.6579999999999999,0.1112466951393126
Female,0.8,Graduate,No,0.5051546391752577,0.30612244897959184,1.0,0.18333333333333335,0.46843853820598014,Rejected,0.3647999999999999,0.5535895871466341
Female,1.0,Graduate,No,0.3505154639175258,0.288265306122449,0.6666666666666665,0.41000000000000003,0.2790697674418605,Rejected,0.6888000000000001,0.29631889363432984
Male,0.6000000000000001,Not Graduate,Yes,0.5360824742268041,0.42091836734693877,0.7777777777777777,0.41666666666666674,0.41085271317829464,Rejected,0.6444000000000001,0.3014032946918853
Male,1.0,Not Graduate,No,0.05154639175257732,0.028061224489795915,0.1111111111111111,0.07333333333333336,0.053156146179402,Rejected,0.19999999999999996,0.6028065893837706
Male,0.4,Not Graduate,Yes,0.9896907216494845,0.9668367346938775,0.4444444444444445,0.7383333333333335,0.5470653377630122,Approved,0.9592,0.11267032743542812
Male,0.8,Graduate,No,0.979381443298969,0.9209183673469388,0.1111111111111111,0.7866666666666668,0.8449612403100776,Approved,0.9012,0.27598128940410827
Female,0.0,Graduate,Yes,0.9484536082474226,0.7551020408163265,0.5555555555555556,0.0033333333333334103,0.6345514950166113,Approved,0.6724000000000001,0.23998372991661585
Female,0.6000000000000001,Graduate,Yes,0.30927835051546393,0.22448979591836735,0.8888888888888888,0.1266666666666667,0.1727574750830565,Rejected,0.5375999999999999,0.20500305064063454
Female,0.0,Graduate,Yes,0.36082474226804123,0.288265306122449,0.4444444444444445,0.7450000000000001,0.18383167220376526,Approved,0.6539999999999999,0.14561724628838726
Male,0.4,Graduate,Yes,0.4123711340206186,0.39540816326530615,0.2222222222222222,0.6833333333333333,0.363233665559247,Approved,0.9048,0.2747610331502949
Male,0.4,Not Graduate,No,0.7010309278350515,0.6096938775510203,0.2222222222222222,0.9866666666666668,0.5681063122923589,Approved,0.7827999999999999,0.2818791946308725
Male,0.6000000000000001,Not Graduate,No,0.30927835051546393,0.28571428571428575,0.7777777777777777,0.32000000000000006,0.22480620155038764,Rejected,0.8375999999999999,0.21354484441732766
Female,1.0,Graduate,No,0.7938144329896907,0.4438775510204082,0.0,0.43166666666666675,0.6245847176079735,Rejected,0.2964,0.5001016880211512
Male,0.6000000000000001,Not Graduate,No,0.20618556701030927,0.20408163265306123,0.8888888888888888,0.023333333333333317,0.10409745293466224,Rejected,0.9092,0.08765507423225546
Female,0.0,Graduate,Yes,0.2577319587628866,0.20663265306122447,0.2222222222222222,0.74,0.159468438538206,Approved,0.6444000000000001,0.20581655480984343
Male,1.0,Not Graduate,No,0.6804123711340205,0.451530612244898,0.5555555555555556,0.6500000000000001,0.7032115171650056,Approved,0.4587999999999999,0.569452918446207
Female,0.6000000000000001,Graduate,Yes,0.6288659793814433,0.586734693877551,0.1111111111111111,0.07833333333333337,0.6566998892580289,Rejected,0.8792,0.36851738865161676
Female,1.0,Graduate,Yes,0.9072164948453608,0.7933673469387755,0.0,0.6283333333333334,0.5736434108527132,Approved,0.7955999999999999,0.18547895057962174
Male,0.2,Graduate,No,0.4639175257731959,0.3928571428571429,0.1111111111111111,0.28,0.4186046511627907,Rejected,0.736,0.3422818791946308
Male,0.4,Not Graduate,No,0.8144329896907216,0.4387755102040817,0.1111111111111111,0.6233333333333333,0.6157253599114065,Approved,0.264,0.49827130364043126
Female,0.4,Not Graduate,No,0.9072164948453608,0.6887755102040816,0.6666666666666665,0.08833333333333337,0.6722037652270211,Rejected,0.6132,0.3026235509456986
Female,0.8,Not Graduate,No,0.3711340206185567,0.3520408163265306,0.3333333333333333,0.7116666666666667,0.2436323366555925,Rejected,0.8843999999999999,0.17063249949155992
Male,0.8,Not Graduate,Yes,0.8865979381443299,0.5586734693877551,0.4444444444444445,0.3533333333333334,0.5780730897009967,Approved,0.4092,0.32926581248728903
Male,0.6000000000000001,Not Graduate,Yes,0.8762886597938144,0.6862244897959183,0.8888888888888888,0.2566666666666667,0.6744186046511629,Approved,0.6503999999999999,0.30587756762253404
Female,1.0,Not Graduate,No,0.49484536082474223,0.30867346938775514,0.6666666666666665,0.025000000000000022,0.40531561461794025,Rejected,0.3919999999999999,0.45434207850315234
Male,0.0,Not Graduate,Yes,0.5979381443298969,0.5714285714285714,0.4444444444444445,0.30000000000000004,0.3776301218161684,Approved,0.9132,0.15659955257270694
Female,0.4,Graduate,Yes,0.9175257731958762,0.6096938775510203,0.7777777777777777,0.6416666666666668,0.7452934662236989,Approved,0.4635999999999998,0.41651413463494
Female,0.2,Graduate,No,0.7422680412371133,0.4489795918367347,0.2222222222222222,0.2666666666666667,0.380952380952381,Approved,0.3675999999999999,0.24283099450884685
Male,0.2,Not Graduate,Yes,0.8350515463917525,0.7168367346938775,0.7777777777777777,0.6733333333333333,0.45404208194905876,Approved,0.7688000000000001,0.14399023794996949
Male,0.2,Graduate,Yes,0.7628865979381443,0.6020408163265306,0.5555555555555556,0.6533333333333333,0.4905869324473976,Approved,0.6579999999999999,0.22778116737848284
Male,0.2,Not Graduate,Yes,0.3402061855670103,0.23724489795918366,0.1111111111111111,0.16333333333333333,0.21926910299003324,Rejected,0.49719999999999986,0.2753711612772016
Male,1.0,Graduate,Yes,0.08247422680412371,0.0816326530612245,0.8888888888888888,0.9700000000000002,0.049833887043189376,Rejected,0.8,0.13219442749644092
Male,1.0,Graduate,Yes,0.9999999999999999,0.6530612244897959,0.1111111111111111,0.9333333333333333,0.5647840531561462,Approved,0.4463999999999999,0.25116941224323774
Female,0.4,Graduate,Yes,0.5670103092783505,0.3775510204081633,0.8888888888888888,0.050000000000000044,0.3554817275747509,Rejected,0.4596,0.28513321130770797
Female,1.0,Graduate,No,0.05154639175257732,0.05357142857142857,0.7777777777777777,0.245,0.05537098560354375,Rejected,0.7715999999999998,0.30506406345332526
Male,0.0,Not Graduate,Yes,0.9690721649484536,0.5994897959183673,0.5555555555555556,0.8133333333333335,0.6146179401993356,Approved,0.39159999999999995,0.3251982916412447
Male,0.2,Not Graduate,No,0.9381443298969072,0.7295918367346939,0.2222222222222222,0.3766666666666667,0.4761904761904762,Approved,0.6432,0.15293878381126705
Male,0.0,Graduate,No,0.9587628865979381,0.7168367346938775,0.8888888888888888,0.4616666666666668,0.6688815060908085,Approved,0.5955999999999999,0.28289607484238355
Female,0.8,Graduate,Yes,0.8762886597938144,0.5892857142857143,0.7777777777777777,0.12,0.5526024363233666,Approved,0.476,0.2847264592231036
Male,1.0,Graduate,Yes,0.7319587628865979,0.5280612244897959,0.6666666666666665,0.7650000000000001,0.6002214839424143,Approved,0.5508,0.37624567825910116
Male,0.6000000000000001,Graduate,Yes,0.4020618556701031,0.3163265306122449,0.4444444444444445,0.275,0.2790697674418605,Rejected,0.6392,0.2574740695546065
Female,0.4,Graduate,No,0.27835051546391754,0.2525510204081633,0.1111111111111111,0.8150000000000002,0.16168327796234774,Rejected,0.8068,0.14663412649989835
Female,0.6000000000000001,Graduate,Yes,0.7525773195876289,0.4489795918367347,0.0,0.6333333333333333,0.5503875968992249,Approved,0.3548,0.41671751067724216
Male,0.2,Graduate,No,0.7938144329896907,0.6479591836734694,1.0,0.635,0.4916943521594685,Approved,0.7012,0.20195241000610134
Male,0.2,Graduate,Yes,0.6907216494845361,0.5612244897959183,0.7777777777777777,0.6216666666666668,0.5249169435215948,Approved,0.6928000000000001,0.28330282692698794
Male,0.0,Not Graduate,No,0.6907216494845361,0.5765306122448979,0.4444444444444445,0.021666666666666723,0.5393133997785161,Rejected,0.7276,0.2835062029692903
Female,0.0,Not Graduate,No,0.4742268041237114,0.4719387755102041,0.7777777777777777,0.41833333333333345,0.4396456256921374,Approved,0.9667999999999999,0.2812690665039659
Male,1.0,Graduate,Yes,0.7731958762886597,0.6147959183673469,0.3333333333333333,0.255,0.4507198228128461,Rejected,0.6676,0.18995322351027052
Male,0.6000000000000001,Not Graduate,No,0.6907216494845361,0.5714285714285714,0.1111111111111111,0.5833333333333335,0.39645625692137326,Rejected,0.716,0.1718527557453732
Male,0.2,Not Graduate,No,0.10309278350515465,0.10714285714285715,0.1111111111111111,0.2316666666666667,0.09634551495016612,Rejected,0.8999999999999999,0.2586943258084198
Female,0.2,Graduate,No,0.27835051546391754,0.23724489795918366,0.1111111111111111,0.5966666666666667,0.24141749723145076,Rejected,0.724,0.31767337807606266
Female,0.8,Graduate,Yes,0.5463917525773195,0.4744897959183674,0.2222222222222222,0.1316666666666667,0.48947951273532675,Rejected,0.7744,0.327435428106569
Male,0.8,Graduate,Yes,0.30927835051546393,0.2653061224489796,0.1111111111111111,0.25,0.22037652270210412,Rejected,0.7376,0.2332723205206427
Male,1.0,Not Graduate,No,0.24742268041237112,0.20153061224489796,0.1111111111111111,0.915,0.22812846068660025,Rejected,0.6616,0.3683140126093146
Female,0.0,Graduate,No,0.03092783505154639,0.033163265306122444,0.8888888888888888,0.9416666666666667,0.02879291251384275,Approved,0.6800000000000002,0.22879804758999392
Female,0.0,Graduate,No,0.16494845360824742,0.1683673469387755,0.4444444444444445,0.9216666666666669,0.06976744186046512,Approved,0.9332,0.04494610534878993
Female,0.0,Not Graduate,No,0.1134020618556701,0.11734693877551021,0.5555555555555556,0.42500000000000004,0.09966777408637874,Rejected,0.9076,0.23754321740898923
Female,0.2,Not Graduate,No,0.9999999999999999,0.520408163265306,1.0,0.8683333333333334,0.7718715393133999,Approved,0.23640000000000005,0.5360992475086436
Female,0.0,Not Graduate,No,0.18556701030927833,0.11224489795918367,0.0,0.8666666666666667,0.15393133997785163,Approved,0.33999999999999997,0.4663412649989832
Female,0.2,Not Graduate,No,0.5051546391752577,0.38265306122448983,0.1111111111111111,0.7016666666666667,0.3754152823920266,Approved,0.6000000000000001,0.3034370551149075
Female,0.8,Graduate,Yes,0.8247422680412371,0.6045918367346939,1.0,0.885,0.6179401993355482,Approved,0.5708,0.32377465934512917
Female,1.0,Not Graduate,No,0.4123711340206186,0.3137755102040817,0.8888888888888888,0.45166666666666677,0.327796234772979,Rejected,0.6000000000000001,0.3317063249949156
Female,0.4,Not Graduate,Yes,0.1134020618556701,0.11734693877551021,0.3333333333333333,0.4700000000000001,0.09523809523809525,Rejected,0.9076,0.2210697579825097
Male,0.2,Not Graduate,Yes,0.4536082474226804,0.3392857142857143,0.8888888888888888,0.31166666666666676,0.4451827242524917,Approved,0.5828,0.4545454545454546
Male,0.2,Not Graduate,No,0.6597938144329897,0.49489795918367346,0.5555555555555556,0.7633333333333334,0.5348837209302326,Approved,0.5939999999999999,0.35021354484441736
Male,0.4,Graduate,Yes,0.8350515463917525,0.7602040816326531,0.7777777777777777,0.56,0.5559246954595792,Approved,0.8508,0.18934309538336389
Female,0.0,Graduate,No,0.6907216494845361,0.520408163265306,0.7777777777777777,0.9283333333333335,0.5957918050941308,Approved,0.6000000000000001,0.379906447020541
Male,0.8,Graduate,Yes,0.4639175257731959,0.3112244897959184,0.3333333333333333,0.6300000000000001,0.3355481727574751,Approved,0.46399999999999997,0.3469595281675819
Female,0.2,Graduate,No,0.7938144329896907,0.39540816326530615,0.3333333333333333,0.41833333333333345,0.34219269102990035,Approved,0.19999999999999996,0.25035590807402897
Female,0.6000000000000001,Not Graduate,No,0.8865979381443299,0.6275510204081632,0.7777777777777777,0.6133333333333335,0.8194905869324475,Approved,0.532,0.4551555826723612
Male,0.2,Graduate,No,0.6494845360824741,0.5892857142857143,0.0,0.6200000000000001,0.4352159468438539,Approved,0.8400000000000001,0.19259711206019933
Female,0.6000000000000001,Not Graduate,No,0.3402061855670103,0.3418367346938776,0.1111111111111111,0.2316666666666667,0.27685492801771877,Rejected,0.9656,0.2245271507016474
Male,0.4,Not Graduate,Yes,0.8247422680412371,0.4923469387755102,0.7777777777777777,0.56,0.5858250276854928,Approved,0.356,0.4004474272930648
Male,0.0,Not Graduate,Yes,0.18556701030927833,0.14540816326530612,0.6666666666666665,0.15500000000000003,0.12513842746400888,Rejected,0.6000000000000001,0.24405125076266018
Male,1.0,Not Graduate,No,0.2577319587628866,0.20153061224489796,0.0,0.9133333333333333,0.16943521594684388,Rejected,0.6148,0.2369330892820826
Female,0.0,Graduate,Yes,0.5257731958762886,0.4413265306122449,0.1111111111111111,0.8166666666666667,0.434108527131783,Approved,0.7284000000000002,0.30506406345332526
Male,0.4,Not Graduate,No,0.9999999999999999,0.5,0.2222222222222222,0.020000000000000018,0.7264673311184939,Approved,0.20399999999999985,0.5220663005897905
Female,0.4,Not Graduate,Yes,0.49484536082474223,0.489795918367347,0.6666666666666665,0.7916666666666667,0.26356589147286824,Approved,0.96,0.09985763677038847
Male,0.4,Not Graduate,No,0.9175257731958762,0.4668367346938776,1.0,0.17166666666666675,0.655592469545958,Approved,0.21760000000000002,0.49908480780964004
Male,0.6000000000000001,Not Graduate,Yes,0.7628865979381443,0.6658163265306122,0.6666666666666665,0.9450000000000001,0.49612403100775204,Approved,0.7896000000000001,0.19564775269473259
Male,0.0,Graduate,No,0.5154639175257731,0.44642857142857145,0.8888888888888888,0.43000000000000005,0.32558139534883723,Approved,0.7692000000000001,0.18791946308724836
Female,1.0,Graduate,No,0.16494845360824742,0.14540816326530612,0.1111111111111111,0.41333333333333344,0.13842746400885939,Rejected,0.7332000000000001,0.2847264592231036
Female,0.0,Not Graduate,No,0.7319587628865979,0.711734693877551,0.7777777777777777,0.31000000000000005,0.5293466223698783,Rejected,0.9452,0.19503762456782595
Female,0.8,Graduate,No,0.30927835051546393,0.288265306122449,0.2222222222222222,0.5583333333333333,0.19822812846068663,Rejected,0.8500000000000001,0.16839536302623556
Male,1.0,Graduate,No,0.5154639175257731,0.520408163265306,0.0,0.3966666666666667,0.25470653377630126,Rejected,0.9924,0.07728289607484237
Male,0.8,Not Graduate,No,0.7113402061855669,0.711734693877551,0.6666666666666665,0.32666666666666677,0.5437430786267996,Rejected,0.9887999999999999,0.2043929225137279
Female,0.8,Graduate,Yes,0.12371134020618556,0.11479591836734694,0.2222222222222222,0.18500000000000005,0.08084163898117387,Rejected,0.7715999999999998,0.17368314012609318
Female,0.8,Not Graduate,No,0.2577319587628866,0.2653061224489796,0.2222222222222222,0.9283333333333335,0.24584717607973428,Rejected,0.9852000000000001,0.2769981696156193
Female,1.0,Graduate,Yes,0.6494845360824741,0.45408163265306123,0.4444444444444445,0.10000000000000009,0.5780730897009967,Rejected,0.514,0.4384787472035795
Female,0.8,Graduate,No,0.9381443298969072,0.9081632653061225,0.8888888888888888,0.2683333333333334,0.6611295681063124,Rejected,0.944,0.18791946308724836
Female,0.0,Graduate,Yes,0.6701030927835051,0.37244897959183676,0.7777777777777777,0.5633333333333335,0.4451827242524917,Approved,0.2896000000000001,0.4016676835468782
Female,1.0,Graduate,No,0.6804123711340205,0.48469387755102045,0.2222222222222222,0.9416666666666667,0.48394241417497236,Approved,0.5351999999999999,0.3121822249339028
Male,1.0,Not Graduate,No,0.556701030927835,0.3392857142857143,0.1111111111111111,0.2483333333333334,0.37984496124031014,Rejected,0.37159999999999993,0.36628025218629245
Female,0.2,Not Graduate,Yes,0.17525773195876287,0.11224489795918367,0.0,0.9500000000000002,0.141749723145072,Approved,0.38960000000000006,0.41875127110026444
Male,1.0,Not Graduate,No,0.845360824742268,0.489795918367347,0.2222222222222222,0.8583333333333334,0.42746400885935776,Approved,0.3284,0.25422005287777105
Male,0.4,Not Graduate,Yes,0.23711340206185563,0.1760204081632653,0.7777777777777777,0.2566666666666667,0.1550387596899225,Rejected,0.5519999999999998,0.25422005287777105
Female,0.2,Not Graduate,Yes,0.27835051546391754,0.24489795918367344,0.8888888888888888,0.8050000000000002,0.16168327796234774,Approved,0.7656000000000001,0.15558267236119586
Female,0.6000000000000001,Graduate,Yes,0.30927835051546393,0.18112244897959182,0.0,0.405,0.26024363233665565,Approved,0.32479999999999987,0.5043725849094977
Male,0.8,Not Graduate,Yes,0.288659793814433,0.27040816326530615,0.0,0.81,0.24031007751937988,Rejected,0.8532,0.25991458206223306
Female,0.6000000000000001,Graduate,Yes,0.061855670103092786,0.05612244897959184,1.0,0.15833333333333333,0.03875968992248063,Rejected,0.6499999999999999,0.16473459426479561
Female,0.4,Not Graduate,Yes,0.020618556701030927,0.025510204081632654,0.0,0.9750000000000001,0.018826135105204873,Approved,0.7,0.17592027659141754
Male,0.4,Not Graduate,No,0.4329896907216495,0.26275510204081637,1.0,0.31333333333333335,0.33887043189368776,Rejected,0.3635999999999999,0.44234289200732146
Male,0.4,Not Graduate,Yes,0.8762886597938144,0.5,0.4444444444444445,0.8816666666666668,0.5116279069767442,Approved,0.31479999999999997,0.32377465934512917
Male,0.8,Not Graduate,No,0.7422680412371133,0.3852040816326531,0.2222222222222222,0.6283333333333334,0.7906976744186047,Approved,0.23239999999999994,0.7956070774862721
Female,0.8,Not Graduate,Yes,0.5670103092783505,0.35969387755102045,0.5555555555555556,0.5750000000000002,0.4462901439645626,Rejected,0.4103999999999999,0.42220866381940214
Male,1.0,Not Graduate,Yes,0.979381443298969,0.6964285714285714,0.4444444444444445,0.8133333333333335,0.6035437430786269,Approved,0.538,0.25198291641244663
Female,0.4,Not Graduate,No,0.7010309278350515,0.5637755102040816,0.2222222222222222,0.5816666666666668,0.5359911406423035,Approved,0.6800000000000002,0.29062436444986783
Male,0.4,Not Graduate,No,0.8969072164948453,0.5816326530612245,0.1111111111111111,0.3650000000000001,0.584717607973422,Approved,0.4383999999999999,0.31584299369534274
Male,0.6000000000000001,Graduate,Yes,0.29896907216494845,0.2780612244897959,0.6666666666666665,0.7866666666666668,0.212624584717608,Approved,0.8452,0.20337604230221681
Male,0.8,Graduate,No,0.20618556701030927,0.14795918367346939,0.5555555555555556,0.050000000000000044,0.168327796234773,Rejected,0.5092000000000001,0.36750050844010573
Female,1.0,Not Graduate,Yes,0.7113402061855669,0.5408163265306122,0.1111111111111111,0.42833333333333334,0.5193798449612403,Approved,0.6112,0.2948952613382144
Female,0.8,Graduate,Yes,0.8247422680412371,0.4770408163265306,0.2222222222222222,0.056666666666666754,0.7718715393133999,Approved,0.3268,0.5977221883262152
Male,0.6000000000000001,Graduate,Yes,0.9896907216494845,0.7168367346938775,0.5555555555555556,0.31166666666666676,0.7286821705426357,Approved,0.5591999999999999,0.32153752287980475
Male,0.4,Graduate,Yes,0.3814432989690722,0.23979591836734693,0.3333333333333333,0.39833333333333343,0.2724252491694352,Rejected,0.39480000000000004,0.37156802928615007
Male,0.4,Graduate,Yes,0.20618556701030927,0.1989795918367347,0.3333333333333333,0.6833333333333333,0.12513842746400888,Approved,0.8728,0.14114297335773848
Female,1.0,Not Graduate,Yes,0.04123711340206186,0.03571428571428571,1.0,0.9650000000000001,0.04208194905869325,Rejected,0.5332000000000001,0.3500101688021151
Male,0.8,Not Graduate,Yes,0.6907216494845361,0.5535714285714285,0.4444444444444445,0.3533333333333334,0.4352159468438539,Rejected,0.6752,0.21456172462883874
Female,0.4,Graduate,Yes,0.7422680412371133,0.6887755102040816,0.8888888888888888,0.43500000000000005,0.5459579180509414,Approved,0.8755999999999999,0.2178157413056742
Male,0.6000000000000001,Not Graduate,Yes,0.3917525773195876,0.288265306122449,0.2222222222222222,0.39833333333333343,0.27574750830564787,Rejected,0.5599999999999998,0.2910311165344722
Male,0.6000000000000001,Not Graduate,Yes,0.05154639175257732,0.04336734693877551,0.8888888888888888,0.40666666666666673,0.0398671096345515,Rejected,0.5428,0.25422005287777105
Male,0.4,Not Graduate,Yes,0.17525773195876287,0.10969387755102042,0.7777777777777777,0.5516666666666667,0.14064230343300113,Approved,0.36839999999999984,0.42668293675005087
Male,0.4,Graduate,No,0.20618556701030927,0.16581632653061223,1.0,0.41000000000000003,0.12292358803986712,Rejected,0.6364000000000001,0.19137685580638605
Male,0.2,Graduate,Yes,0.18556701030927833,0.13520408163265304,0.6666666666666665,0.44833333333333336,0.168327796234773,Approved,0.5199999999999998,0.41407362212731347
Male,0.8,Not Graduate,No,0.7422680412371133,0.4489795918367347,0.2222222222222222,0.14,0.5802879291251385,Rejected,0.3675999999999999,0.44742729306487705
Female,0.4,Not Graduate,Yes,0.21649484536082472,0.22193877551020408,0.2222222222222222,0.4716666666666667,0.16389811738648952,Rejected,0.9651999999999998,0.1909701037217816
Male,1.0,Not Graduate,Yes,0.3917525773195876,0.38775510204081637,0.5555555555555556,0.3616666666666667,0.17497231450719825,Rejected,0.95,0.05999593247915394
Female,0.6000000000000001,Graduate,Yes,0.13402061855670103,0.14030612244897958,0.8888888888888888,0.20000000000000007,0.08637873754152824,Rejected,0.9468000000000001,0.13504169208867198
Male,0.4,Not Graduate,Yes,0.5154639175257731,0.32142857142857145,0.8888888888888888,0.5733333333333335,0.2713178294573644,Approved,0.39239999999999986,0.23998372991661585
Male,0.4,Graduate,No,0.5360824742268041,0.3622448979591837,0.3333333333333333,0.08166666666666667,0.4750830564784054,Rejected,0.474,0.45474883058775684
Female,0.6000000000000001,Graduate,No,0.7731958762886597,0.6377551020408163,0.8888888888888888,0.6033333333333335,0.48062015503875977,Approved,0.7143999999999999,0.19951189749847473
Male,0.0,Not Graduate,Yes,0.17525773195876287,0.15561224489795916,1.0,0.6733333333333333,0.12292358803986712,Approved,0.7471999999999999,0.21293471629042102
Female,0.8,Not Graduate,Yes,0.6391752577319587,0.38775510204081637,0.0,0.040000000000000036,0.5260243632336656,Rejected,0.3688,0.4758999389871873
Female,1.0,Graduate,No,0.05154639175257732,0.03571428571428571,0.8888888888888888,0.7616666666666667,0.0487264673311185,Rejected,0.37159999999999993,0.42180191173479764
Male,0.6000000000000001,Graduate,Yes,0.5773195876288659,0.5790816326530612,0.7777777777777777,0.10166666666666668,0.4595791805094131,Rejected,0.9864000000000002,0.21801911734797644
Female,0.2,Graduate,No,0.16494845360824742,0.13010204081632654,0.1111111111111111,0.19166666666666676,0.14839424141749724,Rejected,0.6000000000000001,0.3672971323978036
Female,1.0,Graduate,Yes,0.422680412371134,0.34438775510204084,0.8888888888888888,0.53,0.292358803986711,Rejected,0.6836,0.24242424242424246
Male,0.8,Graduate,No,0.8041237113402061,0.6836734693877551,0.3333333333333333,0.3733333333333334,0.6799557032115172,Rejected,0.7551999999999999,0.31116534472239166
Female,0.0,Not Graduate,No,0.09278350515463918,0.09693877551020409,0.8888888888888888,0.9783333333333335,0.0575858250276855,Approved,0.8908,0.12527964205816558
Male,0.4,Not Graduate,Yes,0.8865979381443299,0.7857142857142857,0.5555555555555556,0.7150000000000001,0.504983388704319,Approved,0.8135999999999999,0.14826113483831607
Male,0.8,Graduate,No,0.4742268041237114,0.4668367346938776,0.6666666666666665,0.79,0.39202657807308977,Approved,0.95,0.23896684970510476
Male,0.0,Not Graduate,Yes,0.0,0.01020408163265306,1.0,0.7066666666666668,0.01107419712070875,Rejected,0.8,0.25422005287777105
Male,1.0,Graduate,Yes,0.12371134020618556,0.06122448979591837,0.7777777777777777,0.033333333333333326,0.08527131782945736,Rejected,0.17159999999999997,0.4575960951799878
Female,1.0,Graduate,No,0.23711340206185563,0.15561224489795916,0.7777777777777777,0.4833333333333334,0.17718715393134,Rejected,0.42399999999999993,0.36851738865161676
Male,1.0,Graduate,No,0.8144329896907216,0.6377551020408163,0.3333333333333333,0.8266666666666667,0.6356589147286822,Approved,0.6492,0.3121822249339028
Male,0.0,Graduate,Yes,0.6082474226804123,0.48214285714285715,0.2222222222222222,0.9833333333333334,0.48394241417497236,Approved,0.6592,0.31462273744152947
Female,0.0,Not Graduate,Yes,0.18556701030927833,0.10969387755102042,0.7777777777777777,0.585,0.14285714285714288,Approved,0.31999999999999984,0.4354281065690462
Male,0.8,Not Graduate,No,0.4742268041237114,0.24999999999999997,0.5555555555555556,0.5566666666666666,0.34330011074197125,Rejected,0.24160000000000004,0.4797640837909294
Male,0.8,Graduate,Yes,0.07216494845360825,0.06377551020408163,0.0,0.6000000000000001,0.060908084163898125,Rejected,0.6444000000000001,0.27598128940410827
Female,0.8,Not Graduate,No,0.1134020618556701,0.0816326530612245,0.5555555555555556,0.3533333333333334,0.09080841638981174,Rejected,0.4768000000000001,0.34716290420988405
Female,0.8,Not Graduate,Yes,0.4123711340206186,0.22448979591836735,0.0,1.0,0.3145071982281285,Approved,0.2667999999999999,0.4911531421598536
Female,0.4,Graduate,Yes,0.3195876288659794,0.2755102040816327,1.0,0.8716666666666668,0.22480620155038764,Approved,0.7456,0.22676428716697175
Female,0.4,Not Graduate,Yes,0.8762886597938144,0.7168367346938775,0.5555555555555556,0.9666666666666668,0.3676633444075305,Approved,0.7056,0.08806182631685991
Female,0.2,Not Graduate,Yes,0.061855670103092786,0.058673469387755105,0.0,0.2316666666666667,0.026578073089700997,Rejected,0.7,0.06650396583282489
Female,1.0,Graduate,Yes,0.7422680412371133,0.4285714285714286,0.0,0.2350000000000001,0.5238095238095238,Rejected,0.3243999999999999,0.4146837502542201
Female,0.6000000000000001,Not Graduate,No,0.6907216494845361,0.4642857142857143,0.2222222222222222,0.10000000000000009,0.4651162790697675,Rejected,0.47239999999999993,0.3136058572300183
Male,0.2,Graduate,Yes,0.8865979381443299,0.8520408163265306,0.6666666666666665,0.43500000000000005,0.6035437430786269,Approved,0.9319999999999999,0.1787675411836486
Female,0.4,Graduate,Yes,0.8659793814432989,0.8214285714285714,0.1111111111111111,0.7633333333333334,0.5094130675526025,Approved,0.9116,0.13788895668090298
Female,0.4,Graduate,No,0.5360824742268041,0.5178571428571428,0.8888888888888888,0.5350000000000001,0.33333333333333337,Rejected,0.9259999999999999,0.14866788692292052
Female,0.8,Graduate,Yes,0.27835051546391754,0.14285714285714285,0.8888888888888888,0.5350000000000001,0.1650055370985604,Rejected,0.2135999999999999,0.3748220459629855
Male,0.6000000000000001,Graduate,No,0.9896907216494845,0.5280612244897959,0.5555555555555556,0.07000000000000006,0.8361018826135106,Approved,0.2571999999999999,0.582468985153549
Male,0.8,Graduate,No,0.3195876288659794,0.2678571428571429,0.1111111111111111,0.42000000000000004,0.18383167220376526,Rejected,0.7092,0.16758185885702667
Female,0.0,Not Graduate,No,0.010309278350515465,0.005102040816326531,0.8888888888888888,0.1266666666666667,0.01107419712070875,Rejected,0.06679999999999997,0.4169208867195444
Female,0.0,Graduate,No,0.13402061855670103,0.10204081632653061,0.5555555555555556,0.8350000000000002,0.11738648947951275,Approved,0.5468,0.367703884482408
Female,0.6000000000000001,Not Graduate,Yes,0.5360824742268041,0.40816326530612246,0.1111111111111111,0.3533333333333334,0.2624584717607974,Rejected,0.6076000000000001,0.14826113483831607
Male,0.0,Graduate,No,0.6597938144329897,0.38010204081632654,0.8888888888888888,0.32833333333333337,0.35215946843853824,Approved,0.32119999999999993,0.2782184258694326
Male,0.0,Graduate,No,0.5670103092783505,0.43112244897959184,0.3333333333333333,0.14333333333333342,0.31229235880398676,Approved,0.6072,0.18568232662192394
Female,0.6000000000000001,Not Graduate,Yes,0.8556701030927835,0.6581632653061225,0.0,0.6383333333333334,0.513842746400886,Approved,0.6284000000000001,0.21212121212121213
Male,0.0,Graduate,No,0.7422680412371133,0.6071428571428571,0.7777777777777777,0.7983333333333333,0.41085271317829464,Approved,0.7028000000000001,0.16392109009558678
Female,0.6000000000000001,Not Graduate,Yes,0.7835051546391752,0.4438775510204082,0.2222222222222222,0.9600000000000002,0.7342192691029901,Approved,0.3076,0.6137888956680903
Male,0.6000000000000001,Graduate,Yes,0.7216494845360825,0.413265306122449,0.8888888888888888,0.3583333333333334,0.460686600221484,Approved,0.31679999999999986,0.3650599959324792
Male,0.4,Not Graduate,No,0.7628865979381443,0.48469387755102045,0.5555555555555556,0.2716666666666667,0.3554817275747509,Rejected,0.41559999999999997,0.18995322351027052
Female,0.8,Not Graduate,Yes,0.7010309278350515,0.673469387755102,0.1111111111111111,0.31000000000000005,0.522702104097453,Rejected,0.9256,0.21008745169818996
Female,0.0,Not Graduate,No,0.5670103092783505,0.3239795918367347,0.2222222222222222,0.046666666666666745,0.48504983388704326,Rejected,0.3124,0.5389465121008745
Female,0.4,Not Graduate,No,0.8247422680412371,0.7729591836734694,0.4444444444444445,0.07166666666666666,0.49612403100775204,Rejected,0.8928,0.14785438275371163
Female,0.0,Graduate,Yes,0.9072164948453608,0.7015306122448979,0.3333333333333333,0.6866666666666668,0.41417497231450723,Approved,0.6355999999999999,0.1240593858043523
Male,0.6000000000000001,Not Graduate,No,0.3814432989690722,0.29591836734693877,0.2222222222222222,0.5116666666666667,0.25470653377630126,Rejected,0.6204000000000001,0.24730526743949563
Male,0.0,Graduate,No,0.6494845360824741,0.4056122448979592,0.1111111111111111,0.8533333333333335,0.5968992248062016,Approved,0.39679999999999993,0.5291844620703681
Male,0.8,Not Graduate,Yes,0.21649484536082472,0.18877551020408162,0.7777777777777777,0.4816666666666667,0.20598006644518274,Rejected,0.7391999999999999,0.34940004067520847
Female,0.2,Not Graduate,No,0.5670103092783505,0.548469387755102,0.8888888888888888,0.595,0.46400885935769665,Approved,0.9300000000000002,0.24201749033963801
Male,0.8,Not Graduate,No,0.061855670103092786,0.06377551020408163,0.5555555555555556,0.255,0.054263565891472874,Rejected,0.8,0.2324588163514338
Female,0.8,Not Graduate,Yes,0.845360824742268,0.49489795918367346,0.6666666666666665,0.9816666666666667,0.6854928017718717,Approved,0.3380000000000001,0.49054301403294687
Male,0.2,Graduate,Yes,0.422680412371134,0.43112244897959184,0.1111111111111111,0.44000000000000006,0.3355481727574751,Approved,1.0,0.2104942037827944
Female,0.2,Not Graduate,Yes,0.010309278350515465,0.015306122448979593,1.0,0.19833333333333336,0.014396456256921373,Rejected,0.6000000000000001,0.23164531218222498
Female,0.2,Graduate,No,0.8762886597938144,0.8596938775510203,0.7777777777777777,0.605,0.460686600221484,Approved,0.9632000000000001,0.0986373805165752
Male,0.2,Not Graduate,No,0.4329896907216495,0.3010204081632653,0.1111111111111111,0.9733333333333334,0.4086378737541529,Approved,0.5,0.4744763066910719
Female,0.2,Graduate,Yes,0.556701030927835,0.42091836734693877,0.7777777777777777,0.38,0.3300110741971207,Approved,0.6000000000000001,0.2131380923327232
Female,0.4,Graduate,No,0.04123711340206186,0.025510204081632654,0.5555555555555556,0.29166666666666674,0.04097452934662237,Rejected,0.2667999999999999,0.4889160056945292
Male,0.8,Not Graduate,Yes,0.23711340206185563,0.12244897959183675,1.0,0.6583333333333334,0.16611295681063126,Rejected,0.21599999999999997,0.4616636160260321
Female,1.0,Not Graduate,No,0.3711340206185567,0.2602040816326531,0.4444444444444445,0.7650000000000001,0.23809523809523814,Rejected,0.5051999999999999,0.2717103925157617
Female,0.4,Not Graduate,No,0.23711340206185563,0.23724489795918366,0.1111111111111111,0.56,0.11960132890365449,Rejected,0.9359999999999999,0.08480780964002443
Female,0.6000000000000001,Not Graduate,Yes,0.5463917525773195,0.5127551020408163,0.4444444444444445,0.41000000000000003,0.3975636766334441,Rejected,0.8835999999999999,0.20927394752898107
Male,1.0,Graduate,Yes,0.443298969072165,0.4285714285714286,0.0,0.5650000000000002,0.40088593576965675,Rejected,0.9199999999999999,0.2826926988000814
Male,0.8,Not Graduate,No,0.17525773195876287,0.09438775510204082,0.4444444444444445,0.14666666666666672,0.08859357696567,Rejected,0.242,0.27455765710799274
Female,1.0,Graduate,Yes,0.6391752577319587,0.5025510204081632,0.5555555555555556,0.4900000000000001,0.26356589147286824,Rejected,0.6499999999999999,0.09355297945901975
Male,0.2,Not Graduate,Yes,0.3711340206185567,0.2755102040816327,0.2222222222222222,0.7666666666666668,0.19822812846068663,Approved,0.5683999999999998,0.18283506202969294
Female,0.8,Not Graduate,Yes,0.6288659793814433,0.42346938775510207,0.7777777777777777,0.4700000000000001,0.5415282392026579,Approved,0.47319999999999984,0.4407158836689038
Female,0.6000000000000001,Not Graduate,No,0.010309278350515465,0.007653061224489796,0.2222222222222222,0.9933333333333334,0.014396456256921373,Rejected,0.19999999999999996,0.42363229611551767
Female,1.0,Not Graduate,Yes,0.7113402061855669,0.548469387755102,0.8888888888888888,0.9850000000000001,0.33444075304540427,Approved,0.6279999999999999,0.1330079316656498
Female,0.4,Not Graduate,Yes,0.04123711340206186,0.03571428571428571,0.0,0.32500000000000007,0.035437430786268,Rejected,0.5332000000000001,0.2782184258694326
Female,0.6000000000000001,Graduate,Yes,0.4329896907216495,0.38265306122448983,0.7777777777777777,0.9416666666666667,0.3056478405315615,Approved,0.7908,0.21964612568639416
Male,0.8,Not Graduate,No,0.7628865979381443,0.5229591836734694,0.5555555555555556,0.7916666666666667,0.4507198228128461,Rejected,0.4947999999999999,0.2493390278625178
Female,1.0,Graduate,Yes,0.8762886597938144,0.6658163265306122,0.4444444444444445,0.030000000000000027,0.5171650055370987,Rejected,0.6135999999999999,0.2102908277404922
Male,0.6000000000000001,Graduate,Yes,0.556701030927835,0.3163265306122449,0.5555555555555556,0.15833333333333333,0.5038759689922481,Approved,0.3071999999999999,0.582468985153549
Male,0.8,Not Graduate,No,0.4020618556701031,0.326530612244898,0.6666666666666665,0.7866666666666668,0.3244739756367664,Rejected,0.6779999999999999,0.30852145617246285
Female,0.4,Not Graduate,Yes,0.7938144329896907,0.4030612244897959,0.8888888888888888,0.030000000000000027,0.6533776301218163,Approved,0.21519999999999984,0.5977221883262152
Female,0.6000000000000001,Not Graduate,Yes,0.556701030927835,0.5255102040816326,0.6666666666666665,0.5816666666666668,0.3931339977851606,Rejected,0.8928,0.19686800894854586
Male,0.6000000000000001,Not Graduate,No,0.10309278350515465,0.07142857142857144,0.4444444444444445,0.2300000000000001,0.09080841638981174,Rejected,0.43320000000000003,0.4116331096196868
Male,1.0,Graduate,No,0.6907216494845361,0.49489795918367346,0.2222222222222222,0.4800000000000001,0.45736434108527135,Rejected,0.542,0.27801504982713043
Male,1.0,Not Graduate,No,0.2577319587628866,0.13520408163265304,0.0,0.8583333333333334,0.1373200442967885,Rejected,0.22959999999999992,0.31238560097620505
Female,0.8,Graduate,Yes,0.9896907216494845,0.5561224489795918,0.1111111111111111,0.10666666666666669,0.6788482834994464,Approved,0.30199999999999994,0.41529387838112664
Male,0.4,Not Graduate,No,0.9381443298969072,0.8163265306122449,0.1111111111111111,0.4766666666666667,0.7497231450719823,Approved,0.7891999999999999,0.2761846654464104
Female,0.8,Not Graduate,No,0.6701030927835051,0.6377551020408163,0.5555555555555556,0.42500000000000004,0.5370985603543744,Rejected,0.9103999999999999,0.24059385804352248
Female,0.8,Graduate,No,0.1134020618556701,0.10969387755102042,0.4444444444444445,0.020000000000000018,0.06533776301218162,Rejected,0.8151999999999999,0.12609314622737447
Female,0.4,Graduate,Yes,0.7938144329896907,0.4285714285714286,0.7777777777777777,0.5083333333333333,0.7220376522702104,Approved,0.266,0.627618466544641
Male,1.0,Not Graduate,No,0.6701030927835051,0.5841836734693877,0.8888888888888888,0.6200000000000001,0.3776301218161684,Rejected,0.7852000000000001,0.1498881431767338
Female,0.4,Not Graduate,Yes,0.1958762886597938,0.10714285714285715,0.8888888888888888,0.4850000000000001,0.10631229235880399,Rejected,0.2571999999999999,0.29936953426886315
Female,0.8,Graduate,Yes,0.4639175257731959,0.2729591836734694,0.1111111111111111,0.03500000000000003,0.29125138427464015,Rejected,0.33599999999999985,0.34106162294081765
Female,0.4,Graduate,No,0.36082474226804123,0.33418367346938777,0.7777777777777777,0.15500000000000003,0.26910299003322263,Rejected,0.8488,0.22229001423632297
Female,0.0,Graduate,Yes,0.5773195876288659,0.548469387755102,0.0,0.43500000000000005,0.336655592469546,Approved,0.9036,0.13483831604636978
Female,1.0,Graduate,Yes,0.2268041237113402,0.1683673469387755,1.0,0.7083333333333335,0.14285714285714288,Rejected,0.55,0.2395769778320114
Male,0.2,Not Graduate,Yes,0.8144329896907216,0.6964285714285714,0.7777777777777777,0.2300000000000001,0.5681063122923589,Approved,0.7627999999999999,0.22839129550538947
Female,1.0,Graduate,Yes,0.5360824742268041,0.5382653061224489,0.5555555555555556,0.16500000000000004,0.3599114064230344,Rejected,0.9852000000000001,0.16005694529184464
Female,0.0,Graduate,No,0.12371134020618556,0.13010204081632654,0.3333333333333333,0.4866666666666667,0.1018826135105205,Approved,0.9428000000000001,0.20907057148667887
Male,0.4,Not Graduate,No,0.23711340206185563,0.211734693877551,0.3333333333333333,0.8916666666666668,0.16722037652270214,Rejected,0.776,0.2139515965019321
Female,0.0,Not Graduate,Yes,0.14432989690721648,0.12755102040816327,0.1111111111111111,0.7216666666666667,0.09634551495016612,Approved,0.7247999999999999,0.19666463290624367
Male,0.0,Not Graduate,No,0.36082474226804123,0.26275510204081637,1.0,0.30666666666666675,0.2668881506090809,Rejected,0.546,0.3174700020337604
Female,1.0,Not Graduate,Yes,0.03092783505154639,0.03826530612244898,1.0,0.5250000000000001,0.02436323366555925,Rejected,0.8400000000000001,0.14114297335773848
Male,0.6000000000000001,Not Graduate,Yes,0.5257731958762886,0.489795918367347,0.1111111111111111,0.4850000000000001,0.5005537098560355,Rejected,0.8715999999999999,0.3229611551759203
Male,0.0,Graduate,Yes,0.26804123711340205,0.16581632653061223,0.5555555555555556,0.08166666666666667,0.20155038759689925,Approved,0.37159999999999993,0.4037014439699004
Female,0.2,Graduate,Yes,0.9690721649484536,0.7551020408163265,0.8888888888888888,0.29666666666666675,0.8959025470653379,Approved,0.6460000000000001,0.4004474272930648
Female,0.8,Graduate,No,0.20618556701030927,0.1913265306122449,1.0,0.5550000000000002,0.15282392026578076,Rejected,0.8180000000000001,0.2178157413056742
Female,0.2,Not Graduate,Yes,0.845360824742268,0.7806122448979591,0.3333333333333333,0.13,0.6223698781838317,Approved,0.8715999999999999,0.2200528777709986
Male,0.2,Not Graduate,No,0.1958762886597938,0.12755102040816327,1.0,0.2683333333333334,0.16279069767441862,Rejected,0.40959999999999996,0.4268863127923531
Male,0.4,Not Graduate,Yes,0.26804123711340205,0.17091836734693877,0.0,0.8900000000000001,0.1373200442967885,Approved,0.3999999999999999,0.21944274964409197
Male,0.0,Not Graduate,No,0.23711340206185563,0.14030612244897958,1.0,0.6183333333333334,0.18826135105204875,Rejected,0.32799999999999985,0.4575960951799878
Female,0.6000000000000001,Graduate,Yes,0.15463917525773194,0.14030612244897958,0.4444444444444445,0.3733333333333334,0.1550387596899225,Rejected,0.7647999999999999,0.3524506813097418
Male,0.6000000000000001,Graduate,No,0.6082474226804123,0.520408163265306,0.1111111111111111,0.8600000000000001,0.5537098560354375,Approved,0.7571999999999999,0.3426886312792353
Male,0.6000000000000001,Graduate,No,0.4020618556701031,0.2908163265306123,0.4444444444444445,0.7150000000000001,0.33444075304540427,Approved,0.5416000000000001,0.37929631889363435
Female,1.0,Not Graduate,Yes,0.443298969072165,0.3163265306122449,0.3333333333333333,0.011666666666666714,0.3289036544850499,Rejected,0.5287999999999999,0.3294691885295913
Male,0.4,Graduate,Yes,0.556701030927835,0.4795918367346939,0.3333333333333333,0.08333333333333337,0.24252491694352163,Rejected,0.7644,0.08501118568232663
Male,0.6000000000000001,Not Graduate,Yes,0.5773195876288659,0.4158163265306123,0.4444444444444445,0.2400000000000001,0.46843853820598014,Rejected,0.5448,0.37055114907463904
Female,0.8,Not Graduate,No,0.8659793814432989,0.673469387755102,0.4444444444444445,0.9916666666666667,0.4440753045404209,Approved,0.6419999999999999,0.1559894244458003
Male,0.4,Graduate,No,0.27835051546391754,0.2602040816326531,1.0,0.6800000000000002,0.1816168327796235,Approved,0.8484,0.17286963595688434
Female,0.4,Not Graduate,Yes,0.8350515463917525,0.4413265306122449,0.0,0.09166666666666667,0.40420819490586934,Rejected,0.248,0.2739475289810861
Female,1.0,Not Graduate,No,0.2268041237113402,0.12244897959183675,0.2222222222222222,0.76,0.1107419712070875,Rejected,0.25,0.2621517185275575
Female,0.8,Graduate,No,0.556701030927835,0.29846938775510207,0.1111111111111111,0.6983333333333335,0.2879291251384275,Approved,0.2571999999999999,0.2948952613382144
Female,0.2,Graduate,Yes,0.9587628865979381,0.8954081632653061,0.6666666666666665,0.2316666666666667,0.3864894795127354,Approved,0.8904000000000001,0.05023388244864757
Female,0.8,Not Graduate,Yes,0.4845360824742268,0.3979591836734694,0.4444444444444445,0.6133333333333335,0.4031007751937985,Rejected,0.698,0.31808013016066716
Male,0.8,Not Graduate,Yes,0.5876288659793814,0.413265306122449,0.0,0.7750000000000001,0.5038759689922481,Approved,0.5187999999999999,0.4132601179581046
Male,1.0,Graduate,Yes,0.03092783505154639,0.030612244897959183,0.1111111111111111,0.29333333333333333,0.019933554817275746,Rejected,0.6000000000000001,0.14582062233068946
Female,0.6000000000000001,Graduate,No,0.7010309278350515,0.5459183673469388,0.6666666666666665,0.8016666666666667,0.469545957918051,Approved,0.6400000000000001,0.24852552369330896
Female,0.2,Not Graduate,No,0.3402061855670103,0.3163265306122449,0.1111111111111111,0.08333333333333337,0.29125138427464015,Rejected,0.8515999999999999,0.2749644091925971
Male,0.0,Graduate,No,0.5154639175257731,0.3035714285714286,0.7777777777777777,0.8050000000000002,0.2558139534883721,Approved,0.33840000000000003,0.23917022574740696
Female,0.6000000000000001,Graduate,Yes,0.6288659793814433,0.5,0.5555555555555556,0.7833333333333334,0.24916943521594687,Approved,0.6636,0.08155379296318896
Female,0.4,Not Graduate,No,0.845360824742268,0.7142857142857143,0.4444444444444445,0.8700000000000001,0.6068660022148394,Approved,0.7476,0.24425462680496243
Female,0.2,Not Graduate,Yes,0.7525773195876289,0.5663265306122449,0.6666666666666665,0.28166666666666673,0.46733111849390924,Approved,0.6000000000000001,0.2324588163514338
Male,0.4,Graduate,No,0.3195876288659794,0.3239795918367347,0.7777777777777777,0.0,0.23809523809523814,Rejected,0.9756,0.19015659955257272
Male,0.4,Not Graduate,No,0.8865979381443299,0.5637755102040816,0.6666666666666665,0.6533333333333333,0.6190476190476191,Approved,0.4179999999999999,0.35855196257880817
Female,1.0,Graduate,No,0.0,0.01020408163265306,0.8888888888888888,0.6783333333333335,0.0033222591362126247,Rejected,0.8,0.05084401057555421
Female,1.0,Not Graduate,Yes,0.8041237113402061,0.7346938775510203,0.1111111111111111,0.5966666666666667,0.5780730897009967,Rejected,0.8552,0.21517185275574538
Male,0.6000000000000001,Graduate,No,0.08247422680412371,0.09438775510204082,0.2222222222222222,0.5416666666666667,0.04097452934662237,Rejected,1.0,0.055928411633109604
Male,0.2,Graduate,No,0.9484536082474226,0.673469387755102,0.4444444444444445,0.07166666666666666,0.5703211517165007,Approved,0.5359999999999998,0.24283099450884685
Female,1.0,Graduate,No,0.1958762886597938,0.17857142857142858,0.8888888888888888,0.09666666666666668,0.17607973421926912,Rejected,0.7904,0.30160667073418757
Female,0.8,Graduate,Yes,0.5360824742268041,0.28571428571428575,1.0,0.675,0.416389811738649,Approved,0.2519999999999999,0.5194224120398617
Male,0.4,Graduate,Yes,0.4639175257731959,0.3775510204081633,0.3333333333333333,0.8316666666666668,0.301218161683278,Approved,0.6852,0.21923937360178977
Male,0.6000000000000001,Graduate,No,0.8865979381443299,0.8520408163265306,0.5555555555555556,0.16166666666666674,0.7076411960132891,Rejected,0.9319999999999999,0.23550945698596706
Male,1.0,Graduate,No,0.30927835051546393,0.3035714285714286,0.2222222222222222,0.32166666666666677,0.24695459579180512,Rejected,0.9247999999999998,0.22595078299776286
Female,0.0,Graduate,Yes,0.7216494845360825,0.5510204081632653,0.1111111111111111,0.2433333333333334,0.6677740863787376,Approved,0.6168,0.4112263575350823
Male,0.4,Not Graduate,Yes,0.23711340206185563,0.1760204081632653,0.7777777777777777,0.025000000000000022,0.17829457364341086,Rejected,0.5519999999999998,0.3136058572300183
Female,1.0,Not Graduate,Yes,0.6907216494845361,0.3928571428571429,0.6666666666666665,0.9783333333333335,0.5359911406423035,Approved,0.30999999999999994,0.47956070774862725
Male,1.0,Graduate,Yes,0.5670103092783505,0.5153061224489796,0.7777777777777777,0.21500000000000008,0.33887043189368776,Rejected,0.8384,0.15497254423428922
Male,0.8,Graduate,Yes,0.5463917525773195,0.3775510204081633,0.8888888888888888,0.6216666666666668,0.434108527131783,Approved,0.498,0.38092332723205213
Male,0.8,Not Graduate,Yes,0.9278350515463917,0.7346938775510203,0.4444444444444445,0.7183333333333335,0.699889258028793,Approved,0.6652,0.29204799674598336
Male,1.0,Graduate,Yes,0.5670103092783505,0.28571428571428575,0.0,0.72,0.44296788482835,Approved,0.20719999999999983,0.561928004881025
Female,1.0,Graduate,Yes,0.49484536082474223,0.41071428571428575,0.6666666666666665,0.3750000000000001,0.4462901439645626,Rejected,0.712,0.3522473052674395
Female,0.8,Not Graduate,No,0.21649484536082472,0.13265306122448978,0.2222222222222222,0.07166666666666666,0.1284606866002215,Rejected,0.35639999999999994,0.2912344925767745
Male,0.0,Not Graduate,Yes,0.288659793814433,0.2729591836734694,0.7777777777777777,0.05166666666666675,0.23366555924695462,Rejected,0.8668,0.24506813097417127
Female,0.0,Not Graduate,No,0.7938144329896907,0.6607142857142857,0.8888888888888888,0.9083333333333334,0.6888150609080842,Approved,0.7263999999999999,0.33333333333333337
Male,0.4,Graduate,No,0.18556701030927833,0.15051020408163265,0.7777777777777777,0.6600000000000001,0.12181616832779625,Rejected,0.6400000000000001,0.22147651006711414
Male,1.0,Not Graduate,No,0.2577319587628866,0.21428571428571427,0.6666666666666665,0.7866666666666668,0.17607973421926912,Rejected,0.6888000000000001,0.22859467154769172
Male,0.6000000000000001,Graduate,Yes,0.6391752577319587,0.39540816326530615,0.8888888888888888,0.5466666666666666,0.4352159468438539,Approved,0.38759999999999994,0.35855196257880817
Male,0.0,Not Graduate,Yes,0.8247422680412371,0.4795918367346939,0.0,0.7733333333333334,0.6190476190476191,Approved,0.3316,0.44702054098027255
Female,0.2,Graduate,No,0.26804123711340205,0.1683673469387755,0.6666666666666665,0.42166666666666675,0.17607973421926912,Rejected,0.38559999999999994,0.3278421801911735
Male,0.2,Not Graduate,No,0.8969072164948453,0.5025510204081632,0.0,0.5883333333333334,0.44961240310077527,Approved,0.29879999999999995,0.2643888549928818
Male,0.2,Not Graduate,No,0.5051546391752577,0.5025510204081632,0.1111111111111111,0.3433333333333334,0.48062015503875977,Rejected,0.9688000000000001,0.29286150091519225
Female,0.6000000000000001,Graduate,No,0.26804123711340205,0.20918367346938774,1.0,0.21833333333333338,0.19379844961240314,Rejected,0.6144000000000001,0.275777913361806
Male,0.4,Not Graduate,Yes,0.6082474226804123,0.30612244897959184,0.8888888888888888,0.6616666666666668,0.43078626799557035,Approved,0.20639999999999992,0.49725442342892
Male,0.4,Not Graduate,No,0.845360824742268,0.6173469387755102,0.2222222222222222,0.4800000000000001,0.5005537098560355,Approved,0.5668,0.22595078299776286
Male,0.2,Not Graduate,No,0.14432989690721648,0.13520408163265304,0.2222222222222222,0.9100000000000001,0.09745293466223699,Rejected,0.8,0.1816148057758796
Female,1.0,Graduate,No,0.4020618556701031,0.2729591836734694,0.6666666666666665,0.1316666666666667,0.23698781838316726,Rejected,0.47319999999999984,0.2505592841163311
Male,0.2,Not Graduate,No,0.010309278350515465,0.01020408163265306,0.4444444444444445,0.7416666666666667,0.006644518272425249,Rejected,0.33320000000000005,0.13809233272320523
Female,0.6000000000000001,Graduate,No,0.9690721649484536,0.8724489795918366,1.0,0.3716666666666667,0.6411960132890366,Approved,0.8375999999999999,0.1911734797640838
Male,0.8,Graduate,Yes,0.8350515463917525,0.6403061224489796,0.1111111111111111,0.54,0.6279069767441862,Approved,0.6240000000000001,0.3046573113687209
Male,0.2,Graduate,No,0.4536082474226804,0.41836734693877553,0.7777777777777777,0.17833333333333334,0.345514950166113,Rejected,0.8519999999999999,0.23225544030913162
Female,0.6000000000000001,Not Graduate,Yes,0.556701030927835,0.288265306122449,0.5555555555555556,0.76,0.34219269102990035,Approved,0.22840000000000005,0.39617653040471834
Male,0.6000000000000001,Graduate,Yes,0.4020618556701031,0.20408163265306123,0.7777777777777777,0.08500000000000008,0.21040974529346626,Rejected,0.2096,0.32275777913361814
Male,0.6000000000000001,Not Graduate,No,0.36082474226804123,0.33418367346938777,0.8888888888888888,0.1216666666666667,0.20155038759689925,Rejected,0.8488,0.1297539149888143
Female,0.8,Not Graduate,Yes,0.061855670103092786,0.05357142857142857,0.0,0.2683333333333334,0.053156146179402,Rejected,0.6000000000000001,0.28818385194224116
Female,0.8,Graduate,No,0.8144329896907216,0.7091836734693877,0.5555555555555556,0.6200000000000001,0.4551495016611296,Approved,0.7875999999999999,0.14785438275371163
Female,0.4,Graduate,Yes,0.2577319587628866,0.2346938775510204,0.4444444444444445,0.22333333333333338,0.1517165005537099,Rejected,0.8076000000000001,0.14927801504982716
Female,0.4,Not Graduate,Yes,0.7010309278350515,0.5382653061224489,0.5555555555555556,0.4016666666666667,0.3765227021040975,Approved,0.6228,0.17429326825299982
Female,0.6000000000000001,Not Graduate,Yes,0.8144329896907216,0.7397959183673469,0.0,0.18833333333333335,0.6057585825027686,Rejected,0.8468,0.2300183038438072
Male,0.2,Graduate,No,0.30927835051546393,0.18622448979591835,0.1111111111111111,0.4866666666666667,0.186046511627907,Rejected,0.35,0.30770795200325407
Female,0.8,Not Graduate,Yes,0.020618556701030927,0.028061224489795915,0.4444444444444445,0.6083333333333334,0.021040974529346626,Rejected,0.8,0.1816148057758796
Male,0.2,Graduate,No,0.7835051546391752,0.6020408163265306,0.1111111111111111,0.021666666666666723,0.5692137320044297,Rejected,0.6255999999999999,0.28818385194224116
Male,0.0,Not Graduate,No,0.5773195876288659,0.4923469387755102,0.6666666666666665,0.6216666666666668,0.4916943521594685,Approved,0.7516,0.31238560097620505
Male,0.0,Not Graduate,Yes,0.24742268041237112,0.14540816326530612,0.3333333333333333,0.13666666666666671,0.14728682170542637,Rejected,0.32319999999999993,0.3117754728492984
Female,1.0,Not Graduate,No,0.5360824742268041,0.5306122448979591,0.5555555555555556,0.6016666666666668,0.5681063122923589,Rejected,0.9628000000000001,0.34573927191376863
Female,0.6000000000000001,Graduate,Yes,0.04123711340206186,0.03571428571428571,0.1111111111111111,0.4600000000000001,0.029900332225913623,Rejected,0.5332000000000001,0.21842586943258088
Male,0.2,Graduate,No,0.04123711340206186,0.022959183673469385,0.6666666666666665,0.2383333333333334,0.04761904761904762,Rejected,0.19999999999999996,0.6440919259711206
Female,1.0,Graduate,Yes,0.9587628865979381,0.5459183673469388,0.7777777777777777,0.011666666666666714,0.753045404208195,Approved,0.3135999999999999,0.4885092536099248
Female,0.8,Graduate,Yes,0.17525773195876287,0.11479591836734694,0.5555555555555556,0.5933333333333335,0.10852713178294573,Rejected,0.4103999999999999,0.2796420581655481
Female,0.2,Graduate,Yes,0.9896907216494845,0.5331632653061225,0.1111111111111111,0.9750000000000001,0.9091915836101884,Approved,0.2651999999999999,0.6390075249135652
Female,0.6000000000000001,Graduate,No,0.7835051546391752,0.4158163265306123,1.0,0.9933333333333334,0.6511627906976745,Approved,0.2512,0.5727069351230425
Male,1.0,Not Graduate,No,0.4845360824742268,0.3520408163265306,0.0,0.8366666666666667,0.3233665559246955,Rejected,0.5511999999999999,0.2743542810656905
Male,0.6000000000000001,Graduate,Yes,0.8350515463917525,0.5714285714285714,0.0,0.5833333333333335,0.4761904761904762,Approved,0.494,0.23632296115517595
Female,0.8,Not Graduate,Yes,0.3814432989690722,0.2193877551020408,0.4444444444444445,0.6083333333333334,0.3034330011074198,Rejected,0.31279999999999997,0.4828147244254627
Male,0.4,Graduate,No,0.9072164948453608,0.9030612244897959,0.5555555555555556,0.06500000000000006,0.5725359911406424,Approved,0.9868000000000001,0.14419361399227174
Female,0.2,Not Graduate,No,0.9690721649484536,0.8188775510204082,1.0,0.245,0.6411960132890366,Approved,0.75,0.2133414683750254
Female,1.0,Not Graduate,Yes,0.08247422680412371,0.05357142857142857,0.8888888888888888,0.5216666666666667,0.06312292358803986,Rejected,0.3599999999999999,0.3644498678055724
Male,1.0,Graduate,No,0.26804123711340205,0.1760204081632653,0.7777777777777777,0.20666666666666667,0.16389811738648952,Rejected,0.4284000000000001,0.27679479357331715
Male,0.4,Not Graduate,No,0.8350515463917525,0.5229591836734694,0.2222222222222222,0.6116666666666668,0.611295681063123,Approved,0.40239999999999987,0.391092129347163
Male,0.8,Not Graduate,Yes,0.6907216494845361,0.45918367346938777,0.8888888888888888,0.6916666666666667,0.34219269102990035,Approved,0.4608000000000001,0.19524100061012814
Female,1.0,Not Graduate,Yes,0.3711340206185567,0.22448979591836735,0.8888888888888888,0.5900000000000001,0.28571428571428575,Rejected,0.358,0.4329875940614196
Male,0.4,Not Graduate,No,0.8041237113402061,0.44642857142857145,1.0,0.41500000000000004,0.5526024363233666,Approved,0.29000000000000004,0.42220866381940214
Female,0.8,Graduate,Yes,0.9896907216494845,0.75,0.1111111111111111,0.1216666666666667,0.70874861572536,Approved,0.6124,0.2883872279845435
Male,0.0,Graduate,Yes,0.27835051546391754,0.1760204081632653,0.7777777777777777,0.053333333333333344,0.2225913621262459,Rejected,0.3932,0.4264795607077486
Male,0.8,Graduate,No,0.7938144329896907,0.7959183673469388,1.0,0.39,0.5370985603543744,Rejected,0.9948000000000001,0.1631075859263779
Female,0.6000000000000001,Not Graduate,No,0.4536082474226804,0.4489795918367347,0.3333333333333333,0.16000000000000003,0.3233665559246955,Rejected,0.9563999999999999,0.18385194224120396
Female,0.4,Graduate,No,0.08247422680412371,0.08673469387755102,0.8888888888888888,0.9866666666666668,0.06755260243632337,Rejected,0.8800000000000001,0.20479967459833234
Female,1.0,Graduate,No,0.9072164948453608,0.5357142857142857,0.6666666666666665,0.5033333333333334,0.6323366555924697,Approved,0.3468,0.39658328248932284
Female,0.0,Graduate,Yes,0.9484536082474226,0.9132653061224489,0.4444444444444445,0.5250000000000001,0.6766334440753046,Approved,0.9359999999999999,0.19402074435631486
Female,1.0,Graduate,Yes,0.7422680412371133,0.586734693877551,1.0,0.30333333333333334,0.6068660022148394,Rejected,0.6596,0.32926581248728903
Female,0.0,Graduate,No,0.6597938144329897,0.5051020408163265,0.7777777777777777,0.16166666666666674,0.5692137320044297,Approved,0.6179999999999999,0.37156802928615007
Female,0.0,Not Graduate,No,0.1134020618556701,0.07908163265306123,0.4444444444444445,0.27333333333333343,0.06533776301218162,Rejected,0.44599999999999995,0.22432377465934514
Female,0.0,Graduate,Yes,0.09278350515463918,0.07908163265306123,0.6666666666666665,0.8866666666666667,0.09966777408637874,Approved,0.6364000000000001,0.4098027252389669
Male,1.0,Graduate,No,0.9278350515463917,0.8801020408163265,0.5555555555555556,0.8366666666666667,0.7187153931339979,Approved,0.9132,0.2290014236322961
Female,0.4,Graduate,No,0.7010309278350515,0.6020408163265306,0.8888888888888888,0.5466666666666666,0.575858250276855,Approved,0.7656000000000001,0.29326825299979664
Female,0.8,Graduate,No,0.5051546391752577,0.4719387755102041,0.4444444444444445,0.6566666666666667,0.3200442967884829,Rejected,0.8744000000000001,0.16453121822249342
Male,0.2,Not Graduate,Yes,0.30927835051546393,0.22959183673469388,1.0,0.7350000000000001,0.17829457364341086,Approved,0.5624,0.20825706731747004
Female,0.2,Not Graduate,Yes,0.36082474226804123,0.27040816326530615,0.6666666666666665,0.7466666666666668,0.25913621262458475,Approved,0.5784,0.2914378686190766
Male,1.0,Graduate,No,0.3505154639175258,0.31887755102040816,0.1111111111111111,0.033333333333333326,0.22702104097452938,Rejected,0.8224,0.17958104535285743
Male,0.2,Graduate,No,0.556701030927835,0.2908163265306123,0.4444444444444445,0.79,0.3820598006644519,Approved,0.23559999999999992,0.4541387024608502
Female,0.0,Not Graduate,Yes,0.9587628865979381,0.8086734693877551,0.0,0.33333333333333337,0.5282392026578073,Approved,0.7471999999999999,0.15314215985356924
Male,0.8,Not Graduate,No,0.13402061855670103,0.09438775510204082,0.8888888888888888,0.6766666666666667,0.09302325581395349,Rejected,0.4667999999999999,0.2948952613382144
Female,0.8,Not Graduate,No,0.7422680412371133,0.45918367346938777,0.4444444444444445,0.5016666666666667,0.7032115171650056,Approved,0.3891999999999999,0.5576571079926785
Male,0.4,Graduate,No,0.5979381443298969,0.4362244897959184,0.7777777777777777,0.8433333333333335,0.301218161683278,Approved,0.5599999999999998,0.17002237136465329
Male,0.0,Graduate,Yes,0.288659793814433,0.23724489795918366,0.2222222222222222,0.5733333333333335,0.19601328903654489,Approved,0.6800000000000002,0.2308318080130161
Male,0.8,Graduate,Yes,0.5979381443298969,0.32142857142857145,0.6666666666666665,0.7050000000000001,0.2170542635658915,Approved,0.2599999999999999,0.16270083384177345
Female,1.0,Graduate,Yes,0.04123711340206186,0.030612244897959183,0.5555555555555556,0.3483333333333334,0.044296788482835,Rejected,0.3999999999999999,0.44396990034573924
Female,0.0,Graduate,No,0.16494845360824742,0.1607142857142857,0.1111111111111111,0.9966666666666668,0.08970099667774087,Approved,0.8668,0.10941631075859268
Male,0.4,Graduate,Yes,0.5463917525773195,0.29846938775510207,0.0,0.44500000000000006,0.3322259136212625,Approved,0.27279999999999993,0.3626194834248525
Male,0.2,Graduate,No,0.08247422680412371,0.04591836734693877,0.2222222222222222,0.6916666666666667,0.06755260243632337,Rejected,0.24,0.47691681919869844
Female,0.4,Not Graduate,Yes,0.15463917525773194,0.0816326530612245,0.4444444444444445,0.9233333333333333,0.13399778516057587,Approved,0.22360000000000002,0.5737238153345536
Female,0.2,Graduate,Yes,0.32989690721649484,0.30612244897959184,0.3333333333333333,0.3716666666666667,0.23588039867109636,Rejected,0.8472,0.20622330689444787
Male,0.2,Graduate,Yes,0.9690721649484536,0.9081632653061225,0.3333333333333333,0.39,0.8759689922480621,Approved,0.8960000000000001,0.29774252593044537
Male,0.0,Not Graduate,Yes,0.24742268041237112,0.18622448979591835,0.8888888888888888,0.28333333333333344,0.10409745293466224,Rejected,0.5691999999999999,0.10961968680089487
Female,0.2,Graduate,No,0.14432989690721648,0.0816326530612245,0.8888888888888888,0.5316666666666667,0.11849390919158362,Rejected,0.2752,0.4923733984136669
Female,0.0,Graduate,Yes,0.422680412371134,0.31887755102040816,1.0,0.45333333333333337,0.3045404208194906,Approved,0.5908,0.2908277404921701
Female,0.6000000000000001,Graduate,No,0.12371134020618556,0.0816326530612245,0.7777777777777777,0.10833333333333339,0.09856035437430787,Rejected,0.3999999999999999,0.3878381126703274
Female,0.0,Not Graduate,No,0.8041237113402061,0.451530612244898,0.7777777777777777,0.8183333333333334,0.6400885935769658,Approved,0.29999999999999993,0.5049827130364043
Female,0.8,Not Graduate,Yes,0.49484536082474223,0.45408163265306123,0.5555555555555556,0.20666666666666667,0.3034330011074198,Rejected,0.8480000000000001,0.15985356924954244
Male,1.0,Graduate,No,0.443298969072165,0.2525510204081633,0.5555555555555556,0.7100000000000002,0.363233665559247,Rejected,0.30679999999999996,0.509456985967053
Female,0.2,Graduate,No,0.32989690721649484,0.24489795918367344,0.0,0.7266666666666668,0.25913621262458475,Approved,0.5648,0.33638397396786657
Male,1.0,Graduate,Yes,0.5670103092783505,0.31887755102040816,0.6666666666666665,0.31333333333333335,0.36434108527131787,Rejected,0.2984,0.37665243034370555
Female,0.4,Not Graduate,Yes,0.24742268041237112,0.18622448979591835,0.4444444444444445,0.16666666666666674,0.24916943521594687,Rejected,0.5691999999999999,0.4602399837299166
Male,0.0,Graduate,Yes,0.443298969072165,0.3035714285714286,1.0,0.018333333333333313,0.34219269102990035,Approved,0.48439999999999994,0.36933089282082565
Female,0.4,Not Graduate,Yes,0.5051546391752577,0.42091836734693877,0.0,0.3400000000000001,0.33444075304540427,Rejected,0.7176,0.2178157413056742
Female,0.8,Not Graduate,Yes,0.5051546391752577,0.4668367346938776,1.0,0.020000000000000018,0.4119601328903655,Rejected,0.8588,0.2586943258084198
Male,1.0,Graduate,Yes,0.15463917525773194,0.15816326530612243,0.6666666666666665,0.4783333333333334,0.10631229235880399,Rejected,0.9296,0.1602603213341469
Male,0.2,Not Graduate,No,0.5154639175257731,0.2602040816326531,1.0,0.02833333333333332,0.38981173864894797,Rejected,0.2076,0.5369127516778524
Female,0.8,Not Graduate,No,0.845360824742268,0.7321428571428571,0.0,0.2716666666666667,0.4451827242524917,Rejected,0.7807999999999999,0.13219442749644092
Female,0.2,Not Graduate,Yes,0.9072164948453608,0.8596938775510203,0.7777777777777777,0.9033333333333333,0.5703211517165007,Approved,0.9112,0.15781980882652027
Female,0.8,Graduate,Yes,0.32989690721649484,0.29336734693877553,1.0,0.5266666666666668,0.22923588039867113,Rejected,0.7884,0.21110433190970104
Female,0.2,Not Graduate,No,0.5360824742268041,0.4872448979591837,0.3333333333333333,0.8333333333333335,0.32115171650055374,Approved,0.8371999999999999,0.15558267236119586
Female,0.0,Graduate,Yes,0.05154639175257732,0.04591836734693877,0.5555555555555556,0.855,0.04208194905869325,Approved,0.6000000000000001,0.25422005287777105
Male,0.4,Graduate,No,0.7628865979381443,0.625,0.5555555555555556,0.44000000000000006,0.566998892580288,Approved,0.7052,0.27069351230425054
Male,0.4,Not Graduate,No,0.49484536082474223,0.3673469387755102,0.5555555555555556,0.895,0.2823920265780731,Approved,0.5759999999999998,0.20581655480984343
Female,1.0,Not Graduate,Yes,0.23711340206185563,0.23214285714285712,0.7777777777777777,0.7250000000000001,0.14396456256921375,Rejected,0.9039999999999999,0.13748220459629854
Male,0.8,Not Graduate,Yes,0.18556701030927833,0.125,0.7777777777777777,0.7066666666666668,0.17718715393134,Rejected,0.43999999999999995,0.4889160056945292
Male,1.0,Not Graduate,No,0.9072164948453608,0.6020408163265306,0.5555555555555556,0.5966666666666667,0.5326688815060908,Approved,0.4623999999999999,0.2601179581045353
Male,1.0,Graduate,No,0.8350515463917525,0.8035714285714285,0.7777777777777777,0.9300000000000002,0.7763012181616834,Approved,0.9323999999999999,0.2983526540573521
Female,0.0,Not Graduate,Yes,0.29896907216494845,0.20918367346938774,0.3333333333333333,0.5233333333333334,0.22369878183831676,Approved,0.4967999999999999,0.3404514948139109
Male,0.4,Graduate,Yes,0.8556701030927835,0.645408163265306,0.7777777777777777,0.6900000000000002,0.5393133997785161,Approved,0.6048,0.23754321740898923
Female,0.4,Graduate,Yes,0.10309278350515465,0.10969387755102042,1.0,0.5083333333333333,0.10963455149501662,Rejected,0.9332,0.30282692698800084
Male,0.8,Graduate,Yes,0.26804123711340205,0.13265306122448978,0.3333333333333333,0.9583333333333335,0.21926910299003324,Approved,0.1856,0.5944681716493797
Female,1.0,Graduate,Yes,0.26804123711340205,0.27040816326530615,0.2222222222222222,0.09833333333333338,0.20487264673311187,Rejected,0.9571999999999998,0.20012202562538137
Male,1.0,Graduate,Yes,0.6494845360824741,0.6071428571428571,0.2222222222222222,0.2350000000000001,0.48504983388704326,Rejected,0.8832,0.22045962985560305
Female,0.8,Graduate,No,0.8762886597938144,0.6352040816326531,0.8888888888888888,0.8166666666666667,0.6699889258028794,Approved,0.5588,0.3390278625177954
Female,0.2,Not Graduate,Yes,0.5360824742268041,0.3392857142857143,0.1111111111111111,0.8683333333333334,0.5027685492801772,Approved,0.40759999999999996,0.5324384787472036
Male,0.4,Not Graduate,No,0.8659793814432989,0.8418367346938775,0.7777777777777777,0.125,0.7430786267995572,Rejected,0.9487999999999999,0.2597112060199309
Female,0.6000000000000001,Graduate,No,0.4639175257731959,0.23724489795918366,0.4444444444444445,0.40833333333333344,0.3244739756367664,Rejected,0.21720000000000006,0.4767134431563962
Female,1.0,Not Graduate,Yes,0.09278350515463918,0.09183673469387756,0.1111111111111111,0.9850000000000001,0.0575858250276855,Rejected,0.8180000000000001,0.1395159650193207
Female,0.0,Graduate,No,0.6391752577319587,0.3494897959183674,0.3333333333333333,0.31000000000000005,0.49833887043189373,Approved,0.2752,0.5070164734594265
Female,0.0,Graduate,No,0.422680412371134,0.24489795918367344,0.1111111111111111,0.6600000000000001,0.3676633444075305,Approved,0.3208,0.5377262558470612
Female,1.0,Not Graduate,Yes,0.27835051546391754,0.2755102040816327,0.1111111111111111,0.6383333333333334,0.19822812846068663,Rejected,0.9312,0.18283506202969294
Female,1.0,Not Graduate,No,0.9690721649484536,0.6836734693877551,0.3333333333333333,0.4900000000000001,0.7729789590254708,Approved,0.5291999999999999,0.3742119178360789
Female,0.6000000000000001,Not Graduate,Yes,0.07216494845360825,0.05612244897959184,1.0,0.3816666666666667,0.05204872646733112,Rejected,0.5111999999999999,0.2623550945698597
Female,1.0,Not Graduate,No,0.8144329896907216,0.6632653061224489,0.1111111111111111,0.21500000000000008,0.451827242524917,Rejected,0.6987999999999999,0.16615822656091114
Male,0.0,Not Graduate,Yes,0.8865979381443299,0.6301020408163265,0.1111111111111111,0.16666666666666674,0.5304540420819491,Approved,0.5364,0.2403904820012203
Male,0.0,Graduate,No,0.8865979381443299,0.4387755102040817,0.1111111111111111,0.9133333333333333,0.7740863787375416,Approved,0.1956,0.6644295302013424
Female,0.2,Not Graduate,No,0.6391752577319587,0.5408163265306122,0.2222222222222222,0.31500000000000006,0.35769656699889263,Rejected,0.7436,0.15680292861500914
Female,0.4,Graduate,No,0.27835051546391754,0.1607142857142857,0.4444444444444445,0.043333333333333335,0.2347729789590255,Rejected,0.3103999999999999,0.5131177547284931
Male,1.0,Graduate,No,0.14432989690721648,0.14795918367346939,0.3333333333333333,0.605,0.13178294573643412,Rejected,0.9247999999999998,0.2574740695546065
Male,0.2,Not Graduate,No,0.14432989690721648,0.12244897959183675,0.8888888888888888,0.7150000000000001,0.124031007751938,Rejected,0.6752,0.31014846451088063
Male,0.4,Graduate,Yes,0.29896907216494845,0.2653061224489796,0.1111111111111111,0.16333333333333333,0.16722037652270214,Rejected,0.7807999999999999,0.14215985356924957
Female,0.4,Not Graduate,Yes,0.556701030927835,0.41836734693877553,0.6666666666666665,0.9266666666666667,0.33333333333333337,Approved,0.5928,0.21883262151718533
Male,0.6000000000000001,Graduate,Yes,0.8144329896907216,0.5,1.0,0.07833333333333337,0.7984496124031009,Approved,0.3827999999999999,0.5883668903803132
Female,0.6000000000000001,Not Graduate,No,0.9175257731958762,0.48469387755102045,0.5555555555555556,0.6600000000000001,0.8516057585825029,Approved,0.24839999999999995,0.6619890176937157
Female,0.0,Graduate,Yes,0.5463917525773195,0.4285714285714286,0.3333333333333333,0.08833333333333337,0.24916943521594687,Approved,0.6436,0.11978848891600571
Male,0.2,Graduate,Yes,0.979381443298969,0.8673469387755102,1.0,0.76,0.8272425249169436,Approved,0.8144,0.29286150091519225
Female,0.8,Graduate,No,0.21649484536082472,0.13010204081632654,0.7777777777777777,0.31666666666666676,0.18936877076411962,Rejected,0.33919999999999995,0.5066097213748221
Female,0.2,Not Graduate,Yes,0.556701030927835,0.451530612244898,0.4444444444444445,0.385,0.47951273532668887,Approved,0.6856,0.3412649989831198
Female,0.4,Not Graduate,Yes,0.443298969072165,0.4158163265306123,0.1111111111111111,0.6316666666666668,0.3289036544850499,Approved,0.8755999999999999,0.21618873296725646
Female,0.2,Graduate,Yes,0.03092783505154639,0.03826530612244898,0.3333333333333333,0.9616666666666667,0.017718715393134,Approved,0.8400000000000001,0.07341875127110029
Male,0.0,Graduate,No,0.4123711340206186,0.2729591836734694,1.0,0.8616666666666668,0.2934662236987819,Approved,0.4476,0.3447223917022575
Male,0.2,Not Graduate,No,0.9175257731958762,0.586734693877551,0.8888888888888888,0.8200000000000001,0.6367663344407531,Approved,0.42399999999999993,0.35285743339434616
Female,0.8,Graduate,Yes,0.30927835051546393,0.31887755102040816,0.8888888888888888,0.6066666666666667,0.21040974529346626,Rejected,1.0,0.1557860484034981
Female,0.8,Graduate,Yes,0.6185567010309277,0.5357142857142857,0.7777777777777777,0.9700000000000002,0.35326688815060914,Approved,0.774,0.1557860484034981
Male,0.6000000000000001,Not Graduate,Yes,0.23711340206185563,0.18877551020408162,0.4444444444444445,0.78,0.16722037652270214,Rejected,0.6320000000000001,0.25686394142769986
Female,0.0,Graduate,No,0.9175257731958762,0.6836734693877551,0.5555555555555556,0.8116666666666668,0.7873754152823921,Approved,0.5912,0.38397396786658533
Male,0.6000000000000001,Graduate,Yes,0.03092783505154639,0.015306122448979593,0.5555555555555556,0.3966666666666667,0.023255813953488372,Rejected,0.12,0.4124466137888957
Female,0.8,Not Graduate,No,0.6907216494845361,0.451530612244898,0.3333333333333333,0.07833333333333337,0.5791805094130676,Rejected,0.4436,0.4429530201342282
Female,0.0,Graduate,Yes,0.16494845360824742,0.125,0.7777777777777777,0.02833333333333332,0.12513842746400888,Rejected,0.5555999999999999,0.30506406345332526
Male,0.0,Graduate,Yes,0.3917525773195876,0.3622448979591837,0.0,0.6883333333333335,0.3056478405315615,Approved,0.8500000000000001,0.2401871059589181
Male,0.2,Not Graduate,No,0.3814432989690722,0.30612244897959184,0.4444444444444445,0.6383333333333334,0.17054263565891475,Rejected,0.6616,0.10880618263168598
Male,0.4,Not Graduate,Yes,0.8041237113402061,0.7091836734693877,0.8888888888888888,0.7750000000000001,0.6644518272425249,Approved,0.8048,0.28452308318080133
Male,1.0,Graduate,No,0.07216494845360825,0.07397959183673469,0.4444444444444445,0.8383333333333334,0.0664451827242525,Rejected,0.8224,0.25422005287777105
Female,0.0,Graduate,Yes,0.8247422680412371,0.75,0.2222222222222222,0.17500000000000004,0.3754152823920266,Approved,0.8488,0.08236729713239782
Male,1.0,Graduate,No,0.21649484536082472,0.11734693877551021,0.1111111111111111,0.3816666666666667,0.23145071982281287,Rejected,0.2519999999999999,0.731543624161074
Female,1.0,Graduate,Yes,0.6907216494845361,0.4872448979591837,0.2222222222222222,0.8350000000000002,0.460686600221484,Approved,0.5247999999999999,0.2877770998576368
Male,0.6000000000000001,Not Graduate,No,0.8865979381443299,0.7755102040816326,0.5555555555555556,0.6783333333333335,0.6146179401993356,Approved,0.7955999999999999,0.2178157413056742
Male,0.2,Graduate,No,0.24742268041237112,0.1760204081632653,0.3333333333333333,0.08166666666666667,0.21373200442967888,Rejected,0.5076,0.4039048200122026
Female,0.2,Graduate,No,0.36082474226804123,0.21428571428571427,1.0,0.9750000000000001,0.2524916943521595,Approved,0.3403999999999999,0.3898718730933496
Male,0.4,Graduate,Yes,0.6185567010309277,0.5994897959183673,0.1111111111111111,0.31500000000000006,0.38316722037652273,Approved,0.9356,0.14663412649989835
Male,0.6000000000000001,Graduate,Yes,0.08247422680412371,0.058673469387755105,0.2222222222222222,0.06833333333333336,0.09856035437430787,Rejected,0.43999999999999995,0.5749440715883669
Male,0.2,Not Graduate,No,0.5979381443298969,0.5025510204081632,0.5555555555555556,0.5616666666666668,0.47951273532668887,Approved,0.7332000000000001,0.2918446207036811
Male,0.2,Not Graduate,Yes,0.9175257731958762,0.7933673469387755,0.1111111111111111,0.00666666666666671,0.7774086378737542,Approved,0.7804,0.3046573113687209
Female,0.2,Graduate,No,0.15463917525773194,0.16326530612244897,0.7777777777777777,0.395,0.12624584717607976,Rejected,0.9763999999999999,0.20561317876754118
Female,1.0,Not Graduate,Yes,0.15463917525773194,0.10969387755102042,0.5555555555555556,0.3383333333333334,0.09634551495016612,Rejected,0.48239999999999994,0.24974577994712224
Male,0.2,Graduate,No,0.7113402061855669,0.35714285714285715,0.5555555555555556,0.7000000000000002,0.44739756367663347,Approved,0.2055999999999999,0.427699816961562
Male,1.0,Graduate,No,0.9484536082474226,0.9311224489795918,0.4444444444444445,0.3483333333333334,0.6245847176079735,Rejected,0.966,0.16127720154565792
Male,1.0,Not Graduate,No,0.6185567010309277,0.41071428571428575,0.2222222222222222,0.10000000000000009,0.4031007751937985,Rejected,0.45799999999999996,0.303843807199512
Female,0.2,Graduate,No,0.8350515463917525,0.8035714285714285,0.7777777777777777,0.8633333333333335,0.7873754152823921,Approved,0.9323999999999999,0.3046573113687209
Female,0.2,Graduate,Yes,0.8969072164948453,0.5331632653061225,0.3333333333333333,0.6933333333333334,0.5083056478405317,Approved,0.3528,0.291641244661379
Female,0.2,Graduate,Yes,0.6494845360824741,0.36989795918367346,0.5555555555555556,0.10000000000000009,0.3045404208194906,Approved,0.31079999999999997,0.2308318080130161
Female,0.6000000000000001,Graduate,Yes,0.8144329896907216,0.673469387755102,0.4444444444444445,0.9916666666666667,0.4595791805094131,Approved,0.7183999999999999,0.1665649786455156
Male,0.4,Not Graduate,No,0.4845360824742268,0.33673469387755106,0.3333333333333333,0.046666666666666745,0.44186046511627913,Rejected,0.502,0.4545454545454546
Male,0.8,Graduate,No,0.9175257731958762,0.6709183673469388,0.0,0.8533333333333335,0.8671096345514951,Approved,0.5691999999999999,0.44925767744559697
Male,0.6000000000000001,Graduate,Yes,0.9072164948453608,0.836734693877551,0.7777777777777777,0.26,0.7032115171650056,Approved,0.8712,0.2401871059589181
Female,0.8,Graduate,Yes,0.1134020618556701,0.09183673469387756,0.7777777777777777,0.44333333333333336,0.060908084163898125,Rejected,0.6000000000000001,0.1551759202765914
Male,0.2,Not Graduate,No,0.6701030927835051,0.6301020408163265,1.0,0.4966666666666667,0.425249169435216,Rejected,0.8923999999999999,0.1631075859263779
Female,1.0,Not Graduate,No,0.30927835051546393,0.22959183673469388,0.2222222222222222,0.5933333333333335,0.29568106312292364,Rejected,0.5624,0.44010575554199716
Female,0.0,Not Graduate,No,0.7525773195876289,0.7244897959183673,0.0,0.9916666666666667,0.380952380952381,Approved,0.9308000000000001,0.09416310758592641
Male,0.6000000000000001,Graduate,No,0.4845360824742268,0.31887755102040816,0.6666666666666665,0.5883333333333334,0.31118493909191586,Approved,0.4448000000000001,0.3003864144803742
Male,0.2,Not Graduate,Yes,0.05154639175257732,0.03826530612244898,0.7777777777777777,0.5683333333333334,0.05094130675526025,Rejected,0.4284000000000001,0.4124466137888957
Male,0.4,Graduate,No,0.6391752577319587,0.413265306122449,0.3333333333333333,0.40666666666666673,0.42746400885935776,Approved,0.4311999999999998,0.3282489322757779
Female,0.0,Not Graduate,Yes,0.3814432989690722,0.3520408163265306,1.0,0.8516666666666668,0.2735326688815061,Approved,0.8460000000000001,0.20947732357128332
Female,0.8,Graduate,No,0.979381443298969,0.6785714285714285,0.4444444444444445,0.2666666666666667,0.6157253599114065,Approved,0.5092000000000001,0.2708968883465528
Male,1.0,Graduate,Yes,0.3505154639175258,0.3112244897959184,0.5555555555555556,0.8250000000000002,0.318936877076412,Approved,0.7888,0.3225544030913159
Male,0.4,Graduate,Yes,0.32989690721649484,0.25510204081632654,0.1111111111111111,0.7416666666666667,0.24806201550387602,Approved,0.6115999999999999,0.29774252593044537
Female,0.0,Not Graduate,No,0.9896907216494845,0.5051020408163265,0.7777777777777777,0.51,0.5825027685492803,Approved,0.22040000000000004,0.3837705918242831
Male,0.2,Not Graduate,No,0.5051546391752577,0.3545918367346939,0.2222222222222222,0.2516666666666667,0.3355481727574751,Rejected,0.5135999999999998,0.28716697173073014
Female,0.8,Graduate,Yes,0.5876288659793814,0.29336734693877553,0.3333333333333333,0.29833333333333334,0.34772978959025475,Approved,0.19999999999999996,0.3955664022778117
Female,1.0,Graduate,No,0.10309278350515465,0.05357142857142857,0.6666666666666665,0.32500000000000007,0.09523809523809525,Rejected,0.19999999999999996,0.6101281269066504
Male,0.4,Not Graduate,No,0.979381443298969,0.7627551020408163,0.6666666666666665,0.7816666666666667,0.7840531561461794,Approved,0.6452,0.3270286760219646
Male,1.0,Not Graduate,Yes,0.4639175257731959,0.29336734693877553,0.1111111111111111,0.5650000000000002,0.20819490586932451,Rejected,0.4044000000000001,0.17836078909904415
Male,1.0,Graduate,No,0.4123711340206186,0.3112244897959184,0.8888888888888888,0.7050000000000001,0.2225913621262459,Rejected,0.5904,0.18100467764897296
Male,0.8,Graduate,No,0.9381443298969072,0.6581632653061225,0.7777777777777777,0.5383333333333333,0.593576965669989,Approved,0.5224,0.268252999796624
Female,0.6000000000000001,Not Graduate,Yes,0.5257731958762886,0.5229591836734694,0.2222222222222222,0.31166666666666676,0.39202657807308977,Rejected,0.97,0.19747813707545256
Female,0.0,Graduate,No,0.7628865979381443,0.7602040816326531,0.0,0.7383333333333335,0.7331118493909192,Approved,0.9843999999999999,0.29753914988814323
Female,0.4,Graduate,No,0.6185567010309277,0.42346938775510207,0.5555555555555556,0.7566666666666668,0.3244739756367664,Approved,0.49039999999999995,0.20479967459833234
Male,0.0,Graduate,No,0.8969072164948453,0.5433673469387755,0.4444444444444445,0.42000000000000004,0.4916943521594685,Approved,0.3708,0.269269880008135
Female,0.8,Not Graduate,Yes,0.7938144329896907,0.6887755102040816,0.4444444444444445,0.43333333333333335,0.8471760797342194,Approved,0.7824,0.4203782794386822
Male,0.2,Graduate,Yes,0.3402061855670103,0.2678571428571429,0.6666666666666665,0.5533333333333335,0.2558139534883721,Approved,0.6343999999999999,0.2900142363229612
Male,0.4,Graduate,No,0.5257731958762886,0.41836734693877553,0.8888888888888888,0.06500000000000006,0.2613510520487265,Rejected,0.6603999999999999,0.13971934106162295
Male,0.4,Not Graduate,No,0.12371134020618556,0.07142857142857144,0.1111111111111111,0.9683333333333335,0.10852713178294573,Rejected,0.28559999999999997,0.5165751474476307
Male,0.2,Not Graduate,Yes,0.9175257731958762,0.5943877551020408,1.0,0.3916666666666667,0.5636766334440754,Approved,0.43720000000000003,0.2896074842383567
Male,0.8,Not Graduate,No,0.4329896907216495,0.43112244897959184,0.1111111111111111,0.43833333333333335,0.25470653377630126,Rejected,0.9636,0.1240593858043523
Male,1.0,Not Graduate,No,0.26804123711340205,0.20153061224489796,0.6666666666666665,0.5250000000000001,0.21816168327796237,Rejected,0.5715999999999999,0.34594264795607077
Female,0.6000000000000001,Not Graduate,No,0.1134020618556701,0.07653061224489796,0.3333333333333333,0.8250000000000002,0.08859357696567,Rejected,0.4151999999999998,0.3650599959324792
Male,0.8,Graduate,No,0.845360824742268,0.7244897959183673,0.6666666666666665,0.9633333333333334,0.7065337763012183,Approved,0.7667999999999999,0.30242017490339645
Female,1.0,Graduate,Yes,0.5257731958762886,0.3494897959183674,0.2222222222222222,0.5550000000000002,0.3853820598006645,Rejected,0.4567999999999999,0.3587553386211104
Female,0.4,Graduate,No,0.5979381443298969,0.3469387755102041,0.1111111111111111,0.3883333333333334,0.34219269102990035,Approved,0.3268,0.30547081553792965
Male,0.4,Not Graduate,Yes,0.1958762886597938,0.16581632653061223,0.5555555555555556,0.8250000000000002,0.1904761904761905,Approved,0.6952,0.3738051657514745
Male,0.0,Not Graduate,No,0.422680412371134,0.2729591836734694,0.1111111111111111,0.1233333333333334,0.310077519379845,Rejected,0.4231999999999998,0.3725849094976611
Male,0.8,Not Graduate,Yes,0.7319587628865979,0.5765306122448979,0.5555555555555556,0.9133333333333333,0.45847176079734225,Approved,0.6548,0.21862924547488308
Female,0.4,Graduate,No,0.5154639175257731,0.4056122448979592,0.5555555555555556,0.9833333333333334,0.43632336655592474,Approved,0.6460000000000001,0.34716290420988405
Male,0.6000000000000001,Graduate,No,0.4639175257731959,0.2423469387755102,0.6666666666666665,0.2400000000000001,0.3056478405315615,Rejected,0.23399999999999999,0.4285133211307709
Female,0.8,Graduate,No,0.7835051546391752,0.7193877551020408,0.1111111111111111,0.8383333333333334,0.6345514950166113,Approved,0.8615999999999999,0.2593044539353264
Male,0.6000000000000001,Graduate,Yes,0.03092783505154639,0.04081632653061224,0.8888888888888888,0.53,0.016611295681063128,Rejected,0.9199999999999999,0.05084401057555421
Male,0.2,Not Graduate,Yes,0.5979381443298969,0.5102040816326531,0.6666666666666665,0.9083333333333334,0.49612403100775204,Approved,0.7532000000000001,0.3003864144803742
Female,0.8,Graduate,No,0.4742268041237114,0.2678571428571429,0.5555555555555556,0.8883333333333334,0.33333333333333337,Approved,0.29999999999999993,0.42180191173479764
Female,0.6000000000000001,Graduate,Yes,0.8969072164948453,0.48469387755102045,0.5555555555555556,0.7783333333333333,0.5116279069767442,Approved,0.26759999999999995,0.338621110433191
Male,0.2,Graduate,Yes,0.16494845360824742,0.09438775510204082,0.7777777777777777,0.7450000000000001,0.0664451827242525,Approved,0.28879999999999995,0.17286963595688434
Female,0.4,Graduate,No,0.288659793814433,0.17091836734693877,0.1111111111111111,0.4800000000000001,0.2613510520487265,Rejected,0.33320000000000005,0.5448444173276388
Female,0.8,Not Graduate,No,0.7731958762886597,0.6173469387755102,1.0,0.4700000000000001,0.5714285714285715,Approved,0.6728000000000001,0.27903193003864146
Female,0.2,Not Graduate,No,0.8350515463917525,0.5127551020408163,0.6666666666666665,0.08000000000000007,0.5703211517165007,Approved,0.3832,0.3648566198901769
Female,0.8,Not Graduate,No,0.4123711340206186,0.23214285714285712,0.1111111111111111,0.7100000000000002,0.4352159468438539,Rejected,0.2951999999999999,0.706324994915599
Female,0.8,Graduate,Yes,0.8041237113402061,0.7882653061224489,0.2222222222222222,0.30333333333333334,0.6511627906976745,Approved,0.96,0.2332723205206427
Male,0.4,Graduate,Yes,0.9484536082474226,0.7576530612244897,0.7777777777777777,0.44166666666666676,0.46400885935769665,Approved,0.6763999999999999,0.1342281879194631
Male,0.2,Graduate,No,0.061855670103092786,0.05357142857142857,0.7777777777777777,0.9533333333333334,0.0664451827242525,Approved,0.6000000000000001,0.3898718730933496
Female,0.0,Graduate,Yes,0.03092783505154639,0.025510204081632654,0.1111111111111111,0.875,0.02436323366555925,Approved,0.43999999999999995,0.25422005287777105
Male,0.4,Graduate,Yes,0.6082474226804123,0.5612244897959183,0.3333333333333333,0.6566666666666667,0.629014396456257,Approved,0.8624,0.3691275167785235
Male,0.6000000000000001,Graduate,Yes,0.8556701030927835,0.7780612244897959,1.0,0.2466666666666667,0.6068660022148394,Approved,0.8496000000000001,0.21191783607890993
Female,1.0,Graduate,Yes,0.7628865979381443,0.451530612244898,0.5555555555555556,0.2533333333333334,0.4462901439645626,Approved,0.34719999999999995,0.3073011999186497
Male,0.6000000000000001,Not Graduate,No,0.8762886597938144,0.4489795918367347,0.5555555555555556,0.9950000000000001,0.7043189368770765,Approved,0.2227999999999999,0.5745373195037625
Female,0.8,Not Graduate,No,0.9484536082474226,0.5076530612244897,0.4444444444444445,0.8383333333333334,0.7153931339977853,Approved,0.25959999999999994,0.5019320724018711
Female,0.2,Not Graduate,Yes,0.020618556701030927,0.015306122448979593,0.3333333333333333,0.8800000000000001,0.027685492801771877,Approved,0.29999999999999993,0.50274557657108
Male,0.0,Graduate,No,0.2577319587628866,0.18367346938775508,0.2222222222222222,0.8866666666666667,0.23255813953488375,Approved,0.5111999999999999,0.427699816961562
Female,0.2,Not Graduate,Yes,0.21649484536082472,0.13265306122448978,0.2222222222222222,0.935,0.09745293466223699,Approved,0.35639999999999994,0.18771608704494616
Female,0.0,Graduate,No,0.7525773195876289,0.3979591836734694,0.0,0.3916666666666667,0.5636766334440754,Approved,0.248,0.5035590807402888
Female,0.8,Not Graduate,Yes,0.7113402061855669,0.4872448979591837,0.7777777777777777,0.1050000000000001,0.5171650055370987,Rejected,0.4928000000000001,0.3412649989831198
Female,0.2,Not Graduate,Yes,0.8865979381443299,0.721938775510204,0.3333333333333333,0.5516666666666667,0.6256921373200444,Approved,0.7,0.2521862924547489
Female,0.4,Not Graduate,No,0.845360824742268,0.520408163265306,0.2222222222222222,0.3550000000000001,0.478405315614618,Approved,0.38559999999999994,0.275777913361806
Male,0.0,Graduate,Yes,0.4639175257731959,0.4056122448979592,0.7777777777777777,0.02833333333333332,0.2724252491694352,Rejected,0.7787999999999999,0.16127720154565792
Male,0.2,Graduate,No,0.6907216494845361,0.489795918367347,0.0,0.8483333333333334,0.5370985603543744,Approved,0.5304,0.35753508236729714
Female,0.6000000000000001,Not Graduate,No,0.2268041237113402,0.20153061224489796,0.4444444444444445,0.385,0.17718715393134,Rejected,0.7667999999999999,0.25422005287777105
Female,0.2,Not Graduate,Yes,0.14432989690721648,0.11479591836734694,0.6666666666666665,0.40666666666666673,0.10409745293466224,Rejected,0.6000000000000001,0.2627618466544641
Male,0.0,Graduate,No,0.3402061855670103,0.1913265306122449,0.6666666666666665,0.10999999999999999,0.3056478405315615,Rejected,0.29159999999999997,0.5775879601382957
Female,0.0,Not Graduate,No,0.36082474226804123,0.3163265306122449,0.6666666666666665,0.8283333333333334,0.1993355481727575,Approved,0.7727999999999999,0.14215985356924957
Male,0.2,Not Graduate,No,0.30927835051546393,0.29846938775510207,0.7777777777777777,0.4950000000000001,0.20155038759689925,Rejected,0.8999999999999999,0.16270083384177345
Female,0.4,Not Graduate,Yes,0.7010309278350515,0.5663265306122449,0.5555555555555556,0.5533333333333335,0.4651162790697675,Approved,0.6856,0.23062843197071384
Female,1.0,Not Graduate,No,0.9381443298969072,0.7142857142857143,0.5555555555555556,0.7350000000000001,0.6389811738648948,Approved,0.6172,0.26499898311978853
Female,0.0,Not Graduate,No,0.0,0.012755102040816325,1.0,0.05166666666666675,0.005537098560354375,Rejected,1.0,0.07626601586333132
Female,0.8,Graduate,No,0.6907216494845361,0.413265306122449,0.3333333333333333,0.21000000000000008,0.398671096345515,Rejected,0.35639999999999994,0.2961155175920277
Female,0.6000000000000001,Not Graduate,No,0.9072164948453608,0.6683673469387755,0.3333333333333333,0.3883333333333334,0.6965669988925803,Approved,0.5775999999999999,0.33333333333333337
Female,0.2,Not Graduate,No,0.6907216494845361,0.5714285714285714,0.7777777777777777,0.15666666666666673,0.48504983388704326,Rejected,0.716,0.24344112263575354
Female,0.0,Graduate,No,0.7525773195876289,0.6326530612244897,0.6666666666666665,0.9616666666666667,0.6600221483942414,Approved,0.7387999999999999,0.3335367093756356
Male,1.0,Not Graduate,No,0.9278350515463917,0.7066326530612245,0.3333333333333333,0.3783333333333334,0.629014396456257,Rejected,0.6172,0.26296522269676637
Male,0.2,Graduate,No,0.4536082474226804,0.3163265306122449,0.3333333333333333,0.28,0.3145071982281285,Rejected,0.5044,0.3087248322147651
Male,0.8,Graduate,Yes,0.49484536082474223,0.4923469387755102,0.8888888888888888,0.5183333333333333,0.4031007751937985,Approved,0.968,0.22940817571690056
Female,0.4,Graduate,No,0.443298969072165,0.43112244897959184,0.2222222222222222,0.8866666666666667,0.3145071982281285,Approved,0.9288000000000001,0.18791946308724836
Female,0.0,Graduate,No,0.7938144329896907,0.5714285714285714,0.8888888888888888,0.3466666666666667,0.5946843853820598,Approved,0.5492000000000001,0.3321130770795201
Female,1.0,Not Graduate,No,0.5051546391752577,0.33673469387755106,1.0,0.9000000000000001,0.2823920265780731,Rejected,0.4587999999999999,0.23774659345129148
Female,0.8,Graduate,No,0.36082474226804123,0.18622448979591835,0.6666666666666665,0.8233333333333335,0.36544850498338877,Approved,0.2215999999999999,0.7413056741915802
Female,0.2,Not Graduate,No,0.5257731958762886,0.44642857142857145,0.5555555555555556,0.9816666666666667,0.41085271317829464,Approved,0.7432000000000001,0.27598128940410827
Female,0.8,Not Graduate,No,0.0,0.005102040816326531,0.7777777777777777,0.7750000000000001,0.01107419712070875,Rejected,0.3999999999999999,0.4169208867195444
Female,0.6000000000000001,Graduate,Yes,0.9072164948453608,0.4668367346938776,0.7777777777777777,0.3633333333333334,0.8283499446290145,Approved,0.2268,0.6697173073011999
Male,0.6000000000000001,Not Graduate,No,0.6907216494845361,0.4285714285714286,0.1111111111111111,0.6566666666666667,0.4750830564784054,Rejected,0.3912,0.36241610738255037
Female,0.4,Not Graduate,No,0.05154639175257732,0.05102040816326531,0.3333333333333333,0.605,0.05094130675526025,Rejected,0.7143999999999999,0.2896074842383567
Male,0.0,Graduate,No,0.23711340206185563,0.2193877551020408,0.0,0.6033333333333335,0.203765227021041,Approved,0.8240000000000001,0.2769981696156193
Male,0.0,Not Graduate,No,0.4536082474226804,0.35969387755102045,0.6666666666666665,0.5700000000000001,0.37984496124031014,Approved,0.6519999999999999,0.33760423022167996
Female,0.8,Graduate,No,0.08247422680412371,0.09183673469387756,0.4444444444444445,0.6683333333333334,0.08527131782945736,Rejected,0.96,0.26988000813504176
Female,0.8,Not Graduate,Yes,0.9278350515463917,0.7602040816326531,0.2222222222222222,0.5533333333333335,0.7785160575858251,Approved,0.7087999999999999,0.3251982916412447
Male,0.6000000000000001,Graduate,Yes,0.20618556701030927,0.10459183673469388,0.0,0.935,0.11406423034330011,Approved,0.19999999999999996,0.3420785031523287
Male,0.8,Graduate,Yes,0.979381443298969,0.8418367346938775,0.5555555555555556,0.8066666666666666,0.823920265780731,Approved,0.7731999999999999,0.3042505592841164
Female,0.0,Graduate,Yes,0.5463917525773195,0.4566326530612245,0.1111111111111111,0.053333333333333344,0.37320044296788485,Approved,0.7236,0.22859467154769172
Female,0.8,Not Graduate,Yes,0.1134020618556701,0.07908163265306123,0.0,0.7716666666666667,0.11184939091915837,Rejected,0.44599999999999995,0.4754931869025829
Male,0.2,Not Graduate,Yes,0.7938144329896907,0.4795918367346939,0.0,0.4883333333333334,0.7364341085271319,Approved,0.36719999999999997,0.5598942444580028
Female,0.4,Not Graduate,No,0.422680412371134,0.21683673469387754,0.2222222222222222,0.3533333333333334,0.36434108527131787,Rejected,0.2188,0.6170429123449258
Female,0.0,Not Graduate,No,0.3711340206185567,0.3316326530612245,0.2222222222222222,0.5916666666666668,0.2259136212624585,Approved,0.8,0.1655480984340045
Female,0.6000000000000001,Not Graduate,No,0.8762886597938144,0.6224489795918366,0.3333333333333333,0.11499999999999999,0.4462901439645626,Rejected,0.5355999999999999,0.18263168598739069
Male,0.6000000000000001,Graduate,No,0.1134020618556701,0.07142857142857144,0.6666666666666665,0.08000000000000007,0.06866002214839424,Rejected,0.35399999999999987,0.280455562334757
Male,0.2,Not Graduate,Yes,0.6804123711340205,0.42091836734693877,0.4444444444444445,0.7266666666666668,0.372093023255814,Approved,0.38839999999999997,0.2591010778930243
Male,0.2,Not Graduate,No,0.9175257731958762,0.6045918367346939,1.0,0.08833333333333337,0.7851605758582504,Approved,0.45479999999999987,0.45169818995322353
Female,0.0,Graduate,No,0.288659793814433,0.2806122448979592,0.7777777777777777,0.29666666666666675,0.21040974529346626,Approved,0.9068,0.19666463290624367
Female,0.0,Not Graduate,Yes,0.10309278350515465,0.06887755102040817,0.1111111111111111,0.8783333333333334,0.079734219269103,Approved,0.3999999999999999,0.3626194834248525
Male,0.2,Not Graduate,Yes,0.49484536082474223,0.42346938775510207,0.5555555555555556,0.3616666666666667,0.26799557032115173,Approved,0.752,0.1435834858653651
Male,1.0,Graduate,Yes,0.979381443298969,0.6224489795918366,0.8888888888888888,0.5800000000000001,0.5238095238095238,Approved,0.4183999999999999,0.2401871059589181
Male,0.4,Not Graduate,Yes,0.7010309278350515,0.5994897959183673,0.4444444444444445,0.6483333333333334,0.4086378737541529,Approved,0.76,0.16615822656091114
Female,0.2,Graduate,No,0.4020618556701031,0.22448979591836735,1.0,0.41666666666666674,0.3355481727574751,Rejected,0.28800000000000003,0.5336587350010169
Male,0.0,Graduate,Yes,0.5257731958762886,0.32142857142857145,1.0,0.8766666666666667,0.4330011074197121,Approved,0.37360000000000004,0.4702054098027252
Male,0.2,Not Graduate,No,0.7319587628865979,0.48214285714285715,0.6666666666666665,0.4983333333333334,0.4761904761904762,Approved,0.45199999999999996,0.3070978238763473
Female,0.2,Graduate,No,0.6494845360824741,0.4642857142857143,0.7777777777777777,0.8583333333333334,0.36877076411960136,Approved,0.5384,0.21801911734797644
Female,0.8,Graduate,Yes,0.04123711340206186,0.028061224489795915,0.1111111111111111,0.7683333333333333,0.036544850498338874,Rejected,0.33320000000000005,0.38499084807809636
Female,0.6000000000000001,Not Graduate,Yes,0.5154639175257731,0.375,1.0,0.22000000000000008,0.35658914728682173,Rejected,0.5539999999999998,0.28940410819605455
Male,0.8,Not Graduate,Yes,0.26804123711340205,0.22704081632653061,0.8888888888888888,0.2366666666666667,0.22037652270210412,Rejected,0.7143999999999999,0.29631889363432984
Female,0.2,Graduate,Yes,0.7835051546391752,0.586734693877551,0.2222222222222222,0.5333333333333334,0.3875968992248062,Approved,0.5948,0.1563961765304047
Female,0.4,Graduate,No,0.288659793814433,0.15816326530612243,0.1111111111111111,0.29333333333333333,0.20708748615725361,Rejected,0.2667999999999999,0.4449867805572504
Male,0.8,Graduate,No,0.9381443298969072,0.8826530612244897,0.2222222222222222,0.895,0.6389811738648948,Approved,0.9012,0.18608907870652838
Female,0.6000000000000001,Not Graduate,Yes,0.5051546391752577,0.451530612244898,0.2222222222222222,0.3500000000000001,0.4916943521594685,Rejected,0.8115999999999999,0.35367093756355494
Male,0.8,Not Graduate,Yes,0.422680412371134,0.4030612244897959,0.8888888888888888,0.915,0.3709856035437431,Approved,0.8976000000000002,0.275777913361806
Male,0.6000000000000001,Graduate,No,0.09278350515463918,0.04591836734693877,0.3333333333333333,0.7283333333333335,0.08748615725359912,Rejected,0.16359999999999997,0.6512100874516982
Female,0.4,Graduate,No,0.6494845360824741,0.4056122448979592,0.4444444444444445,0.8483333333333334,0.4440753045404209,Approved,0.39679999999999993,0.35590807402887936
Female,0.6000000000000001,Not Graduate,No,0.6391752577319587,0.5790816326530612,0.3333333333333333,0.3666666666666667,0.4750830564784054,Rejected,0.8375999999999999,0.23042505592841164
Female,0.4,Not Graduate,No,0.7422680412371133,0.5663265306122449,0.7777777777777777,0.8900000000000001,0.4462901439645626,Approved,0.6164000000000001,0.21537522879804757
Female,0.8,Graduate,No,0.8762886597938144,0.8112244897959183,0.3333333333333333,0.16166666666666674,0.7198228128460687,Rejected,0.8759999999999999,0.261744966442953
Female,0.0,Not Graduate,No,0.9278350515463917,0.6224489795918366,0.6666666666666665,0.2300000000000001,0.5725359911406424,Approved,0.474,0.27638804148871265
Female,0.2,Graduate,Yes,0.6185567010309277,0.49489795918367346,0.8888888888888888,0.8666666666666667,0.3820598006644519,Approved,0.6708000000000001,0.2078503152328656
Male,0.2,Not Graduate,No,0.10309278350515465,0.10969387755102042,1.0,0.03833333333333333,0.08084163898117387,Rejected,0.9332,0.18791946308724836
Male,0.2,Not Graduate,Yes,0.7010309278350515,0.5102040816326531,0.6666666666666665,0.895,0.38427464008859363,Approved,0.5599999999999998,0.19910514541387028
Female,1.0,Graduate,Yes,0.3711340206185567,0.24999999999999997,0.0,0.45166666666666677,0.32668881506090813,Rejected,0.46319999999999983,0.4494610534878991
Male,0.0,Graduate,No,0.4845360824742268,0.40816326530612246,0.6666666666666665,0.29833333333333334,0.3200442967884829,Approved,0.7307999999999999,0.2131380923327232
Female,0.4,Graduate,Yes,0.7835051546391752,0.5561224489795918,0.2222222222222222,0.3883333333333334,0.48837209302325585,Approved,0.5332000000000001,0.257067317470002
Male,0.2,Not Graduate,Yes,0.7422680412371133,0.43112244897959184,0.3333333333333333,0.9983333333333335,0.513842746400886,Approved,0.3295999999999999,0.4008541793776693
Male,0.2,Not Graduate,No,0.7010309278350515,0.6709183673469388,0.7777777777777777,0.2666666666666667,0.6168327796234774,Approved,0.9199999999999999,0.27638804148871265
Male,0.2,Not Graduate,No,0.4845360824742268,0.3112244897959184,0.0,0.56,0.4330011074197121,Approved,0.4204000000000001,0.4901362619483425
Female,0.6000000000000001,Not Graduate,No,0.5773195876288659,0.5178571428571428,1.0,0.22333333333333338,0.4462901439645626,Rejected,0.8208,0.2493390278625178
Male,1.0,Not Graduate,No,0.18556701030927833,0.1683673469387755,0.8888888888888888,0.3600000000000001,0.17386489479512737,Rejected,0.78,0.32194427496440925
Female,0.8,Graduate,No,0.8350515463917525,0.6198979591836734,0.0,0.13666666666666671,0.2823920265780731,Rejected,0.5855999999999999,0.06162294081757169
Male,0.0,Graduate,Yes,0.08247422680412371,0.06377551020408163,0.5555555555555556,0.5266666666666668,0.062015503875969,Approved,0.5199999999999998,0.28330282692698794
Male,0.6000000000000001,Graduate,No,0.5463917525773195,0.288265306122449,0.2222222222222222,0.7416666666666667,0.38981173864894797,Approved,0.24359999999999993,0.4716290420988407
Male,1.0,Graduate,No,0.12371134020618556,0.07908163265306123,0.2222222222222222,0.6616666666666668,0.09191583610188261,Rejected,0.37159999999999993,0.36790726052471023
Male,0.8,Graduate,No,0.36082474226804123,0.30612244897959184,0.2222222222222222,0.10666666666666669,0.30786267995570327,Rejected,0.7296,0.3138092332723206
Male,0.4,Not Graduate,Yes,0.1958762886597938,0.1683673469387755,0.0,0.44333333333333336,0.12070874861572538,Rejected,0.7143999999999999,0.18059792556436852
Female,0.8,Not Graduate,No,0.6185567010309277,0.5510204081632653,0.5555555555555556,0.27,0.3975636766334441,Rejected,0.8128,0.18466544641041285
Female,0.0,Not Graduate,No,0.9381443298969072,0.8061224489795918,0.0,0.05166666666666675,0.5492801771871539,Approved,0.772,0.16615822656091114
Male,0.6000000000000001,Not Graduate,Yes,0.5051546391752577,0.25510204081632654,0.5555555555555556,0.8983333333333334,0.40531561461794025,Approved,0.20799999999999996,0.5779947122229002
Male,0.0,Graduate,Yes,0.7010309278350515,0.3494897959183674,0.1111111111111111,0.6700000000000002,0.4507198228128461,Approved,0.19999999999999996,0.4445800284726459
Male,0.6000000000000001,Graduate,Yes,0.5257731958762886,0.4489795918367347,0.0,0.4666666666666667,0.34772978959025475,Rejected,0.7507999999999999,0.20886719544437668
Male,0.6000000000000001,Graduate,No,0.07216494845360825,0.06377551020408163,0.4444444444444445,0.43333333333333335,0.06423034330011074,Rejected,0.6444000000000001,0.29774252593044537
Female,0.8,Not Graduate,Yes,0.9484536082474226,0.6479591836734694,0.6666666666666665,0.9083333333333334,0.7718715393133999,Approved,0.49360000000000004,0.40227781167378485
Male,0.8,Not Graduate,Yes,0.24742268041237112,0.20918367346938774,0.1111111111111111,0.15333333333333332,0.18715393133997787,Rejected,0.7076,0.2613382143583487
Female,0.4,Graduate,No,0.13402061855670103,0.11734693877551021,0.7777777777777777,0.14500000000000002,0.07641196013289037,Rejected,0.7067999999999999,0.15049827130364044
Male,0.2,Graduate,Yes,0.16494845360824742,0.15306122448979592,0.5555555555555556,0.7483333333333335,0.11627906976744187,Approved,0.8,0.19930852145617248
Female,0.6000000000000001,Graduate,Yes,0.7835051546391752,0.5025510204081632,0.6666666666666665,0.7116666666666667,0.4130675526024364,Approved,0.4256,0.2308318080130161
Male,0.6000000000000001,Graduate,Yes,0.1958762886597938,0.18112244897959182,0.6666666666666665,0.5933333333333335,0.15060908084163901,Rejected,0.8096000000000001,0.23225544030913162
Male,0.0,Not Graduate,Yes,0.8350515463917525,0.4387755102040817,1.0,0.5716666666666668,0.6334440753045405,Approved,0.24319999999999997,0.5167785234899329
Female,0.4,Not Graduate,Yes,0.4329896907216495,0.42091836734693877,0.1111111111111111,0.011666666666666714,0.3887043189368771,Rejected,0.9272,0.27720154565792154
Male,0.4,Not Graduate,No,0.21649484536082472,0.11989795918367348,0.7777777777777777,0.4800000000000001,0.15060908084163901,Rejected,0.26959999999999995,0.4169208867195444
Male,0.6000000000000001,Graduate,Yes,0.7731958762886597,0.5612244897959183,1.0,0.9916666666666667,0.7541528239202658,Approved,0.5584,0.47223917022574746
Male,0.0,Not Graduate,Yes,0.9381443298969072,0.7423469387755102,0.4444444444444445,0.08500000000000008,0.8028792912513844,Approved,0.6644000000000001,0.351840553182835
Female,1.0,Not Graduate,No,0.5876288659793814,0.41071428571428575,0.5555555555555556,0.9850000000000001,0.4928017718715394,Approved,0.5119999999999998,0.404311572096807
Male,1.0,Not Graduate,Yes,0.17525773195876287,0.11734693877551021,0.1111111111111111,0.2366666666666667,0.1284606866002215,Rejected,0.4316,0.3455358958714664
Male,0.0,Not Graduate,No,0.6907216494845361,0.489795918367347,1.0,0.6433333333333333,0.3676633444075305,Approved,0.5304,0.197884889160057
Female,0.8,Graduate,Yes,0.1958762886597938,0.20153061224489796,1.0,0.22000000000000008,0.14507198228128462,Rejected,0.962,0.18222493390278624
Female,0.0,Not Graduate,No,0.8247422680412371,0.5255102040816326,0.6666666666666665,0.7766666666666668,0.5182724252491695,Approved,0.4196,0.30669107179174293
Female,0.8,Not Graduate,No,0.7731958762886597,0.43112244897959184,0.2222222222222222,0.43500000000000005,0.363233665559247,Rejected,0.29359999999999997,0.23998372991661585
Male,1.0,Not Graduate,No,0.7731958762886597,0.4770408163265306,0.0,0.39833333333333343,0.5703211517165007,Rejected,0.3872,0.40309131584299374
Male,0.2,Graduate,No,0.05154639175257732,0.028061224489795915,0.2222222222222222,0.7650000000000001,0.0487264673311185,Rejected,0.19999999999999996,0.5448444173276388
Male,1.0,Graduate,No,0.7113402061855669,0.4566326530612245,0.3333333333333333,0.75,0.6046511627906977,Approved,0.4252,0.4620703681106365
Female,0.4,Graduate,No,0.3814432989690722,0.3392857142857143,0.4444444444444445,0.1216666666666667,0.26799557032115173,Rejected,0.7948,0.21537522879804757
Male,0.2,Not Graduate,Yes,0.5154639175257731,0.5153061224489796,0.4444444444444445,0.17833333333333334,0.2890365448504984,Rejected,0.9768000000000001,0.1104331909701037
Male,0.8,Not Graduate,No,0.5463917525773195,0.5076530612244897,0.6666666666666665,0.5183333333333333,0.45736434108527135,Rejected,0.8692,0.26723611958511295
Female,0.6000000000000001,Graduate,No,0.24742268041237112,0.15306122448979592,0.4444444444444445,0.8050000000000002,0.194905869324474,Rejected,0.3692,0.4285133211307709
Female,0.0,Not Graduate,Yes,0.7319587628865979,0.6045918367346939,0.8888888888888888,0.585,0.44739756367663347,Approved,0.7151999999999998,0.19320724018710597
Female,0.6000000000000001,Graduate,No,0.8762886597938144,0.7857142857142857,0.7777777777777777,0.7666666666666668,0.2868217054263566,Approved,0.8300000000000001,0.019524100061012822
Female,0.6000000000000001,Graduate,No,0.9072164948453608,0.5714285714285714,0.7777777777777777,0.8216666666666668,0.7098560354374308,Approved,0.40879999999999983,0.42525930445393534
Female,0.8,Graduate,No,0.020618556701030927,0.012755102040816325,0.7777777777777777,0.6416666666666668,0.025470653377630124,Rejected,0.19999999999999996,0.5338621110433192
Male,0.4,Not Graduate,Yes,0.3195876288659794,0.2653061224489796,0.3333333333333333,0.8433333333333335,0.24695459579180512,Approved,0.6968000000000001,0.2788285539963392
Female,0.2,Not Graduate,No,0.6288659793814433,0.44642857142857145,0.5555555555555556,0.7833333333333334,0.318936877076412,Approved,0.53,0.18100467764897296
Male,0.0,Not Graduate,No,0.7010309278350515,0.5943877551020408,0.6666666666666665,0.605,0.5647840531561462,Approved,0.7484,0.2904209884075656
Male,0.4,Graduate,Yes,0.1958762886597938,0.1989795918367347,0.1111111111111111,0.4866666666666667,0.16279069767441862,Rejected,0.9428000000000001,0.22656091112466956
Female,0.6000000000000001,Not Graduate,No,0.7628865979381443,0.6632653061224489,0.8888888888888888,0.4666666666666667,0.7076411960132891,Approved,0.7844,0.3447223917022575
Female,0.2,Graduate,No,0.8247422680412371,0.4387755102040817,0.1111111111111111,0.5150000000000001,0.4595791805094131,Approved,0.25359999999999994,0.3343502135448445
Female,0.6000000000000001,Not Graduate,Yes,0.9278350515463917,0.5841836734693877,0.3333333333333333,0.13333333333333341,0.5891472868217055,Approved,0.40879999999999983,0.3172666259914583
Male,0.6000000000000001,Graduate,No,0.3711340206185567,0.3010204081632653,1.0,0.10666666666666669,0.25913621262458475,Rejected,0.6736,0.24750864348179788
Female,0.2,Graduate,No,0.30927835051546393,0.2193877551020408,0.5555555555555556,0.9433333333333334,0.19601328903654489,Approved,0.5124,0.26113483831604634
Female,0.8,Not Graduate,No,0.979381443298969,0.8010204081632653,0.4444444444444445,0.07000000000000006,0.5437430786267996,Rejected,0.7071999999999998,0.16514134634940006
Female,1.0,Graduate,No,0.4639175257731959,0.35969387755102045,0.7777777777777777,0.9733333333333334,0.29900332225913623,Approved,0.6255999999999999,0.23449257677445598
Female,0.8,Graduate,Yes,0.3711340206185567,0.3112244897959184,0.8888888888888888,0.9316666666666669,0.21040974529346626,Approved,0.7156,0.1631075859263779
Female,0.8,Graduate,No,0.020618556701030927,0.017857142857142856,1.0,0.6533333333333333,0.025470653377630124,Rejected,0.3999999999999999,0.39658328248932284
Male,0.8,Not Graduate,Yes,0.30927835051546393,0.16581632653061223,0.7777777777777777,0.625,0.22480620155038764,Rejected,0.25,0.46654464104128535
Male,1.0,Graduate,Yes,0.3814432989690722,0.3163265306122449,0.3333333333333333,0.9766666666666668,0.3233665559246955,Approved,0.7023999999999999,0.32153752287980475
Male,0.2,Graduate,Yes,0.3402061855670103,0.326530612244898,0.4444444444444445,0.29500000000000004,0.2170542635658915,Rejected,0.8972,0.15802318486882247
Female,0.4,Graduate,No,0.20618556701030927,0.20408163265306123,0.2222222222222222,0.4933333333333334,0.194905869324474,Rejected,0.9092,0.28859060402684567
Female,0.8,Not Graduate,No,0.6391752577319587,0.49489795918367346,1.0,0.16666666666666674,0.37984496124031014,Rejected,0.6312,0.20561317876754118
Female,0.6000000000000001,Graduate,No,0.9175257731958762,0.5,0.0,0.685,0.6312292358803987,Approved,0.27479999999999993,0.43400447427293065
Male,0.0,Not Graduate,Yes,0.3195876288659794,0.2193877551020408,0.0,0.19666666666666666,0.2524916943521595,Rejected,0.4787999999999999,0.3776693105552167
Female,0.6000000000000001,Graduate,No,0.7835051546391752,0.548469387755102,0.3333333333333333,0.3616666666666667,0.45404208194905876,Approved,0.518,0.23367907260524715
Female,0.0,Not Graduate,Yes,0.6185567010309277,0.4056122448979592,0.2222222222222222,0.3466666666666667,0.398671096345515,Approved,0.44520000000000004,0.3044539353264185
Female,0.6000000000000001,Not Graduate,Yes,0.7010309278350515,0.6581632653061225,0.8888888888888888,0.6483333333333334,0.5415282392026579,Approved,0.8916,0.23164531218222498
Male,0.0,Graduate,No,0.9278350515463917,0.711734693877551,0.5555555555555556,0.2583333333333334,0.7286821705426357,Approved,0.6259999999999999,0.32499491559894245
Female,1.0,Not Graduate,Yes,0.7525773195876289,0.5229591836734694,0.2222222222222222,0.5283333333333333,0.45847176079734225,Rejected,0.5092000000000001,0.2562538133007931
Male,0.4,Graduate,No,0.5257731958762886,0.32908163265306123,0.4444444444444445,0.33333333333333337,0.41417497231450723,Approved,0.3964,0.4299369534268863
Female,1.0,Not Graduate,Yes,0.6804123711340205,0.5739795918367346,0.6666666666666665,0.13666666666666671,0.5027685492801772,Rejected,0.7412000000000001,0.25605043725849097
Male,0.2,Not Graduate,No,0.7938144329896907,0.5229591836734694,0.8888888888888888,0.3966666666666667,0.6622369878183832,Approved,0.45320000000000005,0.4360382346959528
Male,0.0,Not Graduate,Yes,0.6185567010309277,0.37244897959183676,0.3333333333333333,0.925,0.32225913621262464,Approved,0.36119999999999997,0.2501525320317267
Male,0.2,Graduate,No,0.08247422680412371,0.06887755102040817,0.8888888888888888,0.5233333333333334,0.08305647840531562,Rejected,0.6000000000000001,0.3829570876550742
Female,0.4,Graduate,Yes,0.7835051546391752,0.6403061224489796,0.4444444444444445,0.3550000000000001,0.6157253599114065,Approved,0.7023999999999999,0.29591214154972545
Female,1.0,Graduate,Yes,0.288659793814433,0.21683673469387754,0.6666666666666665,0.17000000000000004,0.25802879291251385,Rejected,0.5731999999999999,0.3951596501932073
Male,1.0,Graduate,Yes,0.5670103092783505,0.375,1.0,0.865,0.469545957918051,Approved,0.4528000000000001,0.427699816961562
Male,0.8,Not Graduate,No,0.6597938144329897,0.6403061224489796,0.5555555555555556,0.5366666666666666,0.4396456256921374,Rejected,0.9392,0.16859873906853776
Female,0.8,Graduate,Yes,0.7113402061855669,0.4566326530612245,0.1111111111111111,0.8166666666666667,0.43632336655592474,Approved,0.4252,0.2922513727882855
Female,0.6000000000000001,Graduate,Yes,0.1134020618556701,0.11479591836734694,0.6666666666666665,0.8466666666666667,0.12513842746400888,Approved,0.8768,0.3432987594061421
Male,0.4,Not Graduate,No,0.5154639175257731,0.42091836734693877,0.8888888888888888,0.11499999999999999,0.41417497231450723,Rejected,0.6923999999999999,0.30506406345332526
Female,0.6000000000000001,Graduate,No,0.556701030927835,0.5102040816326531,0.1111111111111111,0.050000000000000044,0.4462901439645626,Rejected,0.8500000000000001,0.2552369330892821
Female,0.4,Graduate,No,0.7113402061855669,0.413265306122449,0.6666666666666665,0.9283333333333335,0.4507198228128461,Approved,0.3295999999999999,0.35407768964815944
Female,0.4,Graduate,No,0.5051546391752577,0.4795918367346939,0.3333333333333333,0.2616666666666667,0.46400885935769665,Approved,0.8980000000000001,0.2979459019727476
Female,0.6000000000000001,Not Graduate,Yes,0.7628865979381443,0.7397959183673469,0.3333333333333333,0.905,0.6434108527131783,Approved,0.942,0.2536099247508644
Male,0.0,Graduate,Yes,0.23711340206185563,0.13010204081632654,0.2222222222222222,0.2716666666666667,0.16611295681063126,Approved,0.264,0.42749644091925965
Female,0.6000000000000001,Graduate,No,0.6907216494845361,0.5739795918367346,0.7777777777777777,0.4700000000000001,0.5249169435215948,Rejected,0.7216,0.27374415293878385
Female,0.0,Graduate,No,0.29896907216494845,0.15816326530612243,0.0,0.15166666666666673,0.17497231450719825,Rejected,0.2387999999999999,0.3542810656904617
Male,0.4,Graduate,Yes,0.979381443298969,0.8877551020408163,1.0,0.52,0.788482834994463,Approved,0.8476000000000001,0.2623550945698597
Male,0.0,Not Graduate,Yes,0.5773195876288659,0.3137755102040817,0.0,0.9316666666666669,0.4817275747508306,Approved,0.26880000000000004,0.5560300996542608
Female,0.8,Not Graduate,No,0.7628865979381443,0.4668367346938776,0.8888888888888888,0.7983333333333333,0.43743078626799564,Approved,0.3788,0.28370957901159244
Female,1.0,Not Graduate,No,0.05154639175257732,0.06377551020408163,0.0,0.43500000000000005,0.0398671096345515,Rejected,1.0,0.13809233272320523
Female,0.6000000000000001,Graduate,No,0.21649484536082472,0.13520408163265304,0.8888888888888888,0.20000000000000007,0.11406423034330011,Rejected,0.374,0.23611958511287376
Female,0.6000000000000001,Not Graduate,No,0.14432989690721648,0.07653061224489796,0.3333333333333333,0.5150000000000001,0.124031007751938,Rejected,0.2247999999999999,0.5623347569656295
Male,0.8,Not Graduate,No,0.8144329896907216,0.48469387755102045,0.6666666666666665,0.8683333333333334,0.6500553709856036,Approved,0.35319999999999996,0.4702054098027252
Male,0.2,Graduate,No,0.7731958762886597,0.4285714285714286,0.6666666666666665,0.5050000000000001,0.6666666666666667,Approved,0.2884,0.5682326621923938
Male,0.8,Graduate,No,0.13402061855670103,0.07908163265306123,0.4444444444444445,0.7966666666666669,0.10963455149501662,Rejected,0.30679999999999996,0.46349400040675204
Female,0.6000000000000001,Not Graduate,No,0.7422680412371133,0.5918367346938775,0.0,0.2666666666666667,0.7475083056478407,Rejected,0.6704000000000001,0.4350213544844417
Female,0.8,Not Graduate,Yes,0.8969072164948453,0.6836734693877551,0.8888888888888888,0.1050000000000001,0.6101882613510521,Rejected,0.6179999999999999,0.2639821029082774
Female,0.0,Graduate,No,0.2268041237113402,0.12755102040816327,0.7777777777777777,0.30333333333333334,0.22480620155038764,Rejected,0.2832,0.6418547895057962
Female,1.0,Graduate,No,0.556701030927835,0.5102040816326531,0.1111111111111111,0.7866666666666668,0.41417497231450723,Rejected,0.8500000000000001,0.2261541590400651
Male,0.8,Graduate,No,0.5876288659793814,0.35969387755102045,0.2222222222222222,0.7416666666666667,0.43743078626799564,Approved,0.37639999999999985,0.41102298149278016
Male,0.2,Graduate,No,0.14432989690721648,0.07653061224489796,0.0,0.3550000000000001,0.08970099667774087,Rejected,0.2247999999999999,0.37136465324384793
Female,1.0,Not Graduate,No,0.09278350515463918,0.09438775510204082,0.0,0.10333333333333339,0.08084163898117387,Rejected,0.8544,0.23896684970510476
Male,0.4,Graduate,Yes,0.6597938144329897,0.645408163265306,0.2222222222222222,0.7333333333333334,0.44850498338870437,Approved,0.9516,0.1724628838722799
Female,0.6000000000000001,Graduate,No,0.8969072164948453,0.6147959183673469,0.4444444444444445,0.79,0.6157253599114065,Approved,0.4967999999999999,0.31421598535692497
Female,0.2,Graduate,Yes,0.6391752577319587,0.41071428571428575,1.0,0.42500000000000004,0.3942414174972315,Approved,0.42479999999999984,0.2938783811267033
Male,0.8,Not Graduate,Yes,0.8247422680412371,0.43367346938775514,0.5555555555555556,0.4800000000000001,0.398671096345515,Approved,0.24399999999999988,0.2753711612772016
Female,0.2,Graduate,No,0.03092783505154639,0.025510204081632654,0.6666666666666665,0.5316666666666667,0.04097452934662237,Rejected,0.43999999999999995,0.4889160056945292
Female,0.0,Graduate,No,0.979381443298969,0.798469387755102,0.8888888888888888,0.5116666666666667,0.7940199335548174,Approved,0.7032,0.31157209680699616
Male,0.6000000000000001,Not Graduate,Yes,0.7113402061855669,0.41836734693877553,0.1111111111111111,0.2250000000000001,0.45847176079734225,Approved,0.3407999999999999,0.3565182021557861
Female,0.8,Not Graduate,Yes,0.12371134020618556,0.07908163265306123,0.6666666666666665,0.8916666666666668,0.09966777408637874,Rejected,0.37159999999999993,0.4098027252389669
Female,0.2,Not Graduate,No,0.7216494845360825,0.7091836734693877,0.6666666666666665,0.7783333333333333,0.5703211517165007,Approved,0.9612,0.22310351840553186
Male,0.2,Graduate,Yes,0.845360824742268,0.6607142857142857,0.6666666666666665,0.5716666666666668,0.6124031007751939,Approved,0.6476000000000002,0.27984543420785035
Female,0.8,Not Graduate,No,0.422680412371134,0.3469387755102041,0.0,0.99,0.24031007751937988,Rejected,0.6932,0.17083587553386212
Male,0.0,Not Graduate,Yes,0.8865979381443299,0.7525510204081632,0.3333333333333333,0.07166666666666666,0.7751937984496124,Approved,0.7544,0.3278421801911735
Female,0.8,Not Graduate,No,0.3917525773195876,0.3775510204081633,0.3333333333333333,0.8333333333333335,0.35215946843853824,Rejected,0.9099999999999999,0.28106569046166363
Male,0.6000000000000001,Not Graduate,Yes,0.6907216494845361,0.4489795918367347,0.8888888888888888,0.32333333333333336,0.47176079734219273,Approved,0.4376,0.3359772218832622
Male,0.8,Graduate,No,0.9690721649484536,0.8341836734693877,0.6666666666666665,0.06000000000000005,0.5415282392026579,Rejected,0.7752000000000001,0.15131177547284932
Male,0.4,Not Graduate,No,0.6907216494845361,0.413265306122449,0.7777777777777777,0.8083333333333333,0.6478405315614618,Approved,0.35639999999999994,0.5735204392922514
Female,0.2,Not Graduate,Yes,0.3505154639175258,0.33418367346938777,0.7777777777777777,0.72,0.24473975636766337,Approved,0.8888,0.18893634329875944
Male,0.4,Not Graduate,No,0.17525773195876287,0.10969387755102042,0.5555555555555556,0.4783333333333334,0.10852713178294573,Rejected,0.36839999999999984,0.2983526540573521
Male,0.6000000000000001,Not Graduate,Yes,0.979381443298969,0.7780612244897959,0.8888888888888888,0.28500000000000003,0.7065337763012183,Approved,0.6699999999999999,0.2713036404311573
Male,0.4,Not Graduate,No,0.10309278350515465,0.09693877551020409,0.3333333333333333,0.32833333333333337,0.08859357696567,Rejected,0.7667999999999999,0.26418547895057964
Male,0.2,Not Graduate,No,0.020618556701030927,0.033163265306122444,0.7777777777777777,0.8066666666666666,0.021040974529346626,Rejected,1.0,0.13992271710392515
Male,0.4,Graduate,No,0.6597938144329897,0.5408163265306122,0.8888888888888888,0.28500000000000003,0.49833887043189373,Rejected,0.7032,0.2769981696156193
Female,0.4,Graduate,No,0.13402061855670103,0.07653061224489796,0.1111111111111111,0.7716666666666667,0.079734219269103,Rejected,0.28,0.31584299369534274
Female,0.8,Not Graduate,No,0.3402061855670103,0.2346938775510204,0.0,0.5916666666666668,0.31672203765227025,Rejected,0.48560000000000003,0.46837502542200526
Female,0.6000000000000001,Not Graduate,Yes,0.3917525773195876,0.211734693877551,0.1111111111111111,0.6116666666666668,0.40088593576965675,Approved,0.2599999999999999,0.7130364043115722
Female,0.6000000000000001,Not Graduate,No,0.4020618556701031,0.3520408163265306,0.3333333333333333,0.11166666666666669,0.17165005537098563,Rejected,0.7756000000000001,0.07687614399023793
Female,0.8,Graduate,No,0.5773195876288659,0.4642857142857143,0.7777777777777777,0.22666666666666668,0.33333333333333337,Rejected,0.6759999999999999,0.18283506202969294
Female,0.8,Graduate,Yes,0.8659793814432989,0.586734693877551,0.5555555555555556,0.8083333333333333,0.5559246954595792,Approved,0.48360000000000003,0.2892007321537523
Female,0.4,Graduate,No,0.443298969072165,0.28316326530612246,0.4444444444444445,0.14666666666666672,0.34772978959025475,Rejected,0.4132,0.4146837502542201
Male,0.4,Graduate,Yes,0.9999999999999999,0.9438775510204082,0.3333333333333333,0.14166666666666672,0.47286821705426363,Approved,0.9072,0.08236729713239782
Female,0.2,Not Graduate,Yes,0.30927835051546393,0.1989795918367347,0.4444444444444445,0.6166666666666667,0.2613510520487265,Approved,0.4124000000000001,0.45007118161480586
Male,1.0,Graduate,Yes,0.8969072164948453,0.4795918367346939,1.0,0.04833333333333334,0.7065337763012183,Rejected,0.25839999999999996,0.5310148464510881
Male,1.0,Not Graduate,Yes,0.1958762886597938,0.11734693877551021,0.5555555555555556,0.585,0.13399778516057587,Rejected,0.33320000000000005,0.36628025218629245
Female,0.2,Graduate,No,0.7113402061855669,0.6556122448979591,0.7777777777777777,0.7116666666666667,0.4562569213732005,Approved,0.8648,0.17286963595688434
Male,0.4,Graduate,Yes,0.7835051546391752,0.7295918367346939,0.6666666666666665,0.5766666666666667,0.35326688815060914,Approved,0.8820000000000001,0.07484238356721581
Male,0.6000000000000001,Not Graduate,Yes,0.8659793814432989,0.5841836734693877,0.5555555555555556,0.99,0.7674418604651163,Approved,0.47919999999999985,0.4584095993491967
Male,0.6000000000000001,Graduate,Yes,0.5051546391752577,0.4260204081632653,0.4444444444444445,0.29500000000000004,0.2724252491694352,Rejected,0.7332000000000001,0.14663412649989835
Male,1.0,Not Graduate,No,0.04123711340206186,0.04336734693877551,1.0,0.8516666666666668,0.031007751937984503,Rejected,0.7332000000000001,0.17286963595688434
Female,0.0,Graduate,Yes,0.6597938144329897,0.5331632653061225,0.8888888888888888,0.1283333333333334,0.3820598006644519,Approved,0.6848000000000001,0.18222493390278624
Female,0.0,Not Graduate,Yes,0.4639175257731959,0.4260204081632653,0.8888888888888888,0.8366666666666667,0.28017718715393136,Approved,0.8468,0.15497254423428922
Female,0.4,Graduate,Yes,0.7731958762886597,0.49489795918367346,0.6666666666666665,0.9750000000000001,0.7098560354374308,Approved,0.4231999999999998,0.5133211307707952
Female,0.8,Graduate,Yes,0.6391752577319587,0.5510204081632653,0.2222222222222222,0.2283333333333334,0.5016611295681064,Rejected,0.7688000000000001,0.27191376855806393
Female,0.4,Graduate,No,0.09278350515463918,0.05612244897959184,1.0,0.5250000000000001,0.08527131782945736,Rejected,0.30920000000000003,0.5064063453325199
Female,0.4,Not Graduate,No,0.8969072164948453,0.44642857142857145,1.0,0.5050000000000001,0.6932447397563677,Approved,0.19999999999999996,0.5672157819808827
Female,0.0,Not Graduate,Yes,0.1958762886597938,0.20408163265306123,1.0,0.7750000000000001,0.14285714285714288,Approved,0.9807999999999999,0.17327638804148873
Female,0.8,Not Graduate,Yes,0.21649484536082472,0.14030612244897958,0.3333333333333333,0.28166666666666673,0.22369878183831676,Rejected,0.40879999999999983,0.5698596705308115
Female,0.6000000000000001,Graduate,No,0.8350515463917525,0.4438775510204082,0.7777777777777777,0.9133333333333333,0.39645625692137326,Approved,0.2532,0.26337197478137075
Female,0.8,Graduate,No,0.07216494845360825,0.06122448979591837,1.0,0.04500000000000004,0.05094130675526025,Rejected,0.6000000000000001,0.22412039861704294
Male,0.6000000000000001,Not Graduate,Yes,0.9278350515463917,0.8852040816326531,0.1111111111111111,0.6933333333333334,0.6190476190476191,Approved,0.9216,0.17470002033760426
Female,0.6000000000000001,Graduate,No,0.9896907216494845,0.7142857142857143,0.0,0.6916666666666667,0.7386489479512736,Approved,0.5551999999999999,0.3296725645718934
Male,0.0,Not Graduate,No,0.0,0.007653061224489796,0.5555555555555556,0.6383333333333334,0.006644518272425249,Rejected,0.6000000000000001,0.18649583079113283
Male,0.4,Not Graduate,Yes,0.30927835051546393,0.23979591836734693,0.2222222222222222,0.7283333333333335,0.2513842746400886,Rejected,0.6124,0.3317063249949156
Male,1.0,Not Graduate,No,0.7835051546391752,0.6811224489795918,0.2222222222222222,0.7133333333333334,0.4761904761904762,Rejected,0.7848000000000002,0.17429326825299982
Male,0.2,Graduate,No,0.8350515463917525,0.7576530612244897,0.8888888888888888,0.08333333333333337,0.6245847176079735,Approved,0.8455999999999999,0.2324588163514338
Female,0.2,Graduate,Yes,0.1958762886597938,0.125,0.6666666666666665,0.8366666666666667,0.1018826135105205,Approved,0.39039999999999997,0.22290014236322966
Male,1.0,Not Graduate,Yes,0.020618556701030927,0.028061224489795915,0.1111111111111111,0.30500000000000005,0.025470653377630124,Rejected,0.8,0.23978035387431365
Female,0.6000000000000001,Graduate,Yes,0.7731958762886597,0.548469387755102,0.8888888888888888,0.6400000000000001,0.23698781838316726,Approved,0.5324,0.05084401057555421
Female,0.8,Graduate,Yes,0.556701030927835,0.413265306122449,1.0,0.6533333333333333,0.5238095238095238,Approved,0.5784,0.4354281065690462
Male,0.0,Graduate,No,0.845360824742268,0.7831632653061225,0.1111111111111111,0.8050000000000002,0.7685492801771873,Approved,0.8759999999999999,0.30547081553792965
Female,0.6000000000000001,Graduate,Yes,0.1134020618556701,0.10204081632653061,0.8888888888888888,0.18666666666666676,0.08305647840531562,Rejected,0.7231999999999998,0.2210697579825097
Male,0.0,Not Graduate,No,0.8762886597938144,0.7627551020408163,0.4444444444444445,0.245,0.6965669988925803,Approved,0.7884,0.27374415293878385
Male,0.0,Not Graduate,No,0.2577319587628866,0.20663265306122447,0.6666666666666665,0.5166666666666668,0.12513842746400888,Rejected,0.6444000000000001,0.13077079520032545
Female,1.0,Graduate,Yes,0.061855670103092786,0.03826530612244898,0.3333333333333333,0.9683333333333335,0.044296788482835,Rejected,0.29999999999999993,0.34451901565995524
Female,1.0,Graduate,Yes,0.3711340206185567,0.25510204081632654,0.7777777777777777,0.51,0.24141749723145076,Rejected,0.48439999999999994,0.2857433394346146
Male,1.0,Graduate,Yes,0.05154639175257732,0.058673469387755105,0.0,0.9483333333333335,0.03433001107419713,Rejected,0.8855999999999999,0.12121212121212124
Female,0.8,Graduate,Yes,0.020618556701030927,0.028061224489795915,0.0,0.32666666666666677,0.018826135105204873,Rejected,0.8,0.1525320317266626
Female,0.2,Graduate,Yes,0.30927835051546393,0.22959183673469388,0.2222222222222222,0.30500000000000005,0.2170542635658915,Approved,0.5624,0.2849298352654057
Female,0.6000000000000001,Graduate,No,0.7525773195876289,0.5586734693877551,0.3333333333333333,0.7350000000000001,0.46179401993355484,Approved,0.5839999999999999,0.23306894447834045
Male,0.4,Not Graduate,No,0.36082474226804123,0.33673469387755106,0.1111111111111111,0.8666666666666667,0.2790697674418605,Rejected,0.8595999999999999,0.23306894447834045
Male,1.0,Graduate,No,0.3195876288659794,0.22448979591836735,0.8888888888888888,0.6616666666666668,0.2668881506090809,Rejected,0.5031999999999999,0.39495627415090506
Female,0.2,Graduate,Yes,0.0,0.005102040816326531,1.0,0.6883333333333335,0.0044296788482835,Approved,0.3999999999999999,0.17286963595688434
Female,0.2,Not Graduate,No,0.7113402061855669,0.4260204081632653,0.2222222222222222,0.7566666666666668,0.3875968992248062,Approved,0.35760000000000003,0.2708968883465528
Female,0.6000000000000001,Not Graduate,Yes,0.13402061855670103,0.12244897959183675,0.6666666666666665,0.895,0.10409745293466224,Rejected,0.76,0.23835672157819812
Female,0.0,Not Graduate,No,0.288659793814433,0.15816326530612243,0.0,0.6516666666666668,0.25802879291251385,Approved,0.2667999999999999,0.5889770185072198
Female,0.6000000000000001,Graduate,Yes,0.17525773195876287,0.12755102040816327,0.5555555555555556,0.22666666666666668,0.14396456256921375,Rejected,0.5156000000000001,0.3616026032133415
Male,0.0,Not Graduate,No,0.9175257731958762,0.7602040816326531,0.3333333333333333,0.036666666666666736,0.6644518272425249,Approved,0.7231999999999998,0.2556436851738866
Female,0.0,Not Graduate,No,0.20618556701030927,0.18367346938775508,0.0,0.05500000000000005,0.12513842746400888,Rejected,0.7635999999999998,0.16473459426479561
Male,0.0,Not Graduate,Yes,0.845360824742268,0.5790816326530612,0.6666666666666665,0.2583333333333334,0.5825027685492803,Approved,0.49519999999999986,0.3160463697376449
Female,0.2,Graduate,Yes,0.020618556701030927,0.01020408163265306,0.4444444444444445,0.8116666666666668,0.032115171650055375,Approved,0.09999999999999998,0.8061826316859875
Male,0.4,Graduate,Yes,0.556701030927835,0.39540816326530615,0.7777777777777777,0.7466666666666668,0.4208194905869325,Approved,0.5284,0.3416717510677243
Female,1.0,Not Graduate,Yes,0.8247422680412371,0.6836734693877551,0.1111111111111111,0.5716666666666668,0.5326688815060908,Rejected,0.722,0.2115110839943055
Male,0.0,Not Graduate,Yes,0.14432989690721648,0.07908163265306123,0.3333333333333333,0.9450000000000001,0.08637873754152824,Approved,0.25,0.33801098230628435
Female,0.6000000000000001,Not Graduate,No,0.16494845360824742,0.13520408163265304,1.0,0.9333333333333333,0.09302325581395349,Rejected,0.6444000000000001,0.16697173073011998
Male,1.0,Not Graduate,Yes,0.6494845360824741,0.6020408163265306,0.0,0.3450000000000001,0.37873754152823924,Rejected,0.8708,0.14195647752694732
Male,0.2,Graduate,Yes,0.29896907216494845,0.28571428571428575,0.1111111111111111,0.9516666666666667,0.15725359911406425,Approved,0.8839999999999999,0.10575554199715273
Male,0.6000000000000001,Not Graduate,No,0.29896907216494845,0.2423469387755102,0.5555555555555556,0.8666666666666667,0.2934662236987819,Approved,0.6644000000000001,0.40573520439292254
Male,0.8,Graduate,Yes,0.5257731958762886,0.3622448979591837,0.1111111111111111,0.08666666666666667,0.3444075304540421,Rejected,0.49439999999999995,0.2892007321537523
Male,0.8,Graduate,No,0.09278350515463918,0.09438775510204082,0.6666666666666665,0.9783333333333335,0.10299003322259137,Rejected,0.8544,0.34065487085621315
Male,0.2,Graduate,Yes,0.5979381443298969,0.33418367346938777,0.5555555555555556,0.7183333333333335,0.36987818383167226,Approved,0.2932,0.3603823469595281
Female,0.0,Graduate,Yes,0.6082474226804123,0.364795918367347,0.8888888888888888,0.5750000000000002,0.46400885935769665,Approved,0.35719999999999985,0.43664836282285946
Male,0.6000000000000001,Not Graduate,No,0.4020618556701031,0.3520408163265306,0.4444444444444445,0.0,0.22037652270210412,Rejected,0.7756000000000001,0.1403294691885296
Female,1.0,Graduate,Yes,0.7010309278350515,0.6607142857142857,0.5555555555555556,0.9933333333333334,0.5382059800664453,Approved,0.8972,0.22778116737848284
Female,0.0,Not Graduate,Yes,0.8969072164948453,0.6989795918367346,0.2222222222222222,0.12,0.8028792912513844,Approved,0.6448,0.38275371161277205
Female,0.8,Graduate,No,0.4742268041237114,0.29846938775510207,0.2222222222222222,0.2350000000000001,0.3399778516057586,Rejected,0.3999999999999999,0.3746186699206834
Female,0.6000000000000001,Graduate,Yes,0.7422680412371133,0.45918367346938777,0.1111111111111111,0.08000000000000007,0.6002214839424143,Approved,0.3891999999999999,0.45434207850315234
Female,0.0,Graduate,No,0.979381443298969,0.6938775510204082,0.8888888888888888,0.07166666666666666,0.6389811738648948,Approved,0.534,0.27720154565792154
Male,1.0,Graduate,Yes,0.979381443298969,0.5688775510204082,0.7777777777777777,0.07666666666666666,0.8394241417497232,Approved,0.33199999999999996,0.5332519829164124
Male,0.0,Not Graduate,Yes,0.443298969072165,0.28571428571428575,0.6666666666666665,0.3483333333333334,0.40531561461794025,Approved,0.4223999999999999,0.5017286963595688
Male,1.0,Graduate,No,0.8865979381443299,0.7397959183673469,0.4444444444444445,0.43333333333333335,0.7895902547065339,Approved,0.732,0.345129143786862
Female,0.6000000000000001,Graduate,Yes,0.288659793814433,0.18367346938775508,0.2222222222222222,0.9683333333333335,0.15393133997785163,Approved,0.3999999999999999,0.23530608094366487
Male,1.0,Graduate,No,0.1134020618556701,0.06887755102040817,1.0,0.4,0.08859357696567,Rejected,0.32319999999999993,0.4169208867195444
Male,0.6000000000000001,Graduate,No,0.49484536082474223,0.3163265306122449,0.6666666666666665,0.9416666666666667,0.42303433001107427,Approved,0.4159999999999999,0.4655277608297743
Male,1.0,Graduate,Yes,0.08247422680412371,0.05102040816326531,0.5555555555555556,0.02833333333333332,0.07751937984496124,Rejected,0.31999999999999984,0.5017286963595688
Male,0.0,Not Graduate,Yes,0.3195876288659794,0.2806122448979592,1.0,0.43166666666666675,0.2170542635658915,Approved,0.7696000000000001,0.20744356314826115
Male,0.4,Not Graduate,No,0.6494845360824741,0.6020408163265306,0.8888888888888888,0.2616666666666667,0.42746400885935776,Rejected,0.8708,0.17937766931055524
Female,0.2,Not Graduate,No,0.4020618556701031,0.31887755102040816,0.3333333333333333,0.8,0.3145071982281285,Rejected,0.6488,0.30506406345332526
Male,0.2,Graduate,No,0.9278350515463917,0.75,0.4444444444444445,0.5116666666666667,0.8516057585825029,Approved,0.6912,0.3768558063860078
